Accelerator / Incubator,Website,Country,City,Industries,Founders,Founded Date,Number of Investments,Number of Exits
Y Combinator,http://www.ycombinator.com,United States,Mountain View,Industry Agnostic,"Jessica Livingston, Lucas Thomaz, Paul Graham, Robert Morris, Trevor Blackwell",2005,4129,389
Techstars,https://www.techstars.com,United States,Boulder,Industry Agnostic,"Brad Feld, David Brown, David Cohen, Jared Polis",2006,3421,338
500 Startups,http://500.co,United States,San Francisco,Industry Agnostic,"Christine Tsai, Dave McClure",2010,2676,312
MassChallenge,https://masschallenge.org/,United States,Boston,Industry Agnostic,"Akhil Nigam, Caitlin Reimers Brumme, David Constantine, John Harthorne",2009,2659,139
SOSV,https://sosv.com/,United States,Princeton,Industry Agnostic,Sean O'Sullivan,1994,2127,53
Plug and Play Tech Center,https://www.plugandplaytechcenter.com/,United States,Sunnyvale,"AgTech, Animal Health, Retail, Crypto, Energy, Enterprise, FinTech, Food, Beverage, Health, InsurTech, IoT, Maritime, Media, AdTech, Mobility, Real Estate, Travel","Ali Safavi, Jackie Hernandez, Saeed Amidi",2006,1285,116
Venture Kick,http://www.venturekick.ch,Switzerland,Schlieren,"ICT, Life Science, Cleantech, HighTech","Beat Schillig, Jordi Montserrat, Pascale Vonmont",2007,1241,41
Start-Up Chile,https://startupchile.org/,Chile,Santiago,"Ecommerce, Software, Social Media, Education, Cleantech, Information Technology","Charles Van Norman, Nicolás Shea",2010,896,26
Alchemist Accelerator,http://www.alchemistaccelerator.com,United States,San Francisco,Industry Agnostic,Ravi Belani,2012,563,41
Startupbootcamp,http://www.startupbootcamp.org,United Kingdom,London,Industry Agnostic,"Aldo de Jong, Alex Farcet, Carsten Kolbek, Patrick Zeeuw, Ruud Hendriks",2010,540,33
Innovation Works,http://www.innovationworks.org,United States,Pittsburgh,"Music, Media, Software, SaaS, Information Technologies, HealthTech, Electronics, Robotics, Energy, Consumer Goods, Biotech, Medical Devices",Lisa Greenleaf,1999,512,34
HAX,http://www.hax.co,United States,San Francisco,"B2B, Consumer, Healthcare","Cyril Ebersweiler, Sean O'Sullivan",2011,465,10
Berkeley SkyDeck,http://skydeck.berkeley.edu/,United States,Berkeley,"Biotech, Consumer Software, FoodTech, EdTech, CivicTech, Enterprise, B2B Software, FinTech, Sustainability Tech, HealthTech, HRtech, Legal Tech, Securitytech, Sport Tech","Abhra Banerjee, Caroline Winnett",2012,463,14
Internet Initiatives Development Fund,https://www.iidf.ru,Russia,Moscow,Technology,,2013,455,2
Newchip,https://newchip.com,United States,Austin,Industry Agnostic,"Ryan Rafols, Travis Brodeen",2016,403,
Dreamit Ventures,http://www.dreamit.com,United States,New York,"HealthTech, Urbantech, Securetech","David Bookspan, Elliot Menschik, Michael Levinson, Steve Welch",2007,378,38
CEED - Centre for Entrepreneurship Education and Development,http://ceed.ca/,Canada,Halifax,"EdTech, Education",,1993,342,1
StartX,http://startx.com/,United States,Palo Alto,"Technology, MedTech","Cameron Teitelman, Christopher Morace, Dan Ha, Jonathan Golden, Karen Katz, Matt Man, Steve Petersen",2009,333,63
AGORANOV,http://www.agoranov.com/,France,Paris,"Greentech, Digital, Health",,2000,319,36
NEXT Canada,https://www.nextcanada.com,Canada,Toronto,Industry Agnostic,"Ajay Agrawal, Claudia Hepburn, Reza Satchu, Tim Hodgson",2010,316,16
IndieBio,http://www.indiebio.co,United States,San Francisco,"Climate Tech, Food, Healthcare, Consumer, Biopharma, AgTech, AI","Arvind Gupta, Bill Liao, Sean O'Sullivan",2014,307,2
Entrepreneurs Roundtable Accelerator,http://eranyc.com,United States,New York,Industry Agnostic,"Charlie Kemper, Jonathan Axelrod, Murat Aktihanoglu",2011,303,27
Forum Ventures,https://www.forumvc.com/,United States,New York,"AdTech, Salestech, SaaS, AI, FinTech, Future of Work, Data, Analytics, HRtech, Martech, HealthTech, Marketplace, Logistics, Proptech, Privacy, IoT, InsurTech, Customer Support, VR, AR, Supply Chain, Legaltech, EdTech, Ecommerce","Karen (Appleton ) Page, Michael Cardamone, Nick Mehta, Rowan Trollope",2012,299,18
Entrepreneur First,http://www.joinef.com,United Kingdom,London,"Information Technology, Commercial Services, Cleantech, IoT, Tmt, AdTech, AgTech, AI, Machine Learning, Big Data, Cyber-Security, HealthTech, Gaming, Industrials, Life Sciences","Alice Bentinck, Matt Clifford",2011,297,17
Antler,https://antler.co/,Singapore,Singapore,"Proptech, Web3, Retail, Ecommerce, SaaS, Mobility, Communications, Logistics, Legal, Insurance, Food, AgTech, HRtech, HealthTech, Software, FinTech, Climate, Cleantech, Consumer Tech, Social, EdTech, DeepTech, Energy","Dilan Mizrakli Landgraff, Fridtjof Berge, Jussi Salovaara, Magnus Grimeland, Stefan Jung, Vegard Medbo",2017,280,2
Startup Wise Guys,http://www.startupwiseguys.com,Estonia,Tallinn,"SaaS, FinTech, Cyber Security, Cleantech","Herty Tammo, Jon Bradford, Cristobal Alonso",2012,275,9
JAFCO Japan,https://www.jafco.co.jp,Japan,Tokyo,"AI, Data Analytics, FinTech, Healthcare, Biotech, SaaS",Tsuyoshi Ito,1973,267,70
Velocity,http://velocity.uwaterloo.ca/,Canada,Waterloo,HealthTech,,2008,261,18
Lanzadera Accelerator,http://www.lanzadera.es/,Spain,Valencia,"Blockchain, Cloud, Renewable Energy, Smart Home Tech",Juan Roig,2013,259,3
Boost VC,http://boost.vc,United States,San Mateo,"Space, Biotech, Health, Climate, Robotics, Crypto, AI, VR, AR","Adam Draper, Brayton Williams",2012,257,25
DMZ,http://dmz.ryerson.ca/,Canada,Toronto,Technology,"Hossein Rahnama, Sheldon Levy",2010,256,26
Chinaccelerator,http://chinaccelerator.com,China,Shanghai,"Generative AI, FinTech, Digital, Climate Change","Cyril Ebersweiler, Sean O'Sullivan",2010,251,4
EIT Digital Accelerator,https://www.eitdigital.eu/accelerator/,Belgium,Brussels,Digital DeepTech,,2010,237,34
SAP.iO,https://sap.io,United States,San Francisco,"Agriculture, Consumer Goods, Fashion, Life Sciences, Retail",,2017,234,14
Techstars New York City Accelerator,http://www.techstars.com/programs/nyc-program/,United States,New York,Industry Agnostic,,2011,233,43
EvoNexus,http://evonexus.org/,United States,La Jolla,"Information Technology, 5G, AI","Rory Moore, Walter Davis",1998,231,29
Revolution’s Rise of the Rest Seed Fund,https://www.revolution.com/entity/rotr/,United States,Washington,"Supply Chain, Logistics, Food, Retail, Consumer Goods, Healthcare",Steve Case,2014,227,19
Venture Catalysts,http://venturecatalysts.in,India,Mumbai,Industry Agnostic,"Anil Jain, Anuj Golecha, Apoorva Ranjan Sharma, Gaurav Jain",2016,206,10
MedTech Innovator,https://medtechinnovator.org/,United States,Los Angeles,"Medical Technology, HealthTech",Paul Grand,2013,203,13
Techstars Boston Accelerator,https://www.techstars.com/programs/boston-program/,United States,Boston,Industry Agnostic,,,203,40
Wilco,http://www.wilco-startup.com/,France,Paris,"AgTech, FoodTech, FinTech, InsurTech, Customer Experience, RetailTech, Cleantech, Energy, Biotech, MedTech, Transportation",,2001,200,30
Village Global,http://www.villageglobal.vc/,United States,San Francisco,"AI, Consumer, Enterprise, FinTech, Health, Logistics","Anne Dwane, Ben Casnocha, Erik Torenberg, Ross Fubini",2017,197,2
Mucker Capital,https://www.mucker.com/,United States,Santa Monica,Industry Agnostic,"Erik Rannala, William Hsu",2011,181,17
Cyberport Hong Kong,http://cyberport.hk,Hong Kong,Hong Kong,"FinTech, Smart Living, eSports, Cyber Security, AI, Big Data, Blockchain",,2011,180,5
AngelPad,http://www.angelpad.com,United States,San Francisco,"Data, Dev Tools, Health, HR, Marketing, Marketplace, Mobile, Mobility, SaaS",Carine Magescas,2010,177,37
Founder Friendly Labs,http://www.joinffl.com/,United States,Palo Alto,Industry Agnostic,"Mendel Chuang, Samantha Quist",2011,175,28
Rockstart,http://www.rockstart.com/,The Netherlands,Amsterdam,"AgriFood, Energy, Emerging Tech","Bjorn Brekel, Don Ritzen, James Digby, Koen Wagemakers, Oscar Kneppers, Rune Theill, Susana Arévalo",2011,175,12
Boomtown Accelerators,http://www.boomtownaccelerators.com,United States,Boulder,"Data, Media, Internet, Mobile, Software, IoT, Sports Tech, AdTech, Marketing, HealthTech","Alex Bogusky, Jack Donenfeld, Jose Vieitez, Kyle Groth, Toby Krout",2013,174,7
Techstars Boulder Accelerator,https://www.techstars.com/programs/boulder-program/,United States,Boulder,Industry Agnostic,,2007,173,46
Bethnal Green Ventures,https://bethnalgreenventures.com/apply,United Kingdom,London,Technology,Paul Miller,2012,170,1
Capital Factory,http://www.capitalfactory.com,United States,Austin,Industry Agnostic,"Andrew Busey, Bryan Menell, Gordon Daugherty, Joshua Baer, Sam Decker",2009,169,20
Quake Capital Partners,http://www.quakecapital.com,United States,Austin,"Technology, AgTech, Al, Engineering, Software, Advertising","Adam Cragg, Brandon Maier, Chad Burgess, Glenn Argenbright",2016,163,4
SparkLabs Accelerator,http://www.sparklabs.co.kr,South Korea,Seoul,"Internet, Online Gaming, Mobile, Ecommerce, Digital Media","Bernard Moon, Eugene Kim, Hanjoo Lee, Jimmy Kim",2012,156,5
TechNexus Venture Collaborative,http://www.technexus.com,United States,Chicago,"AI, VR, AR, IoT, Analytics","Fred Hoch, Terry Howerton",2007,153,11
FasterCapital,http://www.fastercapital.com/,United Arab Emirates,Dubai,"FinTech, EdTech, HealthTech, Software, Ecommerce, Blockchain","Abeer Nihlawi, Bashar Hamood, Fadi Kallas, Hesham Zreik, Terry Crospy",2010,152,4
gener8tor,http://www.gener8tor.com,United States,Madison,"Software, Information Technology, Web, SaaS, Ecommerce, Hardware","Dan Armbrust, Joe Kirgues, Jon Eckhardt, Troy Vosseller",2012,152,8
Techstars Seattle Accelerator,https://www.techstars.com/accelerators/seattle,United States,Seattle,Industry Agnostic,,,151,33
Oasis500,http://www.oasis500.com,Jordan,Amman,"Telecommunications, FinTech, EdTech, Sportstech, FoodTech, HealthTech, Ecommerce, Software, Hardware, HRtech, Energytech, Insuretech, Pharmatech, Auto Tech, AgTech",,2010,148,
JumpStart,http://www.jumpstartinc.org,United States,Cleveland,Technology,Ray Leach,2003,147,13
Amplify.LA,http://amplify.la,United States,Venice,"Consumer, Enterprise, FinTech, Healthcare","Oded Noy, Paul Bricault, Richard Wolpert",2010,146,19
ATDC,http://atdc.org/,United States,Atlanta,Technology,,1980,146,13
Startup Edmonton,https://www.startupedmonton.com/,Canada,Edmonton,Industry Agnostic,"Cam Linke, Ken Bautista, Sam Jenkins, Sam Jenkins",2009,143,11
Starve Ups,http://www.starveups.com/,United States,Portland,Industry Agnostic,,2000,142,26
Samurai Incubate,http://www.samurai-incubate.asia,Japan,Tokyo,"Energy, Healthcare, Finance, Insurance, Agriculture, Retail, Ecommerce, Logistics, Transportation Mobility, Entertainment","Hayato Ikegami, Kentaro Sakakibara",2008,136,7
Propel Capital,https://sting.co/propel-capital/,Sweden,Stockholm,"Climate Tech, HealthTech, DeepTech",Pär Hedberg,2014,135,4
Starta VC,http://www.starta.vc,United States,New York,"AgTech, Education, Human Resource, Gaming, eSports, Legal Tech, FinTech, FoodTech","Alexey Girin, Ekaterina Dorozhkina, Serge Milman, Sergey Vasilev",2011,133,3
Techstars Chicago,http://www.techstars.com/programs/chicago-program/,United States,Chicago,Industry Agnostic,"Nick Rosa, Sam Yagan, Troy Henikoff",2010,133,26
NTT DOCOMO Ventures,https://www.nttdocomo-v.com,Japan,Minato,"Lifestyle, AI, Big Data, Cloud, Communication, Education, Enterprise, FinTech, IoT, Medical, Healthcare, Electricity, Robotics",,2008,132,28
ASU Venture Devils,https://entrepreneurship.asu.edu/launch/venture-devils,United States,Tempe,"EdTech, Sportstech",,2016,131,
MIT delta v,https://entrepreneurship.mit.edu/accelerator,United States,Cambridge,Industry Agnostic,,1991,129,10
Brinc,http://www.brinc.io,Hong Kong,Central,"SaaS, Climate Tech, EdTech, FoodTech, Hardware, IoT, Healthcare, Web3","Bashar Aboudaoud, Bay McLaughlin, Manav Gupta",2014,127,1
InnoEnergy,http://www.innoenergy.com/,The Netherlands,Eindhoven,Energy,Diego Pavía,2010,127,2
NUMA,https://numa.co/,France,Paris,"SaaS, Consumer Goods","Fred Oru, Marie-Vorgan Le Barzic",2013,126,26
LVenture Group,https://lventuregroup.com/en/,Italy,Roma,"Biotech, Digital, Cleantech, Proptech, EdTech","Antonella Zullo, Luigi Capello",2012,126,6
DG Ventures,https://dgventures.com/,Japan,Tokyo,"Technology, Media, Information Technology","Kaoru Hayashi, Yasuhiro Mimura",1995,125,21
Newark Venture Partners,http://www.newarkventurepartners.com,United States,Newark,"Developer Tools, FinTech, InsurTech, Supply Chain, HealthTech, HRtech","Daniel Borok, Don Katz, Tom Wisniewski",2015,122,11
Space3ac,http://www.space3.ac/,Poland,Gdansk,"Space, Proptech, Data Science, Transport, Logistics","Krzysztof Kanawka, Maciej Mickiewicz, Wojciech Drewczynski",2015,121,1
IOSG Ventures,http://iosg.vc,Hong Kong,Hong Kong,"Blockchain, Crypto, FinTech",Jocy Lin,2017,120,
Capital Innovators,http://capitalinnovators.com,United States,St Louis,Industry Agnostic,,2011,119,7
Google Launchpad Accelerator,https://developers.google.com/startups/accelerator/,United States,Mountain View,Technology,"Larry Page, Sergey Brin",2015,118,20
Obvious Ventures,http://www.obvious.com,United States,San Francisco,"Healthcare, Food, Consumer Goods","James Joaquin, Vishal Vasishth, Đệ Phan",2014,115,10
Blue Startups,http://www.bluestartups.com,United States,Honolulu,"Technology, Web, Software, Mobile","Chenoa Farnsworth, Henk Rogers, Maya Rogers",2012,114,4
Amino Capital,http://www.aminocapital.com,United States,Palo Alto,"Consumer, Enterprise, Information Technology, SaaS, Big Data, AI","David Wei, Jun Wu, Larry Li",2012,113,18
Techstars London Accelerator,http://www.techstars.com/programs/london-program/,United Kingdom,London,Industry Agnostic,,,113,5
Accelerator Centre,http://www.acceleratorcentre.com,Canada,Waterloo,"Healthcare, Technology",,2006,112,6
Fintech Sandbox,https://fintechsandbox.org/,United States,Boston,FinTech,"David Jegen, John Fawcett, Sarah Biller, Ty Danco",2014,112,13
entrepreneurship@UBC,http://entrepreneurship.ubc.ca,Canada,Vancouver,"Mobile, Robotics, Drones",,2013,112,5
Surge,https://www.surgeahead.com/,Singapore,Singapore,Industry Agnostic,,2019,110,1
ACE Startups,https://acestartups.com.br,Brazil,São Paulo,"Enterprise, Consumer","Mike Ajnsztajn, Pedro Waengertner",2012,109,19
Founders Factory,https://foundersfactory.com/,United Kingdom,London,"AI, Beauty, Education, Media, Retail, Travel, Impact","Brent Hoberman, George Northcott, Henry Lane Fox, Jim Meyerle",2015,109,7
XRC Labs,http://xrclabs.com/,United States,New York,"RetailTech, Consumer Goods, Healthcare",Pano Anthos,2015,108,6
Techstars Austin Accelerator,https://www.techstars.com/programs/austin-program/,United States,Austin,Industry Agnostic,,2006,108,12
Upscale,https://technation.io/programmes/upscale/,United Kingdom,London,"FinTech, AI, Ecommerce, SaaS",,2011,108,13
MOX,http://mobileonlyx.com/,Taiwan,Taipei,"Ecommerce, SaaS, FinTech, Media, Al, Blockchain, Software, Education, EdTech, Climate Tech, AgTech","Sean O'Sullivan, William Bao Bean",2015,106,5
Desafía,https://www.sanfrancisco.desafia.gob.es,United States,San Francisco,Technology,,2011,105,4
IMPACT Accelerator,http://www.impact-accelerator.com/,Spain,Madrid,"EdTech, Mobility, Impact","Lars Brøndum Petersen, Michael Kleindl, Nacho Pinedo, Sanyu Karani, Tomasz Mazuryk",2014,105,4
Tech Wildcatters,http://techwildcatters.com,United States,Dallas,"Software, Hardware, Life Sciences, Cleantech","Brad Taylor, Gabriella Draney, John Reed, Jon Feld",2009,104,11
AlphaLab,http://alphalab.org,United States,Pittsburgh,"Technology, Software, Gaming, Mobile, Consumer Internet",Jim Jen,2008,104,7
Expert Dojo,http://www.expertdojo.com,United States,Santa Monica,"AdTech, AI, B2B, Beauty, Blockchain, Creator Economy, Cyber Security, Diagnostics, Ecommerce, EdTech, Egaming, Software, Esport, FinTech, Healthcare, HealthTech, Information Technology, Insurance, Mediatech, Online Dating, Pet Tech, Proptechnology, SaaS, Travel",Brian Mac Mahon,2014,102,
CARB-X,http://www.carb-x.org/,United States,Boston,"Pharmaceutical, Biopharmaceutical",,2016,101,25
BoomStartup,http://boomstartup.com,United States,Salt Lake City,"Mobile, Internet, SaaS, Medical, EdTech","John Richards, Jon Bradshaw, Robb Kunz",2010,100,10
Union Kitchen,https://unionkitchen.com/,United States,Washington,FoodTech,Cullen Gilchrist,2012,98,
MassChallenge Switzerland,https://masschallenge.org/programs-switzerland,Switzerland,Renens,"Sustainable Food, Sustainability, Climate, HealthTech",,2016,98,1
Healthbox,http://www.healthbox.com,United States,Chicago,Healthcare,Nina Nashif,2010,97,12
CITRIS Foundry,http://citrisfoundry.org/,United States,Berkeley,"Cloud, Big Data, AI","Alic Chen, Patrick Scaglia, Peter Minor",2013,97,
InnovX BCR,https://www.innovx.eu/,Romania,Bucharest,"Technology, Education",,2019,97,1
Ann Arbor SPARK,http://www.annarborusa.org/,United States,Ann Arbor,"Life Sciences, Automotive Research, Development, Software, Alternative Energies, Cleantech, Healthcare, Mobile, Information Technology",Rick Snyder,2005,95,16
FounderFuel,http://founderfuel.com,Canada,Montréal,"Technology, AI","Alan MacIntosh, Ian Jeffrey, Jean-Sebastian Cournoyer, John Stokes",2010,95,13
Axilor Ventures,http://www.axilor.com/,India,Bangalore,"Enterprise, B2B Commerce, Consumer Tech, Agri, Healthcare, Climate, FinTech","Ganapathy Venugopal, S.D. Shibulal, Senapathy Gopalakrishnan, Srinath Batni, Tarun Khanna",2014,95,5
Expa,http://www.expa.com,United States,San Francisco,Industry Agnostic,Garrett Camp,2013,93,9
Village Capital,http://www.vilcap.com,United States,Washington,"Climate Innovation, Economic Mobility, Impact","Ross Baird, Sean Foote, Victoria Fram, Victoria Fram",2009,92,4
Idealab,http://www.idealab.com,United States,Pasadena,Technology,"Bill Gross, Marcia Goodstein, Tom Hughes",1996,91,29
REACH,https://nar-reach.com,United States,Chicago,Real Estate Technology,"Bob Goldberg, Constance Freedman, Dale Stinton",2012,91,15
Jumpstart Foundry,https://www.jsf.co,United States,Nashville,"HealthTechnology, HealthTech, Diagnostic Devices, Consumer Health","Marcus Whitney, Scott Kozicki, Townes Duncan, Vic Gatto",2010,90,5
NextAI,https://www.nextcanada.com/,Canada,Toronto,Technology,Ajay Agrawal,2016,89,
European Innovation Council,https://ec.europa.eu/research/eic/index.cfm,Belgium,Brussels,"AI, HealthTech, Life Sciences",,1957,89,2
High Alpha,https://highalpha.com/,United States,Indianapolis,Technology,"Eric Tobias, Kristian Andersen, Mike Fitzgerald, Scott Dorsey",2015,88,10
Grand Central Tech,http://www.grandcentraltech.com/,United States,New York,"HealthTech, FinTech, SaaS, Technology","Ambika Nigam, Charles Bonello, Jordan Dixon, Matthew Harrigan",2014,87,14
muru-D,https://muru-d.com/,Australia,Sydney,"AI, VR, AR, Drones, Satellite Technology, Robotics","Annie Parker, Charlotte Yarkoni, Mick Liubinskas",2014,87,4
H-FARM,http://www.h-farm.com/en/,Italy,Roncade,"B2B, Blockchain, Fashion, FinTech, Food, Beverage, IoT, Retail, SaaS, Travel","Giuseppe Miroglio, Maurizio Rossi, Riccardo Donadon",2005,87,15
KAUST Innovation Fund,https://innovation.kaust.edu.sa/,Saudi Arabia,Thuwal,"Energy, Water, Food, ICT, Healthcare",,2010,86,
Highway1,http://highway1.io/,United States,San Francisco,Hardtech,"Brady Forrest, Liam Casey",2013,86,10
WOW Aceleradora,http://wow.ac,Brazil,Porto Alegre,Industry Agnostic,"André Ghignatti, Bruno Peroni, Cassio Bobsin, Jaime Wagner",2013,86,3
Sandbox Industries,http://www.sandboxindustries.com,United States,Chicago,"Agriculture, Healthcare, Software, Food","Jonathan Pirc, Nicholas Rosa, Nick Rosa, Ryan Schoop",2003,85,20
Dream Incubator,https://www.dreamincubator.co.jp,Japan,Tokyo,"Food, Healthcare, Beauty, Consumer Goods",Koichi Hori,2000,85,20
Blueprint Health,http://www.blueprinthealth.org,United States,New York,"Health, Technology","Brad Weinberg, Mathew Farkash",2011,84,12
LearnLaunch Accelerator,https://learnlaunch.com/accelerator/,United States,Boston,"Education, Technology",Jean Hammond,2013,83,7
CAS Star,http://www.casstar.com.cn/,China,Xian,"Optoelectronic Chips, AI, Aerospace, Biotech, Information Technology, New Materials, New Energy",,2020,83,1
UTEST,http://utest.to/,Canada,Toronto,Industry Agnostic,,,83,4
Texas Venture Labs,https://www.mccombs.utexas.edu/Centers/Texas-Venture-Labs,United States,Austin,"Healthcare, Consumer, Energy, Materials, Utilities, Information Technology, Telecommunications","Randall Crowder, Rob Adams",2010,83,13
MAGIC Fund,https://magic.fund,United States,Los Angeles,"Consumer Goods, Services, FinTech, Healthcare","Matt Greenleaf, Temi Marcella Awogboro",2017,82,4
CanopyBoulder,https://www.canopyboulder.com,United States,Boulder,"AgTech, Business Services, Cbd, Data, Hardware, Marketplaces, Media, Software, Supply Chain","Mark A. Nottoli, Micah Tapman, Patrick Rea, Troy Dayton",2014,80,3
Heavybit,https://www.heavybit.com,,,Technology,"James Lindenbaum, Tom Drummond",2013,79,17
Collider,http://www.collider.io,United Kingdom,London,"Marketing, Advertising Technology, Sales Technology, AI, VR","Andy Tait, David Prais, Ellen Bark-Lindhout, Mark Adams, Rose Lewis",2012,78,2
StartupYard,http://startupyard.com/,Czech Republic,Prague,"DeepTech, Blockchain","Lukas Hudecek, Peter Ocasek, Petr Ocásek",2011,78,5
SpinLab - The HHL Accelerator,https://spinlab.co/,Germany,Leipzig,Information Technology,Eric Weber,2014,78,3
Nex Cubed,http://nex3.com/,United States,San Francisco,"HealthTech, FinTech","Bill Malloy, Kelsey Morgan, Kip Quackenbush",2016,77,2
Seedstars,https://www.seedstars.com/,Switzerland,Geneva,Industry Agnostic,"Adrien de Loes, Michael Weber, Pierre-Alain Masson",2012,77,2
The Brandery,http://brandery.org,United States,Cincinnati,"Tech, RetailTech","Bryan Radtke, Dave Knox, J.B. Kropp, Rob McDonald",2010,76,8
Peregrine Ventures,http://www.peregrinevc.com,Israel,Or Yehuda,"Healthcare, Biotech, Technology","Boaz Lifschitz, Eyal Lifschitz",2001,76,12
Almaworks,http://www.alma.works,United States,New City,Industry Agnostic,,2014,76,1
9Unicorns Accelerator Fund,https://www.9unicorns.in/,India,Mumbai,Industry Agnostic,"Anil Jain, Anuj Golecha, Apoorva Ranjan Sharma, Gaurav Jain",2020,75,
Techstars Berlin Accelerator,https://www.techstars.com/programs/berlin-program/,Germany,Berlin,Industry Agnostic,,,74,3
URBAN-X,https://urban-x.com/,United States,Brooklyn,"Transportation, Real Estate, Energy",,2016,73,3
Startmate,https://www.startmate.com,Australia,Melbourne,Industry Agnostic,Niki Scevak,2010,72,5
Extreme Venture Partners,http://www.evp.vc/,Canada,Toronto,"Internet, Mobile Applications, Cloud, AI","Imran Bashir, Ken Teslia, Ray Sharma, Sunil Sharma",2007,72,14
The Family,http://thefamily.co,France,Paris,Industry Agnostic,"Alice Zagury, Nicolas Colin, Oussama Ammar",2013,72,7
Digital Magics,https://www.digitalmagics.com/,Italy,Milan,"IoT, FinTech, InsurTech, Health, Travel, Ecommerce Marketplaces, Software, Food, Transportation, AI, Industry 4.0, Blockchain","Alberto Fioravanti, Bibop Gabriele Gresta, Enrico Gasperini, Gabriele Ronchini",2004,72,5
BioGenerator,http://www.biogenerator.org,United States,St Louis,"Healthcare, Agriculture",Tom Cohen,2003,69,5
Beyond Next Ventures,https://beyondnextventures.com,Japan,Tokyo,"Medical, Healthcare, Agriculture, Food, Electronics, AI","Tsuyoshi Ito, Tsuyoshi Ito",2014,69,1
CyLon,https://cylonlab.com/,United Kingdom,London,"Information Technology, Cyber Security","Alex van Someren, Grace Cassy, Jonathan Luff",2015,69,6
Elemental Excelerator,http://elementalexcelerator.com/,United States,Honolulu,"Energy, Mobility, Agriculture, Water","Dawn Lippert, Jill Sims",2012,68,11
Lenovo Capital and Incubator Group,http://capital.lenovo.com/,China,Beijing,"AI, Big Data, Robot, Software, Cloud, VR, AR, IoT",Chuanzhi Liu,2016,67,4
"10,000 Start-Ups",http://10000startups.com,India,Noida,Technology,Purnima Sambasivan,2013,66,
ABC Accelerator,https://abc-accelerator.com,Slovenia,Ljubljana,"Real Estate, Logistics, Insurance, Communication, IoT, Energy, Retail, Ecommerce","Bernard Grum, Dejan Roljič, Grega Potokar",2015,66,
GameFounders,http://www.gamefounders.com,Malaysia,Kuala Lumpur,Gaming,"Kadri Ugand, Lauri Antalainen, Paul Bragiel, Sven Illing",2012,64,1
Cedars-Sinai Accelerator,http://www.csaccelerator.com/,United States,Los Angeles,Healthcare,,2015,63,5
Pi Labs,http://www.pilabs.co.uk,United Kingdom,London,"Real Estate, Construction Tech","Dominic Wilson, Faisal Butt, Mary Criebardis",2015,63,7
SeedRocket,http://www.seedrocket.com/en,Spain,Barcelona,Information Technology,"Jesus Monleon, Vicente Arias",2008,63,12
TusStar,http://www.tusstar.com/,China,Beijing,"EdTech, Enterprise",,1999,62,6
RCL Accelerator,https://rivercitylabs.acs.org.au,Australia,Brisbane,Technology,,2012,62,2
METRO Xcel,http://www.metroaccelerator.com,Germany,Berlin,"Hospitality Tech, RetailTech, FoodTech",,2015,62,5
BlueChilli,https://www.bluechilli.com/,Australia,Sydney,HealthTech,Sebastien Eckersley-Maslin,2012,61,3
Forward Ventures,http://www.forwardventures.com,United States,San Diego,"Healthcare, Life Sciences, Biopharmaceutical Therapeutics",Standish M. Fleming,1993,61,20
Skyland Ventures,http://skyland.vc/,Japan,Tokyo,"Web3, Game Media, HR, Digital Media, AgTech, SaaS, Marketplace, AI, Fashion, Gaming",Yoshihiko Kinoshita,2012,60,2
GBV Capital,https://gbv.capital/,Cayman Islands,Grand Cayman,"Blockchain, Cryptocurrency",Leslie Tam,2020,60,1
L-SPARK,http://www.l-spark.com,Canada,Ottawa,"SaaS, Av, IoT, Cyber Security",Leo Lax,2014,60,6
AQC Capital,https://aqccapital.ca/,Canada,Montréal,"Enterprise, Environment Tech",,2012,60,4
Big Idea Ventures,https://bigideaventures.com,United States,New York,"FoodTech, AgTech",Andrew D. Ive,2018,59,2
The Batchery,http://www.batchery.com,United States,Berkeley,Industry Agnostic,"Aaron Hayes, Andre Carothers, David Koehn, Kal Deutsch",2015,58,
AppWorks,http://appworks.tw,Taiwan,Taipei,"AI, IoT, Blockchain","I-Chien Jan, Jamie Lin",2009,57,6
Techstars Los Angeles Accelerator,http://www.techstars.com/programs/los-angeles-program/,United States,Los Angeles,Industry Agnostic,,2016,57,
Catalyst Fund,https://bfaglobal.com/catalyst-fund/,Kenya,Nairobi,FinTech,,2016,56,1
ICONYC labs,http://iconyclabs.com/,United States,New York,"IoT, FinTech, InsurTech, Health, Travel, Ecommerce Marketplaces, Software, Food, Transportation, AI, Industry 4.0, Blockchain","Arie Abecassis, Eyal Bino",2015,56,3
Outlier Ventures,https://www.outlierventures.io,United Kingdom,London,"AI, Commerce, DAO's, Data, Analytics, Defi, Refi, Digital Fashion, Gaming, Metaverse, AR, VR, NFTs","Aron van Ammers, Jamie Burke",2014,56,
Intelak Hub,https://www.intelak.com,United Arab Emirates,Dubai,"Aviation, Technology, Education, Travel, Tourism",Jithin Manoharan,2016,55,2
Stadia Ventures,http://www.stadiaventures.com,United States,St Louis,"Fan Engagement Software, eSports, Sports Tech","Art Chou, Tim Hayden",2015,55,7
JFDI.Asia,http://jfdi.asia,Singapore,Singapore,"Enterprise, EdTech","Hugh Mason, Meng Wong",2010,55,6
Sputnik ATX,http://www.sputnikatx.com,United States,Austin,"Beauty, FinTech, AI, SaaS, Ecommerce, Gaming, Mobile, HRtech, Health, B2B","Joe Merrill, Oksana Mindyuk Malysheva",2017,55,
H2 Ventures,http://h2.vc,Australia,Sydney,"FinTech, Data, AI","Ben Heap, Toby Heap",2013,55,2
Bigbang Angels,http://bigbangangels.com,South Korea,Seoul,"AI, AgTech, Healthcare",Michael Hwang,2012,55,
Binance,https://www.bnbchain.org/en/developers/developer-programs,Malta,Valletta,Blockchain,"Changpeng Zhao, Yi He",2017,54,1
Hackquarters,http://www.hackquarters.co,Turkey,Istanbul,"Agriculture, Sustainability Energy",Kaan Akın,2015,54,1
Dreamit Healthtech,https://www.dreamit.com/healthtech,United States,New York,"HealthTech, Medical Device",,,54,7
Pario Ventures,http://www.parioventures.com,United Kingdom,London,"Oil, Gas, Blockchain, Fashion, Sustainability Automotive, Technology, Bars, Restaurants, FinTech","David Murray-Hundley, Kevin Doyle",2010,54,10
Business Finland,https://www.businessfinland.fi/,Finland,Helsinki,Industry Agnostic,,2018,54,6
43North,http://www.43north.org/,United States,Buffalo,"Life Sciences, Software, Cleantech, Consumer Goods",,2014,53,4
Imagine K12,http://www.imaginek12.com,United States,Redwood City,EdTech,"Alan Louie, Geoff Ralston, Nolan Amy, Tim Brady",2011,53,10
LongHash Ventures,https://www.longhash.vc/accelerator/,Singapore,Singapore,"Defi, Gamefi, DAO",Emma Cui,2018,52,1
Financial Solutions Lab,http://finlab.finhealthnetwork.org/,United States,Chicago,FinTech,Jennifer Tescher,2014,52,6
Alibaba Entrepreneurs Fund,http://www.ent-fund.org/en/global/home,Hong Kong,Causeway Bay,"AI, FinTech, Gaming, IoT, MedTech, Proptech, REdTech, Media, Green Tech, Biotech",Andrew Lee,2015,52,
Darwin Startups,http://darwinstartups.com.br/,Brazil,Florianópolis,"Enterprise, FinTech",Marcos Mueller,2015,52,3
RevTech Labs,https://www.revtechlabs.co/,United States,Charlotte,"Mobile, Software, FinTech, InsurTech",Dan Roselli,2011,52,1
Pittsburgh Life Sciences Greenhouse,http://www.plsg.com,United States,Pittsburgh,"Life Sciences, HealthTech",,2001,52,5
Digital Attraxion,https://www.digital-attraxion.com,Belgium,Charleroi,"Consumer, Travel, Hospitality Tech",,2016,52,
50 Partners,http://www.50partners.fr,France,Paris,"HealthTech, MedTech, Biotech","Charles Fourault, Jerome Masurel",2012,52,4
Conector Startup Accelerator,http://www.conector.com,Spain,Barcelona,Technology,"Carlos Blanco, Elisabeth Martinez Guardiola, Gerard Olive, Marc Ros, Marc Vidal, Risto Mejide",2013,52,2
JITO Angel Network,https://jitojiif.com,India,Mumbai,"Mobility, Media, FinTech, Healthcare, Fashion, AI, Travel, EdTech, IoT, AgTech, Social Commerce, Renewable Water, Technology",siddharth jain,2017,51,
Disney Accelerator,http://disneyaccelerator.com/,United States,Los Angeles,Technology,,2014,51,7
Founders Future,http://www.foundersfuture.com,France,Paris,"Technology, Digital",Marc Menase,2018,51,1
Startup Lisboa,http://www.startuplisboa.com/,Portugal,Lisboa,"Sportech, Technology, Impact, Tourism, Mobility",,2011,51,1
Plug and Play Spain,https://www.plugandplaytechcenter.com/,Spain,Paterna,"AgTech, Animal Health, Retail, Crypto, Energy, Enterprise, FinTech, Food, Health, InsurTech, IoT, Maritime, Media, Mobility, Real Estate, Travel","Alberto Gutiérrez, Juan-Luis Hortelano, Ruben Colomer, Saeed Amidi",2012,51,5
Deepcore,http://deepcore.jp/,Japan,Tokyo,"Technology, AI",Yutaka Matsuo,2005,50,1
K5 Ventures,http://k5ventures.com/,United States,Newport Beach,Technology,"Amir Banifatemi, Ray Chan",2011,50,8
ic@3401,http://www.ic3401.org/,United States,Philadelphia,"Software, HealthTech, EdTech, Information Technology, Healthcare",,,50,10
AlleyCorp,https://alleycorp.com/,United States,New York,"Technology, Robotics, Social Impact","Dwight Merriman, Kevin Ryan",2007,49,4
Spring Accelerator,https://www.springaccelerator.org/,Kenya,Nairobi,"Energy, Information, Communication Technology, Agriculture, Education, Climate, Health",,2015,49,2
Via ID,http://www.via-id.com/,France,Marquette Lez Lille,"Consumer, Transportation, Logistics Tech",,2010,49,4
Next Media Accelerator,https://nma.vc/,Germany,Hamburg,"Consumer Services, Information Technology, SaaS","Dirk Herzbach, Nico Lumma",2015,49,3
Accelerace,http://www.accelerace.io,Denmark,Copenhagen,"Technology, Life Sciences, FoodTech, Cleantech, Healthcare, MedTech, Biotech",Peter Torstensen,2008,48,7
South Carolina Research Authority,http://www.scra.org/,United States,Columbia,"High Tech, Research",,1983,47,5
DIFC Fintech Hive,https://innovationhub.difc.ae/,United Arab Emirates,Dubai,"FinTech, Technology",,2017,47,4
Arena Ventures,http://arenavc.com,United States,West Hollywood,Industry Agnostic,"Jeff Lo, Paige Craig",2015,47,13
IIM Calcutta Innovation Park,http://www.iimcip.org/,India,Kolkata,"Agriculture, Automobile, Beauty, Data Analytics, Design, Education, Fashion, FinTech, Health",,,47,
Slater Technology Fund,http://www.slaterfund.com,United States,Providence,Technology,Lincoln Almond,1997,46,7
Techstars Toronto Accelerator,https://www.techstars.com/programs/toronto-program/,Canada,Toronto,Industry Agnostic,,2006,46,3
"Techstars Atlanta, COX Enterprises Social Impact Accelerator",http://www.techstars.com/programs/atlanta-program/,United States,Atlanta,Industry Agnostic,,2006,46,8
TURN8,http://www.turn8.co/,United Arab Emirates,Dubai,"HealthTech, FinTech, Transportation, Logistics, SaaS, Smart Cities, AI, IoT",,2013,46,1
Open Data Incubator for Europe,https://opendataincubator.eu/,Germany,Berlin,Open Data,,2015,46,2
Lighthouse Labs RVA,http://www.lighthouselabsrva.com,United States,Richmond,"EdTech, HealthTech, FinTech, Retail, Sustainability",Todd Nuckols,2012,45,1
MassChallenge Israel,https://masschallenge.org/programs-israel,Israel,Jerusalem,"FinTech, HealthTech",,2010,45,
Techstars Anywhere Accelerator,https://www.techstars.com/programs/anywhere-program/,United States,Boulder,Industry Agnostic,,,45,
eLab Accelerator,http://www.elabstartup.com,United States,Ithaca,Industry Agnostic,,2008,45,2
Hubraum,http://hubraum.com,Germany,Berlin,"Entertainment, VR, AR, Consumer, IoT",,2012,45,6
Data Pitch,https://datapitch.eu/,United Kingdom,London,"Transport, Healthcare, Education, Tourism, Sports, Retail",,2017,45,1
TandemLaunch,http://www.tandemlaunch.com,Canada,Montréal,"Hardware, Audio Technology, Computer Vision, AI",Helge Seetzen,2010,44,3
InnoSpring Seed Fund,http://www.innospringseedfund.com/,United States,Palo Alto,Technology,"Eugene Zhang, Xiao Wang",2012,44,13
TheVentureCity,https://theventure.city/en/our-city/venture-capital-fund-theventurecity/,United States,Miami,"eSports, Logistics, Supply Chain Tech, Social Networks, Regtech, Proptech, Legaltech, InsurTech, Infrastructure, Hospitality, Traveltech, HR, HealthTech, Fitness, Gaming, FoodTech, FinTech, SaaS, Femtech, Events, EdTech, Ecommerce, Productivity Tools, Cyber Security, Cloud, Climate Tech, VR, AR, AgTech, AI","Clara Bullrich, Laura Gonzalez-Estefani",2017,43,2
Techstars Farm to Fork Accelerator,https://www.techstars.com/farm-to-fork-program/,United States,Saint Paul,FoodTech,"Brett Brohl, Jessica Stalbaum",2018,43,
CIIE.CO,http://www.ciie.co/,India,Ahmedabad,Cleantech,Kunal Upadhyay,2007,43,1
9Mile Labs,http://www.9milelabs.com,United States,Seattle,Industry Agnostic,"Kevin Croy, Kevin Croy, Sandy Sharma, Sanjay Puri, Tom Casey",2013,43,2
Accelerating Asia,https://acceleratingasia.com/,Singapore,Singapore,"AI, AgTech, Clean Energy, Data Science, Dating, EdTech, Software, Entertainment, Fashion, FinTech, HRtech, HealthTech, Hospitality, InsurTech, IoT, Logistics, Martech, SaaS, Marketplaces, MedTech, Mobility, Proptech, RetailTech, Telecommunications, Transport, Travel Tech, Ecommerce","Amra Naidoo, Craig Dixon",2018,42,
Falak Startups,http://falakstartups.com/,Egypt,Cairo,"Technology, FinTech",,2018,42,1
WE Hub,http://wehub.telangana.gov.in/,India,Hyderabad,Industry Agnostic,,2018,42,
Rose Tech Ventures,http://rose.vc,United States,New York,"Productivity Software, Electronics, Application Software, Real Estate, Healthcare",,2001,42,12
eFounders,https://www.efounders.com/,France,Paris,"FinTech, Web3","Quentin Nickmans, Thibaud Elziere",2011,42,5
Mola.com,http://www.mola.com,Spain,Palma De Mallorca,Technology,"Enrique Dubois, Paco Gimena",2011,42,2
Finnovista,http://www.finnovista.com/,Spain,Madrid,"Enterprise, FinTech","Andres Fontao, Fermin Bueno",2013,42,1
Startup Sesame,https://www.startupsesame.com/,France,Paris,"Information Technology, Network Security","Ben Costantini, Joanna Kirk, Moojan Asghari",2015,42,2
Tech2b Incubator,http://tech2b.at/,Austria,Linz,Technology,,,42,2
SURGE Accelerator,http://www.surgeaccelerator.com,United States,Houston,Software,Kirk Coburn,2011,41,2
LaunchHouse,http://www.launchhouse.com,United States,Highland,Technology,,2010,41,
Centro de Incubação de Évora,https://www.anje.pt/linc/evora,Portugal,Évora,"Information Services, Information Technology, Mobile Apps, Social Media, Software",,2011,41,1
Startup Braga,http://startupbraga.com/,Portugal,Braga,"Biotech, Digital Economy, Nanotech, Sustainability, HealthTech",,2014,41,
ProMontreal Entrepreneurs,http://www.promontrealentrepreneurs.org/,Canada,Montréal,"Healthcare, Information Technology, Wellness, Fitness",,2000,40,2
The Yield Lab,http://www.theyieldlab.com/,United States,St Louis,"Agri Food, AgTech",Thad Simons,2014,40,2
25madison,http://25madison.com/,United States,New York,"Software, FinTech, Healthcare","Gary Ginsberg, Kirk Posmantur, Lance West, Matt Fremont-Smith, Michael Lynton, Steven Price",2017,40,
Google for Startups,https://startup.google.com/,United States,Mountain View,Technology,Board Member,2011,40,2
Techstars Montreal AI Accelerator,https://www.techstars.com/programs/montreal-ai-program/,Canada,Montréal,AI,,,40,1
India Accelerator,https://www.indiaaccelerator.co/,India,Gurgaon,Industry Agnostic,"Abhay Chawla, Ashish Bhatia, Mona Singh",2017,39,
Venture University,https://www.venture.university/,United States,San Francisco,"Enterprise, FinTech",J. Skyler Fernandes,2018,39,3
DigitalCPR,https://www.digitalcpr.net/for-startups,Canada,Waterloo,"SaaS, Aerospace, Blockchain, eSports, Telecommunications Startups, Social Enterprises, Quantum Computing",Andrew Magdy Kamal,,39,
Superangel,https://superangel.io/,Estonia,Tallinn,"AI, Robotics, Mobility, Logistics, FinTech, SaaS","Marek Kiisa, Rain Rannu, Veljo Otsason",2018,39,
Breed Reply,http://www.breedreply.com,United Kingdom,London,"AI, Digital Workplace, Digital Transformation, Big Data, Blockchain, Cloud, Crm, Ecommerce, Industry 4.0, IoT, Quantum Computing, Security, Supply Chain, Code Automation, Gaming",,2014,39,2
LAUNCH,http://launch.co,United States,San Francisco,Industry Agnostic,Jason Calacanis,2011,38,2
"Comcast NBCUniversal LIFT Labs Accelerator, Powered by Techstars",https://www.techstars.com/programs/comcast-program/,United States,Philadelphia,Industry Agnostic,,2006,38,1
Tech Nation Fintech,https://technation.io/programmes/fintech/,United Kingdom,London,FinTech,,,38,3
Syddansk Innovation,https://www.syddanskinnovation.dk/,Denmark,Odense,"Cleantech, MedTech, FinTech, EdTech, AI",,,38,
Evergreen Climate Innovations,http://www.cleanenergytrust.org/,United States,Chicago,"Climate Tech, Energy","Amy Francetic, Michael Polsky, Nick Pritzker",2010,37,3
NEXEA Venture Capital & Angel Investors,https://www.nexea.co/venture-capital/,Malaysia,Kuala Lumpur,Technology,"Ben Lim, Noomi Fessler",2015,37,1
Open Network Lab,http://www.onlab.jp,Japan,Tokyo,"Life Science, Residential Technology, Blockchain, AI, VR, AR, Security, Bio-Health, Health, Energy, Safety, Mobility",,2010,37,3
FoodFutureCo,http://www.foodfuture.co,United States,New York,"Consumer Goods, Agriculture, Food Hub, AgTech, Supply Chain, FoodTech, Information Technology",Shen Tong,2015,37,
Spring Activator,http://spring.is/,Canada,Vancouver,Technology,Keith Ippel,2014,37,1
Chobani Food Incubator,https://www.chobani.com/impact/chobani-incubator/,United States,New York,"Food, Agriculture",Hamdi Ulukaya,2016,37,
Sting,http://www.sting.co,Sweden,Stockholm,"HealthTech, Climate Tech, DeepTech",Pär Hedberg,2002,37,
Fledge,http://fledge.co,United States,Seattle,Industry Agnostic,"Francesco Persivale, Luni Libes, Roberto Persivale",2012,36,
GSF,https://gsfaccelerator.com/,India,Gurgaon,"Consumer, Crypto, EdTech, Enterprise, FinTech, Healthcare",Rajesh Sawhney,2011,36,6
Z80 Labs Technology Incubator,http://z80labs.com,United States,Buffalo,"Software, Internet, Mobile, Digital Media Technology","Jordan Levy, Ron Schreiber",2012,36,1
MassChallenge Mexico,https://masschallenge.org/programs-mexico,Mexico,Mexico City,Industry Agnostic,,,36,
HATCH ventures,https://icics.ubc.ca/hatch/,Canada,Vancouver,"Social Impact, Technology",,2016,36,1
Katapult Accelerator,https://katapult.vc,Norway,Oslo,"AI, Blockchain, Technology, Impact Technology, Sustainability, Climate Tech, Ocean Tech, IoT, Biotech, Cleantech","Anders Lier, Haakon Brunell, Tharald Nustad",2017,36,1
Outlier Ventures Base Camp,https://outlierventures.io/base-camp/,United Kingdom,London,"Blockchain, Crypto, IoT, NFTs, Defi, Metaverse, Web3",,2019,36,
StartupLab,http://www.startuplab.no/,Norway,Oslo,"Mobility, Hardware, Energy, Data Science","Alexander Woxen, Karl-Christian Agerup",2012,36,1
Aurelia Ventures,https://aurelia.ventures,United States,Santa Barbara,"SaaS, Technology",,2016,35,
Canadian Technology Accelerator,https://www.tradecommissioner.gc.ca/cta-atc/index.aspx?lang=eng,Canada,Ottawa,"Cleantech, Information, Communications Technologies, Life Sciences, HealthTech",Christine Carr,2013,35,3
SparkLabs Taipei,http://www.sparklabstaipei.com/,Taiwan,Taipei,Industry Agnostic,"Bernard Moon, Edgar Chiu",2018,35,1
Nielsen Innovate,http://nif.vc/,Israel,Caesarea,"Retail, Research, Media Technologies",Esther Barak Landes,2013,35,4
LatAm Startups,https://www.latamstartups.biz/,Canada,Toronto,Industry Agnostic,Miryam Lazarte,2014,35,1
FinLab,https://www.finlab.de,Germany,Frankfurt,"FinTech, Blockchain",Christian Angermayer,2005,35,6
iStarter,http://www.istarter.it,United Kingdom,London,Industry Agnostic,,2012,35,3
IMT Starter,http://www.imt-starter.fr/,France,Évry,"Gaming, Big Data, VR, AI",,1999,35,3
Startupbootcamp Commerce Amsterdam,https://www.startupbootcamp.org/accelerator/commerce-amsterdam/,The Netherlands,Amsterdam,"AI, Blockchain, Technology, Impact Technology, Sustainability, Climate Tech, Ocean Tech, IoT, Biotech, Cleantech","Marc Wesselink, Patrick Zeeuw, Ruud Hendriks",2010,35,3
Tribe Accelerator,https://tribex.co/accelerator/,Singapore,Singapore,Blockchain,"Ryan Chew Zi Jie, Yi Ming Ng",2018,34,3
STANLEY +Techstars AI in Advanced Manufacturing,https://www.techstars.com/accelerators/stanley,United States,Hartford,Electrification,,2018,34,1
HAX,https://hax.co/program,United States,San Francisco,Hard Tech,,,34,
Climate-KIC Acceleration Programme,https://www.climate-kic.org/programmes/entrepreneurship/accelerator/,Germany,Berlin,"Cleantech, Climate, Environment, Agriculture, Transportation, Logistic, Clean City, Sustainability",,2012,34,1
Nanabianca,http://nanabianca.it,Italy,Florence,Information Technology,"Alessandro Sordi, Jacopo Marello, Paolo Barberis",2012,34,4
Startupbootcamp Smart City & IoT Amsterdam,https://www.startupbootcamp.org/accelerator/smart-city-iot-amsterdam/,The Netherlands,Amsterdam,"Agriculture, Energy, Water, Healthcare, Beauty, Education","Marc Wesselink, Patrick Zeeuw, Ruud Hendriks",2015,34,2
Co-Creation Hub Nigeria,http://cchubnigeria.com,Nigeria,Lagos,Industry Agnostic,Bosun Tijani,2010,33,
EY Startup Academy,https://startup.ey.com/en/academy/how-far-can-you-go-2,Germany,Frankfurt,FinTech,,,33,
NLC,https://nlc.health/,The Netherlands,Amsterdam,"Life Science, Medical Technology, Ehealth, Healthcare, Medical Devices, HealthTech",Bert-Arjan Millenaar,2014,33,
Petit Poucet,http://www.petitpoucet.fr,France,Paris,Industry Agnostic,,2001,33,3
Primer,http://www.primer.kr,South Korea,Seoul,"Mobile, Internet Services, Software, Healthcare",Douglas Guen,2010,32,2
FuturePlay,http://www.futureplay.co,South Korea,Seoul,"Robotics, Energy, Healthcare, Infrastructure Beauty, Blockchain, Real Estate, FinTech, Food VR, AR","Danny Yoon, Hoseok JUNG, Jaesun Han, Jung-hee Ryu, Sungjae Hwang",2013,32,
Slingshot Accelerator,http://www.slingshotters.com,Australia,Sydney,Industry Agnostic,"Craig Lambert, Trent Bagnall",2013,32,
Luma Launch,https://www.luma.inc,United States,Santa Monica,"Technology, Healthcare, Education, Climate","Francis Pollara, Laurent Grill, Matt Lydecker",2015,32,2
Virtual Network,https://www.virtual-network.com/,Switzerland,Nyon,Information Technology,Stephane Pictet,1997,32,9
Enry's Island,http://enrysisland.com,Italy,Pescara,Video Games,Luigi Valerio Rinaldi,2013,32,
Sberbank-500,https://www.sberbank-500.ru,Russia,Moscow,"AdTech, SaaS, Autonomous Vehicles, Cyber Security, Ecommerce, EdTech, Entertainment, Esg, FinTech, InsurTech, Legaltech, Mapping, MedTech, Metaverse, Defi, Proptech, Retail",,2017,32,
Techstars Paris,http://www.techstars.com/programs/paris-program/,France,Paris,Industry Agnostic,,2006,32,
X21 Digital,https://x21digital.com/,Singapore,Singapore,"Blockchain, FinTech",,2020,31,
MARL 5G Accelerator,https://www.marlaccelerator.com/,United States,Fremont,"Mobility, Autonomy, VR, AR, Robotics, Logistics, Cyber Security","Amir Khan, Prakash Goswami",2019,31,
AcceliCITY,https://leadingcities.org/,United States,Boston,"Technology, Climate Tech",,2010,31,
Target Accelerator,https://targetaccelerators.com/apply-now/,India,Bangalore,Industry Agnostic,Ravi Kanniganti,2014,31,3
NEOPLY,http://www.neoply.com,South Korea,Bundangdong,Blockchain,,2008,31,1
Techstars Sports Accelerator,https://www.techstars.com/programs/sports-program/,United States,Indianapolis,Sports Tech,,,31,
Purppl,http://purppl.com/,Canada,Kelowna,Industry Agnostic,,2015,31,1
L Marks,https://lmarks.com,United Kingdom,London,Technology,Stuart Marks,2012,31,2
DeFi Alliance,https://defialliance.co/,,,"Web3, Defi, DAO, Gamefi","Imran Khan, Jacob Franek, Qiao Wang",2020,30,
Oman Technology Fund,https://www.otf.om/,Oman,Muscat,Technology,,2016,30,2
ScaleUp Malaysia,https://www.scaleup.my/,Malaysia,Kuala Lumpur,Technology,"Aaron Sarma, Sivapalan Vivekarajah",2019,30,1
88mph.ac,http://www.88mph.ac,Kenya,Nairobi,Technology,Kresten Buch,2011,30,1
RSE Ventures,http://rseventures.com,United States,New York,"Sports, Entertainment, Media, Consumer, Technology","Matt Higgins, Stephen M. Ross",2012,30,10
Financial Venture Studio,https://www.finventurestudio.com/,United States,San Francisco,FinTech,"Ryan Falvey, Tyler Griffin",2018,30,7
Food Labs,http://foodlabs.de/,Germany,Berlin,"FoodTech, Climate Tech, AgTech",Christophe Maire,2016,30,
Ignite Accelerator,http://ignite.io/,United Kingdom,Newcastle Upon Tyne,"Software, SaaS, Mobile","Collin Willis, Paul Smith",2011,30,3
World Startup Factory,https://worldstartup.co,The Netherlands,The Hague,Industry Agnostic,,2014,30,
FONGIT,http://www.fongit.ch/,Switzerland,Geneva,Technology,,1991,30,
Asahi Media Lab Ventures,https://asahimedialab.vc/,Japan,Tokyo,"Technology, Media Tech",,2017,29,
Techstars Tel Aviv Accelerator,https://www.techstars.com/accelerators/tel-aviv,Israel,Tel Aviv,"Consumer Goods, Consumer Services, Energy, Healthcare, Information Technology, SaaS, Mobile, Big Data, IoT, Ecommerce, 3D Printing, AR, B2B Payments, Beauty, eSports, VR, Cyber Security, Impact, Infrastructure, AI",,,29,
Villgro,http://www.villgro.org/,India,Chennai,"Agriculture, Climate, Healthcare, EdTech",Paul Basil,2001,29,
Orion Startups,https://orionstartups.com,Mexico,Chihuahua,"Wellness, Travel, IoT, Insurance, Health, EdTech, AI, AgTech","Antonio Rios, Luis Almanza",2014,29,
Cotidiano,http://cotidiano.com.br,Brazil,Brasilândia,Industry Agnostic,"Andre Casimiro Costa, Andre Faria, Andre Froes, Wesley Almeida",2016,29,1
Ventiur Aceleradora,http://ventiur.net/,Brazil,São Leopoldo,Industry Agnostic,Sandro Cortezia,2013,29,3
AIM Smart City,http://www.aimsmartcity.com/,India,New Delhi,"Health, EdTech, Cleantech",,,29,
Overkill Ventures,https://www.overkill.vc/,Latvia,Riga,B2B,"David Ventzel, Dmitry Saikovsky, Peter Marculans",2018,29,2
Buildit Accelerator,http://www.buildit.lv,Latvia,Riga,"Hardware, Electronics, Robotics, IoT, Greentech","Aleksander Tõnnisson, Matiss Neimanis, Rene Tonnisson, Toomas Noorem",2018,29,
Ship2B,http://www.ship2b.org/,Spain,Barcelona,"Healthcare, Cleantech, Energy","Clara Navarro, Maite Fibla, Xavier Pont",2013,29,
ACE Incubator,https://ace-incubator.nl/,The Netherlands,Amsterdam,"Science, Technology","Erik Boer, Peter Krijnsen",2013,29,1
I3P,http://www.i3p.it/en,Italy,Torino,"Aerospace, AI, Blockchain, Circular Economy, Cleantech, DeepTech, Drones, FinTech, Industrial, Information Technology, MedTech, New Mobility",,1999,29,
Start-Up Brasil,http://www.startupbrasil.org.br/,Brazil,São Paulo,Industry Agnostic,,2012,28,2
DivInc,https://divinc.org/,United States,Austin,Technology,"Dana Callender, Preston L. James",2016,28,
Human Ventures,http://human.vc,United States,New York,"Health, Wellness, Future of Work, Consumer Goods, FinTech, HRtech","Heather Hartnett, Joe Marchese, Maisha Leek, Megan O'Connor",2015,28,4
Lair East Labs,https://www.laireastlabs.com/,United States,New York,"Enterprise, DeepTech, Hardware, Consumer, Entertainment, Health","Lee Lin, Michelle Wang, Seamon Chan, Yipeng Li",2017,28,1
Rainmakers,http://rainmakersglobal.com/,United States,San Francisco,Technology,Ben Way,2001,28,5
MACH37,https://www.mach37.com/,United States,Mclean,Cyber Security,,2013,28,4
Tumml,http://tumml.org,United States,San Francisco,Technology,"Clara Brenner, Julie Lein",2012,28,3
leAD Sports & Health Tech Partners,https://www.leadsports.com,Germany,Berlin,"Sports Tech, Health, Nutrition",,2016,28,
Team Europe,http://teameurope.net,Germany,Berlin,"Mobility, Clean Energy, Robotics, AI, Impact","Kolja Hebenstreit, Lukasz Gadowski, Pawel Chudzinski",2008,28,10
CodeBase,http://www.thisiscodebase.com,United Kingdom,Edinburgh,"Mobile, Analytics, Software, Information Technology","Jamie Coleman, Stephen Coleman",2014,28,4
NewMe Accelerator,https://www.lightship.education/,United States,San Francisco,Industry Agnostic,Angela Benton,2011,27,
ZeroTo510,http://zeroto510.com,United States,Memphis,Healthcare,"Allan Daisely, Jan Bouten",2012,27,
Savour Ventures,https://www.savour.ventures,Kuwait,Kuwait,"AgTech, Food Distribution, Retail, Consumer Packaged Goods, Food, Beverages",Rashid Sultan,2017,27,
NMotion,http://nmotion.co,United States,Lincoln,Industry Agnostic,Brian Ardinger,2013,27,3
Nex Cubed Digital Health,https://www.nex3.com/,United States,San Diego,"AI, Healthcare",,2016,27,1
F10,https://www.f10.global/,Switzerland,Zürich,"FinTech, InsurTech, Regtech","Andreas Iten, Markus Graf",2016,27,
Lighthouse Ventures,https://lhv.vc,Czech Republic,Prague,Industry Agnostic,"Jiri Janku, Michal Zalesak, Ravit Avidor, Vladislav Vintner",2018,27,
Founders,http://founders.as/,Denmark,Copenhagen,"B2B, SaaS, Consumer, FinTech","Joshua Karjala-Svendsen, Peter Heering, Sebastian Stockmarr, Simon Sylvest, Stefano Zorzi, Ulrik Trolle",2012,27,
Geovation,https://geovation.uk,United Kingdom,London,"Geospatial Technology, Real Estate",,2009,27,
DigitalHealth.London Accelerator,http://digitalhealth.london/accelerator/,United Kingdom,London,HealthTech,,2016,27,1
NIVALIS Group,https://www.nivalisgroup.ch/,Switzerland,Villaz-Saint-Pierre,"Automation, Robotics, AI, Additive Manufacturing",,2002,27,3
Branded Strategic Hospitality,http://www.brandedstrategic.com,United States,New York,"Technology, Food Service, Hospitality","Dean Palin, James Frischling, Michael Schatzberg",2017,26,
Anthill Ventures,http://anthillventures.com/,Singapore,Singapore,"Consumer, Media, Health","Doug Shinsato, Prasad Vanga, Rimpal Chawla, Sailesh Sigatapu",2014,26,1
Illumina Accelerator,https://www.illumina.com/accelerator,United States,San Francisco,"Genomics, Therapeutics, Diagnostics, Agriculture, Synthetic Biology, Software, Direct-To-Consumer Applications","Amanda Cashin, Mostafa Ronaghi",2014,26,1
Flashstarts,http://www.flashstarts.com,United States,Cleveland,"Healthcare Information Technology, Gigabit Fiber Applications, Mobile, Digital Publishing, Media","Charles Stack, Jennifer Keiser Neundorfer",2013,26,1
Bonds Investment Group,https://bonds-ig.com,Japan,Tokyo,Industry Agnostic,,2015,26,2
Demium Startups,https://demium.com,Spain,Valencia,Information Technology,Jorge Dobon,2013,26,1
Insurtech Gateway,http://www.insurtechgateway.com/,United Kingdom,London,"Intech, Health, Mobility","Robert Lumley, Stephen Brittain",2016,26,1
Venture INC S.A.,http://www.ventureinc.com/,Poland,Wroclaw,"SaaS, Gaming, Bioinformatics, Raas","Jakub Sitarz, Maciej Jarzebowski, Mariusz Cieply",2008,26,1
Baconsult,http://www.baconsult.hu,Hungary,Budapest,"Digital Education, HRtech, Ecommerce, SaaS","Maria Balogh-Mázi, Peter Balogh",2014,26,
Northern Stars,https://technation.io/previous-programmes/northern-stars/,United Kingdom,London,"FinTech, AI",,,26,4
Health Wildcatters,http://healthwildcatters.com,United States,Dallas,"HealthTech, M-Health, Consumer Health, HealthTechnology, Medical Devices, Pharmaceutical, Diagnostics","Carl Soderstrom, Clay Heighten, Gabriella Draney, Hubert Zajicek",2013,25,2
XLR8UH,http://www.xlr8uh.com,United States,Honolulu,"Environment, Healthcare, Enterprise, Life Sciences","Omar Sultan, Tarik Sultan",2014,25,
Launchpad LA,http://launchpad.la,United States,Santa Monica,Technology,"Adam Lilling, Mark Suster, Sam Teller",2009,25,8
Global Insurance Accelerator,http://globalinsuranceaccelerator.com/,United States,Des Moines,InsurTech,,2014,25,
Start Co.,http://neverstop.co/accelerators,United States,Memphis,Technology,"Andre Fowlkes, Eric Mathews",2008,25,
"ABBALab - Atom to Bit, Bit to Atom",http://abbalab.com/,Japan,Tokyo,"IoT, AI, Robotics",,2013,25,1
Startupbootcamp Fintech Singapore,https://www.startupbootcamp.org/accelerator/fintech-singapore/,Singapore,Singapore,"FoodTech, IoT, FinTech, Energy, Defi, Mobility, Transportation, Eventtech, InsurTech, Cyber Security","Markus Gnirck, Nektarios Liolios",2010,25,3
NCSC Cyber Accelerator,https://www.ncsc.gov.uk/cyber-accelerator,United Kingdom,London,Cyber Security,,2017,25,2
Oxygen Accelerator,http://www.oxygenaccelerator.com/,United Kingdom,Birmingham,Technology,Mark Hales,2011,25,
Happy Farm Business Accelerator,http://www.happyfarm.com.ua/,Ukraine,Kiev,Information Technology,Anna Degtereva,2012,25,1
Bienville Capital,https://www.bienvillecapital.com/,United States,New York,"SaaS, Crypto","Billy Stimpson, Cullen Thompson, Ralph Reynolds",2008,24,5
Platform Calgary,https://platformcalgary.com/,Canada,Calgary,Technology,Evan Hu,,24,
Z Nation Lab,http://znationlab.com/,India,Mumbai,"Media, Entertainment, Healthcare, Wellbeing, Real Estate, Pharmaceutical, Cosmetics","Anup Mehta, Neha Jain",2016,24,2
StartupFon,https://www.startupfon.com/,Turkey,Istanbul,"AI, Education, FinTech, HRtech, IoT, Metaverse, RetailTech, Robotics",Gülsüm Çıracı,2016,24,1
Yellow,https://www.yellowla.com/,United States,Los Angeles,"Education, Commerce, Health, Fitness, Entertainment, Games",,,24,1
Luminate,https://luminate.org/,United States,Rochester,"Biophotonics, Camera Technologies, Energy, Healthcare",,2017,24,
Inco,https://www.inco.co.com/,France,Paris,Industry Agnostic,"Nicolas Hazard, Sandy Khan",2010,24,
Ecofuel,https://fondsecofuel.ca/,Canada,Montréal,Cleantech,Andrée-Lise Méthot,2014,23,
MiLA Capital,http://www.mila.vc,United States,Los Angeles,Technology,"Noramay Cadena, Shaun Arora",2015,23,
Motus Ventures,http://www.motusventures.com/,United States,Redwood City,"Transportation, Internet",Robert Seidl,2012,23,3
The Holt Xchange,https://holtxchange.com/,Canada,Montréal,FinTech,,2018,23,
CyRise,https://www.cyrise.co/#,Australia,Melbourne,Cyber Security,,2017,23,
GRID EXPONENTIAL,http://www.gridexponential.com,Argentina,Buenos Aires,"Agriculture, Healthcare, Energy",Matias Peire,2014,23,
UNICEF StartUp Lab,https://unicefstartuplab.org/,Ghana,Accra,"Social, Technology",,,23,
Spring Camp,http://springcamp.co,South Korea,Seoul,Industry Agnostic,,,23,
Walerud Ventures,http://www.walerud.com,Sweden,Stockholm,"High Tech, DeepTech, Impact Tech","Bengt Walerud, Caroline Walerud, Jane Walerud",2002,23,8
Huckletree Alpha Programme London,https://www.huckletree.com/alpha,United Kingdom,London,"HealthTech, EdTech, Parenttech","Andrew Lynch, Gabriela Hersham",2014,23,1
The Junction,https://www.f2vc.com/thejunction,Israel,Tel Aviv,Industry Agnostic,"Barak Rabinowitz, Jonathan Saacks",2011,22,7
Cleveland Avenue,http://www.clevelandavenue.com/,United States,Chicago,"FoodTech, Technology","Don Thompson, J. Skyler Fernandes",2015,22,1
HubSpot Ventures,https://www.hubspot.com/ventures,,,"SaaS, Analytics, Software, Marketing Automation","Brian Halligan, Dharmesh Shah",,22,4
Travel Startups Incubator,http://www.travelstartups.co,United States,Orlando,Travel Tech,"Matt Zito, Nicole Zito",2014,22,3
Iterative,https://iterative.vc/,Singapore,Singapore,Industry Agnostic,"Brian Ma, Hsu Han Ooi, Hsu Ken Ooi",2018,22,
Sparklabs Cultiv8,https://www.sparklabscultiv8.com/,Australia,Orange,"Agriculture, Food Products, AgTech, FoodTech",,2017,22,
The FIS Fintech Accelerator in Partnership with The Venture Center,https://www.venturecenter.co,United States,Little Rock,FinTech,,2015,22,3
PeaceTech Accelerator,https://www.peacetechlab.org/peacetech-accelerator,United States,Washington,Technology,Andre Pienaar,2017,22,1
KohFounders,http://kohfounders.com/,United States,Los Angeles,"Healthcare Tech, Ed Tech, Climate Tech, AgTech, Fin Tech, Prop Tech, Frontier Tech",Bong Koh,2013,22,10
Cox Enterprises Social Impact Accelerator powered by Techstars,https://www.techstars.com/accelerators/cox-social-impact,United States,Atlanta,Impact,,,22,
Carbon Trust,https://carbontrust.com,United Kingdom,London,"Cleantech, Energy, Climate",,2001,22,5
The Pearse Lyons Accelerator,https://pearselyonsaccelerator.com,Ireland,Dublin,"Nutrigenomics, Nutritional Sciences, Robots, Sensors, 3D Printing, AI, Gene Editingr, Ag-Science",,2017,22,1
Techstars Smart Mobility,https://www.techstars.com/programs/smart-mobility-program/,Italy,Turin,"Mobility, Sustainability, DeepTech, Logistics, EdTec",,,22,
iDealMachine,http://www.idealmachine.ru,Russia,Saint Petersburg,"Ecommerce, Mobile, High Tech, Robotics, AI","Michael Averbach, Sergey Fradkov",2012,22,
Startupbootcamp Istanbul,https://www.startupbootcamp.org/accelerator/istanbul/,Turkey,Istanbul,Industry Agnostic,,2013,22,
Exnetwork Capital,https://exnetworkcapital.com/,,,"Cryptocurrency, Blockchain",Eric Su,,21,
InQlab,http://InQlab.co,Colombia,Bogotá,Technology,,2013,21,
RGAx,http://www.rgax.com,United States,Chesterfield,"Software, FinTech",,2015,21,3
GENIUS NY,http://www.geniusny.com/,United States,Syracuse,Technology,,2016,21,
Genesis Centre,http://www.genesiscentre.ca/,Canada,St. John'S,"Technology, Oil, Gas",,1997,21,
OXO Labs Ltd.,http://oxolabs.eu/,Hungary,Budapest,"Cyber Security, Sporttech, Esport, Egaming, Leisure, Tourism","Bence Makai, Dávid Pongrác, Peter Oszko, Zoltan Katay",2014,21,
Startup Campus,http://startupcampus.hu/en/,United Kingdom,London,"Sporttech, Fashion, Design, Automotive, Sport, Tourism, Gastronomy, Hardware",,2015,21,
BERRIUP,http://www.berriup.com/,Spain,Donostia-San Sebastián,Industry Agnostic,"Alvaro Bilbao, Gabriel Benguría, Pablo Ayala, Pedro Muñoz-Baroja",2015,21,
Day One Entrepreneurs & Partners,https://www.dayonepartners.com,France,Paris,Industry Agnostic,,2012,21,1
Startupbootcamp Digital Health Berlin,https://www.startupbootcamp.org/accelerator/digital-health-berlin/,Germany,Berlin,"FoodTech, IoT, FinTech",,2016,21,
Potential VC,http://potential.vc/,United Kingdom,London,Industry Agnostic,YC Ng,2015,21,3
Discover PreAccelerator,http://bongohive.co.zm/startup-programmes/discover/,Zambia,Lusaka,"Gaming, Robotics",,,21,
Navigate,https://www.navigate.capital/,United States,Miami,Industry Agnostic,"Alexander Miller, Andres Vallejo, Pedro Sostre",2020,20,
Innovate Mississippi / MS Angel Network/ MS Seed Fund,http://innovate.ms/services/investors/,United States,Ridgeland,"Alternative Energy, Technology",,2001,20,
dlab,https://dlab.vc,United States,New York,"Web3, Decentralization, Blockchain","Nick Plante, Sean O'Sullivan, Shawn Broderick",2018,20,
i/o Ventures,http://www.ventures.io,United States,San Francisco,Industry Agnostic,"Jim Young, Paul Bragiel",2010,20,8
Innoventures,https://innoventures.me/,Egypt,Cairo,"Technology, HealthTech","Ahmed Mikkawi, Ashraf El-Sharkawy, Sameh Shaheen",2010,20,
Empowered Startups,https://empoweredstartups.com/,Canada,Vancouver,"EdTech, Healthcare",Amber Allen,2009,20,
Cicada Innovations,https://www.cicadainnovations.com/,Australia,Sydney,DeepTech,Dharmica Mistry,2000,20,2
Accelerate New York Seed Fund,http://www.anyseedfund.com,United States,Melville,"Biotech, Healthcare, Health Diagnostics, Information Technology, Software",,2017,20,
Techstars Starburst Space Accelerator,https://www.techstars.com/programs/starburst-space-program/,United States,Los Angeles,Space,,,20,
Derbi Foundation,http://www.derbifoundation.com/,India,Bangalore,Sustainability Tech,,,20,
Kamet,http://www.kametventures.com,France,Paris,"InsurTech, HealthTech, Mobility",Stephane Guinet,2016,20,2
Cobin Angels,https://www.cobinangels.com,Poland,Warsaw,Technology,Robert Lugowski,2015,20,
StartLife,https://start-life.nl/,The Netherlands,Wageningen,"AgTech, FoodTech",,2010,20,
Siemens Technology Accelerator,http://www.sta.siemens.com/,Germany,Munich,Industry Agnostic,"Christian Wiesinger, Rudolf Freytag",2001,20,3
CREATE-X,https://create-x.gatech.edu/,United States,Atlanta,Industry Agnostic,"Chris Klaus, Raghupathy Sivakumar",2014,19,
Archimedes Labs,https://www.archimedes.studio,United States,Palo Alto,"AR, Blockchain, Cloud Data Services, Cloud, Consumer Software, AI, Mobile","Kambiz Hooshmand, Keith Teare, Kevin Doerr, Michael Arrington",2005,19,3
OCEAN Accelerator,http://www.oceanprograms.com/accelerator/,United States,Cincinnati,Information Technology,"Chad Reynolds, Tim Brunk, Tim Metzner",2014,19,1
Hanse Ventures,http://www.hanseventures.com,Germany,Hamburg,Industry Agnostic,Jochen Maaß,2010,19,2
Eastlabs,http://www.eastlabs.co,Ukraine,Kiev,Enterprise,,2011,19,1
DFS Lab,http://www.dfslab.net/,United States,Seattle,"Ecommerce, FinTech, Logistics, Banking",Jake Kendall,2016,18,
Alpha Wave Incubation,https://alphawaveglobal.com/,,,Industry Agnostic,Rick Gerson,,18,
The Baobab Network,http://thebaobabnetwork.com/,Kenya,Nairobi,Technology,"Toby Hanington, Tom Fairburn",2015,18,1
GBIC,http://gbic.io/,United States,New York,"Blockchain, Digital Assets, Distributed Ledger Technology",Richard Lee,2017,18,1
Grindstone,https://grindstonexl.com/,South Africa,Cape Town,Information Technology,,2013,18,
01booster,https://01booster.com/english,Japan,Tokyo,Industry Agnostic,Norifumi Suzuki,2012,18,
Techstars Iowa Accelerator,https://www.techstars.com/accelerators/iowa,United States,Des Moines,Industry Agnostic,,,18,
WNT Ventures,http://wntventures.co.nz/,New Zealand,Tauranga,"AI, AgTech, Sustainability","Beppie Holm, Carl Jones, Ian MaCrae, Peter Wren-Hilton, Steve Saunders",2014,18,2
GHV Accelerator,http://www.ghvaccelerator.com,India,Gurgaon,Climate Tech,"Anurag Kapoor, Vikram Upadhyaya",2014,18,1
International Centre for Entrepreneurship and Technology,http://icreate.org.in,India,Ahmedabad,"AI, Biotech, Cleantech, Food, Beverages, Renewable Energy, Software, WaterTech, Robotics, EdTech, Legaltech, HealthTech, FinTech",Thyagrajan K.,2011,18,
Amplifi,http://www.amplifi.asia,India,Mumbai,Technology,"Amitava Neogi, Ravi Veeraghanta, Rohinton Bharucha, Sudarshan Narayan, UDay Deshpande",2015,18,
Project Music,http://ec.co/project-music,United States,Nashville,"Music, Entertainment",,,18,1
Gateway,http://www.gtwy.co/,United States,Oakland,Industry Agnostic,"Ben Larson, Carter Laren",2015,18,3
LISY INDY,https://www.lisc.org/indianapolis/,United States,Indianapolis,"Healthcare, Economic Mobility",,,18,
UCI Applied Innovation,http://innovation.uci.edu/,United States,Irvine,Industry Agnostic,Richard Sudek,2014,18,
Blenheim Chalcot,http://www.blenheimchalcot.com,United Kingdom,London,"FinTech, Media, EdTech, Information Technology","Charles Mindenhall, Manoj Badale",1998,18,2
Katapult Ocean,https://katapult.vc/ocean,Norway,Oslo,Technology,"Anders Lier, Haakon Brunell, Maren Hjorth Bauer, Tharald Nustad",2018,18,
Fashion For Good,https://fashionforgood.com/,The Netherlands,Amsterdam,Fashion,,2016,18,1
InnovationRCA,https://www.rca.ac.uk/research-innovation/innovationrca/,United Kingdom,London,"AgTech, MedTech, Cleantech, Construction, Fashion",,,18,
Metxa Accelerator,https://metxa.com/,Spain,Vitoria-Gasteiz,"Construction, Engineering, Logistics, Environment, Fashion, Health, AgriFood, Tourism, Hospitality","Enrique Ranedo, Josetxu Silgo, Laura Unzueta",2015,18,
Massachusetts Institute of Technology,http://web.mit.edu/,United States,Cambridge,Industry Agnostic,"Birago Jones, Chris Caplice, Erastus Brigham Bigelow, Federico Casalegno, Zen Chu",1861,17,1
Atlanta Ventures,http://www.atlantaventures.com/,United States,Atlanta,"SaaS, Technology, Healthcare",David Cummings,2012,17,1
Life Sciences Greenhouse of Pennsylvania,http://www.lsgpa.com,United States,Harrisburg,"Life Science, FinTech",,2002,17,
Kauffman Foundation,http://kauffman.org,United States,Kansas City,Industry Agnostic,Ewing Marion Kauffman,1960,17,3
HIGHROAD,https://highroad.center,Israel,Azor,"Software, Technology","Dov Hoffman, Eliran Binman, Eyal Hoffman, Guy Zaks",2018,17,1
Morgan Stanley Multicultural Innovation Lab,https://www.morganstanley.com/about-us/diversity/multicultural-innovation-lab,United States,New York,"Healthcare, Information Technology, Consumer Goods, Business Products, Services, Cyber Security, Life Sciences",,,17,
Techstars Atlanta in Partnership with Cox Enterprises,https://www.techstars.com/accelerators/atlanta,United States,Atlanta,Industry Agnostic,,,17,1
ParticleX,http://www.particlex.com,Hong Kong,Hong Kong,"AI, IoT, Blockchain, Robotics",Mingles Tsoi,2017,17,
Ideaspring Capital,http://ideaspringcap.com/,India,Bangalore,Information Technology,Naganand Doraswamy,2016,17,2
Global Sports Venture Studio,https://www.globalsportsventurestudio.com/,United States,New York,"Sports, Media, Tech Space","Cole Van Nice, Kyle Bunch, Tucker Kain",2015,17,2
Founders Factory Africa,https://foundersfactory.com/africa/,South Africa,Johannesburg,"Healthcare, Climate, FinTech, Blockchain, Big Data, AI",,2018,17,
Injini,https://www.injini.africa/,South Africa,Cape Town,EdTech,,,17,1
Maine Technology Institute,http://www.mainetechnology.org,United States,Brunswick,"Biotech, Information Technology, Agriculture, Forestry, Advanced Manufacturing, Cleantech",,1999,17,1
CivStart,https://www.civstart.org/,United States,Washington,"Healthcare, Transportation, Civic Tech",,2018,17,1
Iowa Startup Accelerator,http://www.iowastartupaccelerator.com,United States,Cedar Rapids,"EdTech, MedTech, FinTech, AgTech, Consumable, Service","Andy Stoll, Eric Engelmann",2014,17,1
NCA,http://nca.vc,Germany,Hamburg,Commerce,,2017,17,
SEK Lab EdTech Accelerator,http://seklab.es/,Spain,Madrid,EdTech,"Felix Lopez Capel, Jose Luis Malaga Pescador",2015,17,
Going Investment S.A.,http://www.going.es,Spain,Zaragoza,Industry Agnostic,Carlos Oehling,1998,17,11
TechItalia:Lab,http://www.techitalialab.com,United Kingdom,London,"Techonology, Media",,2017,17,
SpeedUP! Europe,http://speedupeurope.eu,Germany,Lübeck,"Cleantech, Smart City, Agriculture",,2014,17,
Intellitext,http://intellitext.hu/,Hungary,Budapest,Industry Agnostic,,,17,
Marwari Catalysts,http://www.marwaricatalysts.com/,India,Jodhpur,Industry Agnostic,"Devesh Rakhecha, Dharamveer Chauhan, Lalit Mangal, Nitin Sethi, Raunak Singhvi, Sushil Sharma",2019,16,2
Alphacap Berhad,http://www.alphacapberhad.com,Malaysia,Puchong,"Technology, Life Science, Social Media, Fashion","Jeh Shyan Wong, Jeh Shyan Wong, Rayson Wong",2016,16,
Kairos,https://kairoshq.com/,United States,New York,Healthcare,"Alex Fiance, Ankur Jain, Zoe Oz",2017,16,
Nest,http://nest.vc,Hong Kong,Sheung Wan,"FinTech, HealthTech, Smart Cities","Lawrence Morgan, Simon Squibb",2010,16,
ShelterTech,https://www.habitat.org/sheltertech,United States,Atlanta,Real Estate,,2017,16,1
COLABORATIVOx,https://www.colaborativo.com.mx,United States,San Francisco,Technology,Alfredo Montoya,2012,16,1
Innovate BC,https://www.innovatebc.ca/,Canada,Vancouver,"Enterprise, FinTech",,2004,16,
Embarca Ventures,http://www.embarca.tech,Argentina,Mendoza,"Blockchain, EdTech, InsurTech","Belen Fernandez, Gonzalo Innocenti, Valentina Terranova",2018,16,
HealthStart,http://www.healthstart.co.in,India,Noida,HealthTech,Pradeep K Jaisingh,2014,16,1
StartLabs,http://www.startlabs.co,United States,San Francisco,Industry Agnostic,,2013,16,
Cultivator,https://www.cultivator.ca/,Canada,Regina,AgTech,,,16,
West Health Investment Fund,http://www.westhealthfund.com,United States,La Jolla,Healthcare,,2009,16,4
KOISRA Seed Partners,http://www.koisraseedpartners.com/,South Korea,Seoul,"Mobile, Cyber Security, Internet, IoT, Robotics, Medical, Ecommerce, Telecommunications","Aviram Jenik, Eyal Victor Mamou",2014,16,
Zinc.VC,http://www.zinc.vc/,United Kingdom,London,"Health, Environment","Ella Goldner, Kim van Haalen, Paul Kirby, Saul Klein, Vivien de Tusch-Lec",2017,16,
Zee Prime Capital,https://zeeprime.capital/,Slovakia,Bratislava,"AI, Blockchain, Cryptocurrency, Defi, Software, Financial Services, Advertising, Web3",,2019,16,1
Blockchers,https://www.blockchers.eu,Spain,Pamplona,"Energy, Health, AgriFood",Miguel García,2019,16,
UP21,http://up21.com,Czech Republic,Prague,Industry Agnostic,Vítek Šubert,2016,16,
VentureVilla Accelerator,http://www.venture-villa.de,Germany,Hanover,Technology,"Nadine Ringsdorff, Sven Klose",2016,16,
Acelera Región,https://www.ccc.org.co/landing/acelera/,Colombia,Cali,Industry Agnostic,,,16,
Exponential Impact,https://exponentialimpact.com,United States,Colorado Springs,"Cyber Security, AI, Blockchain",Vance F. Brown,2017,15,
AI Fund,https://aifund.ai/,United States,Palo Alto,"Consumer Goods, Consumer Services, Information Technology, Healthcare, AI",Andrew Ng,2017,15,
VoLo Earth Ventures,https://www.voloearth.com/,United States,Snowmass Village,"Energy Tech, Environment Tech, Climate Tech","Christopher Tullar, Eric Riesenberg, Joseph Goodman, Kareem Dabbagh, Robert Harding",2020,15,
The Kitchen - FoodTech Hub,http://www.thekitchenhub.com,Israel,Ashdod,"Alternative Proteins, Food Safety, Food",,2015,15,1
BIRD Energy,https://www.birdf.com/what-is-bird-energy/,Israel,Tel Aviv,"Agriculture, Communications, Construction Technologies, Electronics, Electro-Optics, Life Sciences, Software, Security, Renewables, Alternative Energy",,,15,2
New Ventures BC,http://www.newventuresbc.com,Canada,Vancouver,Technology,,2001,15,1
Vermont Center for Emerging Technologies,https://vcet.co,United States,Burlington,"Life Sciences, Biotech, Renewable Energy, Cyber Security, IoT, Consumer Goods, FinTech, AgTech, AI, Aerospace, Aviation, New Mobility, Consumer Media, Commerce, Medical Devices, HealthTech",,2005,15,2
REALITY ACCELERATOR,http://reality.vc/,Japan,Tokyo,Industry Agnostic,Yuichi Kori,2017,15,
i5invest,http://www.i5invest.com,Austria,Vienna,Industry Agnostic,Markus Wagner,2007,15,6
RElab,http://relab.tech/,United Kingdom,London,"Sustainability, Supply Chain, Technology",,,15,
Nextury Ventures,http://www.nextury.com,Lithuania,Vilnius,"FinTech, Proptech, Mobile, Ecommerce, Wearables",,2013,15,
BANGSHI CAPITAL,https://www.vcchina.com/,China,Hangzhou,"Education, Design, Medicine, Vertical Industry",,,15,
Startupbootcamp Fintech Mexico City,https://www.startupbootcamp.org/accelerator/fintech-mexico-city/,Mexico,Mexico City,FinTech,,,15,2
The Yield Lab Europe,https://yieldlab.ie/,Ireland,Dublin,"Agri Food, AgTech",,2017,14,2
The Workers Lab,http://theworkerslab.com,United States,Oakland,Industry Agnostic,,2014,14,
Incubate Fund India,https://www.incubatefund.in/,India,Bangalore,Industry Agnostic,Nao Murakami,2016,14,
StartupXseed Ventures,http://startupxseed.in/,India,Bangalore,"Cyber Security, Semiconductors, IoT, Robotics, Drones, AR, AI, Space","B. V. Naidu, Mohandas Pai, Ravi Thakur, V. Ramakrishna",2015,14,1
Rainmatter Capital,https://rainmatter.com/,India,Bangalore,FinTech,,,14,
Branded Hospitality Ventures,http://brandedventures.co,United States,New York,"Hospitality, Technology","Dean Palin, James Frischling, Jeff Mann, Michael Schatzberg",2019,14,
Tony Elumelu Foundation,http://www.tonyelumelufoundation.org/,Nigeria,Lagos,Industry Agnostic,Tony Elumelu,2010,14,
42 Ventures,http://www.42ventures.com,United States,Salt Lake City,"Technology, Cloud",Ned Stringham,2006,14,9
70Ventures,https://www.70v.com,Lithuania,Vilnius,B2B,"Gytenis Galkis, Jean-Baptiste Daguene, Per Møller",2019,14,
imec.xpand,http://www.imecxpand.com,Belgium,Leuven,Nanotechnology,,,14,
Crosspring,https://crosspring.com/,The Netherlands,Zoetermeer,"FinTech, AI, SaaS, Cyber Security, AgTech, AR, VR, Food",Maurice Beckand Verwee,2006,14,1
Recruitment Entrepreneur,https://www.recruitmententrepreneur.com,United Kingdom,London,Industry Agnostic,,2014,14,
LEAD,http://lead.se/,Sweden,Linköping,Technology,,2002,14,
Grocery Accelerator,http://groceryaccelerator.co.uk/,United Kingdom,London,"Retail, Food, Drink","Paddy Willis, Rob Ward, Simon Lacey",2014,14,
Communitech,http://www.communitech.ca,Canada,Kitchener,Technology,"Danielle Graham, Tom Jenkins",1997,13,2
Polymath Ventures,http://www.polymathv.com,Colombia,Bogotá,"Mobility, FinTech, Ecommerce, HealthTech, SaaS","Carlos Fernandez de la Pradilla, Wenyi Cai",2011,13,
EFG EV Fintech,https://www.efgev.com,Egypt,Cairo,"FinTech, InsurTech",Shehab Marzban,2018,13,
Techstars Alabama Power EnergyTech Accelerator,https://www.techstars.com/accelerators/alabama-power,United States,Birmingham,"Climate Tech, Cleantech, Energy",,,13,
LAB Miami Ventures,https://labventures.co,United States,Miami,"Real Estate, Construction, Technology",,2016,13,
Next 10 Ventures,https://www.next10ventures.com,United States,Los Angeles,Industry Agnostic,Benjamin Grubbs,2018,13,1
Leap Venture Studio,https://www.leapventurestudio.com/,United States,Los Angeles,Pet Care Industry,,2018,13,1
Silicon Catalyst,http://siliconcatalyst.com,United States,Santa Clara,"Transportation, Utilities, Energy Services",Rick Lazansky,2014,13,
Lamp Post Group,http://www.lamppostgroup.com,United States,Chattanooga,Technology,"Barry Large, Jack Studer, Miller Welborn, Shelley Prevost, Ted Alling",2010,13,2
NextFab,http://nextfab.com/,United States,Philadelphia,"Cleantech, Medical Devices, AgTech, IoT Wearables, Robotics",Evan D. Malone,2009,13,1
Startupbootcamp Cape Town,https://www.startupbootcamp.org/accelerator/cape-town/,South Africa,Cape Town,"Blockchain, Analytics, Ecommerce, Insurance",Zachariah George,,13,
Magna Investment,https://mgni.co.kr/,South Korea,Seoul,"Healthcare, Biotech",,,13,
AlphaLab Gear,http://alphalabgear.org,United States,Pittsburgh,Hardware,Josh McElhattan,2013,13,2
Tigerlabs,http://www.tigerlabs.co,United States,Princeton,"SaaS, Financial Technology, Educational Technology, Digital Media, Advertising Technology",,2011,13,2
Startupbootcamp Australia,https://www.startupbootcamp.com.au,Australia,Melbourne,"Energy, FinTech, Sports, Eventtech, FoodTech",,2018,13,
RSV Venture Partners,http://www.rsvcapital.com,United States,New York,Technology,,,13,
New Orleans BioFund,https://neworleansbio.com/biofund/,United States,New Orleans,"HealthTech, Environmental, Health, Therapeutics",,2013,13,
Lumos Accelerator,http://lumosinnovation.com/,United States,Columbus,"Business Productivity Software, FoodTech, Healthcare, Media, Information","Alex Picazo, Alex Purtell, Lacey Picazo, Matt Armstead, Maxwell Lipnick, Nick Davis, Todd Whittington",2016,13,
Coinsilium Group,https://coinsilium.com/,United Kingdom,London,"FinTech, Blockchain","Cameron Parry, Eddy Travia, Hakim Mamoni, Malcolm Pallé",2014,13,2
imec.istart,https://www.imecistart.com/en,Belgium,Gent,"Software, Hardware, DeepTech, Shallowtech",,2011,13,
MKB Fintechlab,https://www.fintechlab.hu/,Hungary,Budapest,"FinTech, AI, Cyber Security",Janos Pereczes,2016,13,
Hangar 51,http://www.hangar51.com/,United Kingdom,London,"FinTech, AI, SaaS, Cyber Security, AgTech, AR, VR, Food",Glenn Morgan,2015,13,1
IKEA Bootcamp,http://ikeabootcamp.rainmaking.io/,Sweden,Älmhult,"Retail, Food Innovation, Analytics, Design, Technology, Sustainability",,2017,13,1
IQbility,http://www.iqbility.com,Greece,Kallithéa,"Information Technology, Renewable Energy, Delivery Service",,2013,13,
Boox,http://www.boox.it,Italy,Milan,"Ecommerce, SaaS","Andrea Di Camillo, Marco Magnocavallo",2011,13,4
StartupHighway,http://startuphighway.com,Lithuania,Vilnius,Industry Agnostic,"Darius Zakaitis, Martynas Nikolajevas, Rokas Tamošiūnas",2011,13,1
Marathon Ventures,https://www.marathonvc.com/,Colombia,Bogotá,"SaaS, FinTech","Alejandro Echavarria, Leon Papu",2019,12,
Future Labs,http://futurelabs.nyc/,United States,New York,"AI, Cleantech, Consumer, Cyber Security, Data, Cloud, Education, Enterprise, SaaS, Fashion, FinTech, Hardware, Healthcare, Marketplaces, Mobility",Steven Kuyan,2009,12,
Conscious Venture Lab,http://www.consciousventurelab.com,United States,Baltimore,"Cyber Security, Biotech, Technology, Hospitality, Consumer Goods, Mobile, Games","Jeffrey Cherry, Zach Gottlieb",2013,12,
"Techstars Sustainability, in partnership with The Nature Conservancy",https://www.techstars.com/programs/sustainability-program/,United States,Denver,"Impact, Sustainability",,2006,12,
VIVE X,https://www.vive.com/us/vivex/,United States,San Francisco,"Helthtec, Electronics, Entertainment, VR","Alvin Wang Graylin, Cher Wang, Marc Metis, Raymond Pao",2016,12,
Hult Prize Foundation,https://www.hultprize.org/,United States,San Francisco,EdTech,Ahmad Ashkar,2010,12,
IdeaSpace Foundation,http://ideaspacefoundation.org/,Philippines,Makati,Technology,Earl Valencia,2012,12,
SunBridge,http://www.sunbridge.com,Japan,Shibuya,"Information Technology, Software",Allen Miner,2012,12,3
Upaya Social Ventures,http://www.upayasv.org/,United States,Seattle,"Food, Agriculture, Climate, Impact",,2011,12,
The Tornante Company,http://www.tornante.com,United States,California City,"Media, Entertainment",Michael Eisner,2005,12,2
Womena,https://womena.com/,United Arab Emirates,Dubai,"Ecommerce, SaaS, Technology, Software, Consumer, Internet, Information Technology","Chantalle Dumonceaux, Elissa Freiha",2014,12,1
Thrive by SVG Ventures,https://thriveagrifood.com/,United States,Los Gatos,"Food, Agriculture",John Hartnett,2014,12,
Sproutx,https://www.sproutx.com.au/,Australia,Melbourne,"AgTech, FoodTech, SaaS, FinTech",Sam Trethewey,2016,12,
thinQbate,http://www.thinqbate.com,India,Mumbai,"FinTech, HealthTech, Sportstech, EdTech","Arjun Madhavan, Pranav Marwah, Vidur Marwah",2016,12,1
Blue Ridge Foundation,http://brfny.org/,United States,Brooklyn,Social Technology,John Griffin,2000,12,
AC Accelerator,http://www.acjsq.com/,China,Beijing,"AI, Big Data, Enterprise Services","Luozhu Jin, Tong Wang, Yong Xu, Yuliang Tong",2015,12,
Startupbootcamp Smart City Dubai,https://www.startupbootcamp.org/accelerator/smart-city-dubai/,United Arab Emirates,Dubai,"IoT, Urban Automation Mobility, AI, Blockchain, Open City Data, Sustainable Cities, Smart Government, RetailTech",,,12,1
HUB612,https://www.hub612.com/,France,Lyon,"FinTech, InsurTech, B2B",,2016,12,
TheFactory,http://www.thefactory.no,Norway,Oslo,"FinTech, Proptech, Retail, SaaS, Social Impact",Ingar S. Bentsen,2016,12,
Huddle,http://huddle.work/,India,Haryana,"HealthTech, Enterprise, Climate Tech, Consumer, D2C","Ishaan Khosla, Rakesh Bhatia",2017,11,
Draper Goren Holm,https://drapergorenholm.com/,United States,Westlake Village,"Blockchain, Web3, Defi","Alon Goren, Josef Holm",2018,11,
Pioneer Square Labs,https://psl.com,United States,Seattle,Technology,"Ben Gilbert, Geoff Entress, Greg Gottesman, Julie Sandler, Mike Galgon",2015,11,1
Capria Ventures,http://www.capria.vc/,United States,Seattle,Technology,"Dave Richards, David Riley, Jack Knellinger, Will Poole",2015,11,
Victory Square,https://victorysquare.com/,Canada,Vancouver,"HealthTech, Gaming, Web3, VR, AR, Climate Tech","Ray Walia, Shafin Diamond Tejani",2015,11,1
Fusion,https://www.fusion-vc.com/,United States,Santa Monica,Industry Agnostic,"Guy Katsovich, Yair Vardi",2017,11,1
Awesome Ventures,http://www.awesome-v.com/,South Korea,Mapo,"Blockchain, Media, FinTech, Finance, EdTech",,2017,11,
Westlake Village BioPartners,http://westlakebio.com/,United States,Westlake Village,"Pharmaceutical, Life Science, Biotech",Beth Seidenberg,2018,11,
SteelBridge Laboratories,https://steelbridgelabs.com/,United States,Pittsburgh,"Software, Technology","James Haluszczak, Luis Burgos, Tim Haluszczak, Todd Haring",2016,11,1
ideaTree Inc.,http://www.ideaTree.com,United States,West Hollywood,"Social Media, Ecommerce, Sports, Marketplaces, Travel, Online Dating",Siddharth Arora,2012,11,
ThinkZone Ventures,http://thinkzone.vn,Vietnam,Hanoi,"Retail, Software, Advertisement Technology, Marketing, FinTech, Ecommerce, Food",Do Bui,2019,11,
Parallel18,http://www.parallel18.com/,Puerto Rico,San Juan,Industry Agnostic,Lucas Arzola,2015,11,
Squared Circles,http://www.squaredcircles.com,United States,New York,Industry Agnostic,"Alexander Gilkes, Lukas Derksen, Osman Khan",2020,11,
1337 Ventures,http://www.1337accelerator.com/,Malaysia,Kuala Lumpur,Industry Agnostic,Bikesh Lakhmichand,2013,11,
Highline Beta,http://www.highlinebeta.com/,Canada,Toronto,"Insurance Tech, Health, FinTech, Retail, Consumer Packaged Goods, FoodTech, Media, Entertainment","Benjamin Yoskovitz, Marcus Daniels",2016,11,
Dcode,https://dcode.co/work/technology/,United States,Washington,Technology,Meagan Metzger,2015,11,
Techstars Future of Longevity Accelerator,https://www.techstars.com/accelerators/longevity,United States,Washington,"Longevity, Caregiving",,,11,
Starttech Ventures,http://www.starttech.vc,United States,San Francisco,Industry Agnostic,"Dimitris Tsingos, Katerina Kastriti, Vangelis Mihalopoulos",2012,11,1
Vietnam Innovative Startup Accelerator,https://www.viisa.vn/,Vietnam,Ho Chi Minh City,"Enterprise, Consumer","Duc Tran, Hieu Vo",2017,11,1
GLOCAL,http://www.glocalmanagers.com,Argentina,Rosario,Agri FoodTech,Bernardo Milesy,2016,11,
Turk Telekom PILOT,https://www.turktelekompilot.com.tr,Turkey,Istanbul,"5G Tech, HealthTech, SaaS, Energy",Duygu Oktem Clark,2013,11,
Aligned Partners,http://alignedvc.com,United States,Menlo Park,FinTech,"Jodi Sherman Jahic, Susan Mason",2011,11,2
Startup Canada,http://www.startupcan.ca/,Canada,Ottawa,Industry Agnostic,,2012,11,
Gennext Innovation Hub,https://www.jiogennext.com,India,Ghansoli,"FinTech, HealthTech, Blockchain, IoT, EdTech",,2014,11,1
K-Startup Grand Challenge,http://www.k-startupgc.org,South Korea,Pangyo,"AI, Blockchain, Vehicle Automation, Tech",,2019,11,
Growth Circuit,https://www.growthcircuit.co/,United States,San Francisco,Technology,,2016,11,1
METABRIDGE,http://metabridge.com,Canada,Kelowna,Technology,Steve Wandler,2008,11,
VLX Ventures,http://www.vlx.co.il,Israel,Jerusalem,"AI, Biotech, Pharmaceutical",,2013,11,
EMERGE CoLab,http://emerge.technexus.com,United States,Chicago,Industrial Wearables Technologies,"Fred Hoch, Terry Howerton",2015,11,
Gojek Xcelerate,https://www.gojek.com/gojekxcelerate/,Indonesia,Jakarta,"Lifestyle, Beauty, Entertainment, Healthcare, Ecommerce",,,11,
Dreamit Securetech,https://www.dreamit.com/securetech,United States,New York,"HealthTech, Securetech, Urbantech",,,11,1
Costarter,http://www.costarter.ca,Canada,Thunder Bay,Industry Agnostic,,,11,
STARTPLATZ,http://www.startplatz.de/,Germany,Cologne,"Technology, Web3, Metaverse",Lorenz Graef,2012,11,1
Abbey Road Red,http://www.abbeyroad.com/abbeyroadred,United Kingdom,London,Music Tech,,2015,11,
TruVenturo,http://www.truventuro.com/,Germany,Hamburg,"Pharmaceutical, Elder Care, Neuroscience, Biotech",,2009,11,1
Paris&Co Incubateurs,http://incubateurs.parisandco.com/,France,Paris,"Digital Publishing, Ehealth, Cultural Digital, Creative Digital, Smart Food, Sports, Tourism, Sustainable Cities",,,11,1
1stMOVER,https://www.1stmover.org/,Germany,Düsseldorf,"IoT, Big Data, AI, Blockchain, Robotics, VR, AR","Klemens Gaida, Peter Hornik, Ralf Lauterbach",2009,11,
Rokk3r,http://www.rokk3r.com,United States,Miami,"Blockchain, AI, 3D Printing, Internet, Nanotechnology","Brian Sanchez, Charles Irizarry, German Montoya, Juan Montoya, Nabyl Charania",2012,10,1
Gayo Capital,https://www.gayo.capital/,Singapore,Singapore,"AgTech, Supply-Chain, Logistics, Lifestyle, Education, FinTech","Edward Ismawan Chamdani, Ishara Yusdian",2020,10,
ventureLAB,http://www.venturelab.ca/,Canada,Markham,"Hardware, Software Technologies",Melissa M. Chee,2011,10,
Upward,https://www.moveupward.city,United States,New York,"Clean Energy, Construction, Energy Efficiency, Energy Storage, Real Estate, Renewable Energy, Smart Home Solar",Shana Schlossberg,2016,10,
Xoogler,https://xoogler.co,,,Industry Agnostic,"Christopher Fong, Ethan Beard, Kushagra Shrivastava",2015,10,
"Haus Capital, LLC",https://www.hauscap.com,United States,Beverly Hills,"Food, Beverages",Phil Haus,2017,10,1
Bharat Inclusion Seed Fund,https://bharatinclusion.ciie.co/,India,Ahmedabad,"AgTech, HealthTech, Insuretech, Consumer Internet, Software",,2018,10,
Creative Startups,http://creativestartups.org/,United States,Santa Fe,Industry Agnostic,,2007,10,
The FinLab,http://www.thefinlab.com/,Singapore,Singapore,FinTech,,2015,10,
SamStella,http://www.samstella.com,United States,New York,"SaaS, AdTech, Ecommerce",,2011,10,4
LaunchTime,http://www.launchtime.com,United States,New York,"Analytics, Big Data, Internet, Gaming, Ecommerce",Benjamin Sun,,10,5
Epicenter Logistics Innovation Accelerator,http://www.epimemphis.com/supply-chain-and-logistics-accelerator/,United States,Memphis,"AI, Creative, Data, FinTech, Food, Beverage, Hardware, Healthcare Tech, Smarthome Tech, Logistics, Supply Chain, Medical Devices, Music, Professional Services Tech",,,10,
Ready2Launch,https://ready2launch.ca/,Canada,Halifax,"Research Commercialization, Health",,,10,
John Keells X,https://johnkeellsx.com/,Sri Lanka,Colombo,Industry Agnostic,,2016,10,
Amrita TBI,http://www.amritatbi.com,India,Kollam,Information Technology,,2008,10,1
IONIQ,https://www.ioniq.com,Germany,Berlin,"Data, AdTech, FinTech","Hanno Fichtner, Hendrik Krawinkel, Jan Beckers, Ruben Haas, Tim Koschella",2011,10,2
Signal Ventures,https://www.thesignalgroup.com/signal-ventures,United Kingdom,London,Technology,,,10,2
SR Innovation Exchange,https://www.srix.in/index.php,India,Warangal,"Agriculture, Healthcare, Environment, Education",,,10,
ABN AMRO & Techstars Future of Finance Accelerator,https://www.techstars.com/accelerators/abn-amro-techstars-future-of-finance-accelerator,The Netherlands,Amsterdam,FinTech,,,10,
Qi3 Ventures,http://www.qi3.co.uk/ventures,United Kingdom,Cambridge,"Space, High Value Manufacturing, Ecommerce",,1999,10,1
Techstars Energy Accelerator in Partnership with Equinor,https://www.techstars.com/accelerators/equinor-energy,Norway,Oslo,Energy,,,10,
NCI Waterstart,https://www.n-ci.com/waterstartcapital/,France,Rouen,Industry Agnostic,,,9,
LaunchVic,http://launchvic.org/,Australia,Melbourne,Industry Agnostic,Jo Burston,2015,9,1
Mahindra Partners,http://www.mahindrapartners.com,India,Mumbai,"Healthcare, Cleantech, Renewables, Consumer","J C Mahindra, K C Mahindra, M. G. Muhammad",2010,9,1
SheEO,https://sheeo.world,Canada,Toronto,Industry Agnostic,Vicki Saunders,2013,9,
Pivotal Ventures,https://www.pivotalventures.org,United States,Seattle,"Media, Tech",Melinda Gates,2015,9,
Lightning Lab,http://www.lightninglab.co.nz,New Zealand,Wellington,Industry Agnostic,Stefan Korn,2012,9,
LVT Capital,https://lvtcapital.com/,Australia,Edgecliff,"Cryptocurrency, Blockchain",Pino Tedesco,2014,9,
Allen Institute for Artificial Intelligence,http://allenai.org/,United States,Seattle,AI,Paul Allen,2014,9,2
Flex Lab IX,http://flextronicslabix.com,United States,San Jose,"Automotive, Communications, Consumer Devices, Healthcare, Industrial, Cloud",,2013,9,
Incubit Technology Ventures,http://www.incubitventures.com/,Israel,Be'Er Sheva,"Communication, ICT, Networks, Software, Automation, Nano Technology, Information Technology, Electro-Optics, Aviation, Vision, Image Processing, Medical Devices",,2013,9,
BizTEC,http://www.biztec.org.il,Israel,Haifa,"Healthcare, AI",,2004,9,5
Energia Ventures,https://www.energiaventures.com/,Canada,Fredericton,"AI, Cleantech, Cyber Security",,,9,
Real Estate Accelerator Program,http://www.brigadereap.com,India,Bangalore,"Sustainability, Digital Marketing, Real Estate Intelligence, Construction Tech, Marketplace",Nirupa Shankar,2016,9,1
IIT Mandi Catalyst,http://iitmandicatalyst.in/,India,Mandi,"Agriculture, Biotech, Healthcare, Clean Energy, Waste, Enterprise, Education, Disaster Management, Road Safety, Travel, Consumer Internet",,,9,
iNOVO,https://www.startupbootcamp.org/accelerator/afritech-inovo/,Nigeria,Lagos,"EdTech, AgTech, HealthTech",,,9,
Hacking Health Accelerator,http://www.hhaccelerator.com/,Canada,Montréal,Healthcare,"Etienne Lagacé, Luc Sirois",2015,9,1
ICE71 Accelerate,https://ice71.sg/accelerate/,Singapore,Singapore,Cyber Security,,,9,
HVF Labs,http://www.hvflabs.com,United States,San Francisco,"Technology, Data",Max Levchin,2002,9,4
imec,https://www.imec-int.com/en,Belgium,Leuven,"Healthcare, Clean Energy",Roger Van Overstraeten,1982,9,
Hemex,https://hemex.ch/,Switzerland,Liestal,"Healthcare, Technology","Pascal Winnen, Paul Hadváry",2015,9,
Fashion Technology Accelerator Milan,http://www.ftaccelerator.it/,Italy,Milan,"Fashion, Luxury, Retail","Enrico Beltramini, Paolo Ivancevich",2013,9,
DB Accelerator,https://dbmindbox.com/en/,Germany,Berlin,"Railway Infrastructure, Mobility",,2015,9,1
Top Seeds Lab,http://topseedslab.com,Spain,Madrid,Traveltech,Ignacio Macias,2012,9,
Michelin Scotland Innovation Parc,https://www.msipdundee.com/,United Kingdom,Dundee,"Sustainability, Mobility",,2019,9,
ITU Startup Programme,https://itustartup.dk,Denmark,Copenhagen,"SaaS, AgTech, Martech, AR, VR",Vlad Gidea,2016,9,
Netangels,http://www.netangels.fr/,France,Marseille,Industry Agnostic,"Liotta Denis, Mouillet OLviier",2013,9,
MAKOTO,http://www.mkto.org/,Japan,Sendai,Industry Agnostic,,2011,8,
Sweat Equity Ventures,https://www.sweatequity.vc,United States,San Francisco,Technology,Dan Portillo,2018,8,1
Social Alpha,https://www.socialalpha.org/,India,Bangalore,"Energy, Waste, Health",Manoj Kumar,2015,8,
Fast Forward,https://www.ffwd.org/,,,"Health, Human Rights, Education, Environment",Olivier Guillaumin,2009,8,
SINE,https://www.sineiitb.org/sine/home,India,Powai,"Cleantech, FinTech, IoT, Information Technology, MedTech",,,8,
Lofty Ventures,http://loftyventures.com/,United States,Chicago,"Software, Information Technology",Christopher Deutsch,,8,
Waldencast,http://www.waldencast.com/,United States,New York,"Beauty, Wellness","Hind Sebti, Michel Brousset, Simon Sarazin",2018,8,1
Saltagen Ventures,http://saltagen.com,Hong Kong,Central,Technology,Joseph Fung,2017,8,
SKU,http://www.sku.is/,United States,Austin,"Consumer Goods, Consumer Services",Shari Wynne Ressler,2011,8,
Flipkart Leap,https://www.flipkartleap.com/,,,"Software, Food, AgTech",,,8,
NAVER D2 Startup Factory,http://d2startup.com/,South Korea,Seoul,Industry Agnostic,,2013,8,
Samurai Incubate Africa,https://samurai-incubate-africa.asia/,,,Technology,,,8,
Arya Women's Investment Platform,http://www.aryawomen.com,Turkey,Istanbul,Industry Agnostic,"Ahu Serter, Deniz Alexandra Duygu",2013,8,
Imagine Lab,http://imaginelab.cl,Chile,Santiago,"Ecommerce, Information Technology","Javier Cueto Soto, Luis Stein, Manuel Pino León, Roberto Pino, Rodrigo Lafuente",2014,8,1
Flat6Labs,https://www.flat6labs.com/,Egypt,Gîza,Technology,Ahmed Abuiliazeed,2016,8,
TechLaunch,http://techlaunch.com,United States,Clifton,Technology,Mario Casabona,2011,8,
Apple Seed,http://appleseed.sg/,Singapore,Singapore,Technology,,2013,8,
Innovatemap Ventures,https://www.innovatemap.ventures/,United States,Indianapolis,Technology,,2014,8,2
Same Page Capital,https://samepagecapital.com/,United States,San Francisco,"Technology, AR, VR, Pubtech, Data, IoT",Norm Page,2008,8,1
AB PLUS INFORMATION TECHNOLOGIES,https://www.abplusbilisim.com/en/home-5/,Turkey,Kadikoy,"Life Technologies, Logistics","Akin Arslan, Burcu Kale, Hakan Özçubukcu",2016,8,
NC IDEA SEED,https://ncidea.org/grants-programs/nc-idea-seed/,United States,Durham,Industry Agnostic,,,8,
Bayer G4A,https://www.g4a.health,Germany,Berlin,"Healthcare, HealthTech, Technology",,2013,8,
Baltic Sandbox,https://balticsandbox.eu,Lithuania,Vilnius,Technology,"Andrius Milinavičius, Natalja Lichodedova, Sandra Golbreich",2018,8,
LUMO labs,http://www.lumolabs.io,The Netherlands,Eindhoven,"AI, Data, Blockchain, Robotics, Drones, IoT, VR, AR","Andy Lürling, Sven Bakkes",2016,8,
Emerging Markets Entrepreneurs - Myanmar,http://www.eme.asia/,Myanmar,Yangon,"Education, Healthcare, Logistics, Consumer Services",,2018,8,
Hatch Blue Ltd,https://www.hatch.blue/,Ireland,Cork,"Marine Bioeconomy, Aquaculture, Alternative Seafood,","Georg Baunach, Wayne Murphy",2017,8,
Heartbeat Labs,https://www.heartbeatlabs.com/,Germany,Berlin,Healthcare,"Eckhardt Weber, Hendrik Krawinkel, Jan Beckers, Stephanie Kaiser",2017,8,3
Yunus Social Business,http://www.yunussb.com,Germany,Berlin,"Employment, Education, Healthcare, Clean Water, Clean Energy",Saskia Bruysten,2011,8,
Launcher,https://launcher.sk,Slovakia,Bratislava,"Information Technology, Mobile, Digital",,2013,8,
Climate-KIC Accelerator London,https://www.climate-kic.org/programmes/entrepreneurship/accelerator/,Belgium,Brussels,"Cleantech, Climate, Agriculture, Transportation, Logistic, Clean City, Sustainability",,2010,8,1
VILLAGEx,https://www.ideavillage.org/villagex,United States,Washington,Industry Agnostic,,,8,
Female Founders Alliance,https://www.femalefounders.org/,United States,Seattle,Industry Agnostic,Leslie Feinzaig,2017,7,
XLerateHealth,http://www.xleratehealth.com,United States,Louisville,"Medical Devices, Diagnostics, Drug Development, Healthcare Services","Bob Saunders, Bobby Ferreri, Ted Smith",2011,7,
Malaysian Technology Development Corporation,http://www.mtdc.com.my/,Malaysia,Kuala Lumpur,Industry Agnostic,,1992,7,1
DuckDAO,https://duckdao.io/,,,"FinTech, Blockchain",,2021,7,
Aurum Ventures,http://www.aurumventures.in,India,Mumbai,"Real Estate, Mineral Exploration, FinTech",Ashish Deora,1999,7,3
EVC Ventures,http://www.evc.ventures/,United States,Chicago,Technology,,2014,7,1
eHealth Ventures,http://www.ehealthventures.com,Israel,Tel Aviv,"HealthTech, Digital Diagnostics, Therapeutics","Mark D. Stovsky, Ophir Shahaf, Steve Shapiro, Talor Sax, Tom Sudow",2014,7,
Fintech Innovation Lab,https://www.fintechinnovationlab.com/,United States,New York,FinTech,Maria Gotsch,2011,7,2
Hive Ventures,http://www.hiveventures.io,Taiwan,Taipei,"Data, Software, AI","John Chen, Will Wang, Yan Lee",2018,7,
Curious Minds,http://www.curiousminds.com,United States,West Hollywood,Technology,"Anthony Kelani, David Gonen, Jonathan Gonen, Shlomo Gonen",2004,7,
Venture Hive,http://venturehive.co,United States,Miami,"Hospitality, Healthcare, Logistics Tech",Susan Amat,2012,7,3
MBC BioLabs,https://mbcbiolabs.com,United States,San Francisco,"Life Science, Biotech",,2013,7,1
Collaborative Ventures,http://collaborative-ventures.com,United States,Concord,"EdTech, Medical Devices",,1997,7,
Arc Capital Development,http://www.arccd.com/,United States,Denver,"Information Technology, EdTech","Kevin Custer, Rita Ferrandino",2002,7,
Talent Tech Labs,http://www.talenttechlabs.com,United States,New York,Technology,"Gene Holtzman, Jonathan Kestenbaum",2012,7,1
UK Lebanon Tech Hub,http://www.uklebhub.com/,Lebanon,Beirut,Industry Agnostic,Nadim Zaazaa,2015,7,
Ridgebox,https://ridgebox.com,United States,Astoria,Technology,"Alexander Reyes, Ashwin Dayal, Stephen Bogda",2015,7,2
Encubay,https://www.encubay.com,India,Pune,Industry Agnostic,"Deeksha Ahuja, Eashita Maheshwary",2019,7,
"Ready, Set, Raise",https://www.femalefounders.org/readysetraise,United States,Seattle,Industry Agnostic,,2018,7,
Spark10 Accelerator,http://www.spark10.com/,India,Hyderabad,"FinTech, SaaS, Ecommerce, Advertising, AI, Fashion, Marketplaces","Atal Malviya, LN Parimi",2015,7,1
Maloekoe Ventures,http://www.maloekoeventures.com,Indonesia,Jakarta,Technology,Adrien Gheur,2015,7,
DLabs,http://www.isbdlabs.org/,India,Hyderabad,"EdTech, Clean Energy, Solar, Electric Vehicle, Smart Cities, Education, Healthcare, Agriculture, Infrastructure, FinTech, Waste",,2015,7,
MashUp Angels,http://mashupangels.com,South Korea,Seoul,"Fashion, Beauty, Healthcare, AI, Software, FoodTech, FinTech",Taekkyung Lee,2013,7,
ICE71,https://www.ice71.sg,Singapore,Singapore,"Cyber Security, IoT",,2018,7,1
Tech Hub Harare,http://www.cowork.co.zw,Zimbabwe,Harare,Technology,,2015,7,
Nex Cubed Fintech,https://www.nex3.com/fintech/,United States,San Francisco,"Healthcare, Government, Consumer, Retail, AI, Ecommerce",,2019,7,
Blockrocket,https://www.blockrocket.io/,Germany,Frankfurt,Blockchain,Benjamin Horvath,2019,7,
nfinitiv funding,https://nfinitiv.com/,Luxembourg,Luxembourg,Industry Agnostic,,2017,7,3
B4i - Bocconi for innovation,https://www.b4i.unibocconi.it/,Italy,Milan,Industry Agnostic,,2019,7,
Apollo Health Ventures,https://www.apollo.vc,Germany,Berlin,Healthcare,"Alexandra Bause, James Peyer, James Peyer, Nils Regge, Ole Mensching",2016,7,
Deeptech Labs,https://www.dtl.vc/,United Kingdom,Cambridge,Technology,,,7,
SocialFare,http://socialfare.org/en/,Italy,Torino,Industry Agnostic,,,7,
DART Labs I Ventures,http://dartlabs.io,Switzerland,Zürich,"HealthTech, Climate, Decarbonization, Food, Agriculture, Sustainable Materials","Arijana Walcott, Sophie Lamparter",2018,7,1
EIT Urban Mobility,https://www.eiturbanmobility.eu/,Spain,Barcelona,Technology,,,7,
PANDO. Ventures,http://pando-ventures.com,Germany,Wiesbaden,Industry Agnostic,"Arne Wüllner, Christopher Reimann, Florens Knorr, Michael Noven",2014,7,
Up to Eleven Digital Solutions,http://ut11.net/,Austria,Graz,Technology,"Jürgen Pansy, Martin Pansy",2012,7,1
Incutex Company Builders,http://www.incutex.com.ar,Spain,Córdoba,Industry Agnostic,"Eduardo Coll, Gabriela Fernandez, Juan Santiago, Walter Abrigo",2012,7,
BMW Innovation Lab,http://bmwinnovationlab.co.uk/,United Kingdom,Farnborough,"Automotive, Auto Finance",,,7,2
InnoWerft,http://www.innowerft.com/,Germany,Walldorf,Technology,,2010,7,
Club Acceleratori,http://clubacceleratori.com,Italy,Milan,Technology,,,7,
Electropreneur Park,https://electropreneurpark.in/,India,New Delhi,"Mobility, Energy, IoT, Agriculture, Aviation, Materials Science, Medical, Robotics, Transportation, Entertainment, Information Technology, Communication",,2016,7,
Smart ESA,https://www.smart-esa.com,Lebanon,Beirut,Industry Agnostic,,2017,7,
Spin Ventures,https://spin.vc/,United Kingdom,London,Climate Tech,,2012,6,
OneValley,http://www.theonevalley.com,United States,San Mateo,Industry Agnostic,Kayvan Baroumand,2012,6,
Founder Institute,http://www.fi.co,United States,Palo Alto,Industry Agnostic,"Adeo Ressi, Adriana Herrera, Bozhidar Georgiev, Eugenio Grapa, Fatima Awan, Graham Mann, Hugo H. Macedo, Jonathan Greechan, Pawan J. Mehra, Pedro Vieira, Sandro Batista, Tom Walpole",2009,6,
BioMotiv,http://www.biomotiv.com,United States,Cleveland,"Life Sciences, Medicine",,2012,6,
Basics Capital,https://www.basics.capital/,,,"Blockchain, Defi, Gaming",,,6,
Seeders,http://www.seeders.in,India,Kolkata,"Tech, Hospitality, Retail","Abhishek Rungta, Pallav Nadhani",2009,6,
Innovation Guelph,http://www.innovationguelph.ca/,Canada,Guelph,Industry Agnostic,,2010,6,
Petri,https://www.petri.bio/,United States,Boston,"Biotech, Technology","Alec Nielsen, Andrew Beck, Bernhard Van Lengerich, Brian Baynes, Brian Baynes, Chris Voigt, Daphne Koller, Emily Leproust, George Church, Jamie Goldstein, JP Mangeolle, Pam Silver, Reshma Shetty, Stan Lapidus, Tony Kulesa",2019,6,
Fomocraft Ventures,http://www.fomocraft.com,Hong Kong,Hong Kong,"Blockchain, Technology",,2021,6,
Bioenterprise Canada,http://www.bioenterprise.ca/,Canada,Guelph,"AgTech, Food, Beverage",,2003,6,
Third Derivative,https://third-derivative.org/,,,"Climate Tech, Renewable Energy","Bryan Hassin, Elaine Hsieh, Jon Creyts, Josh Agenbroad",2020,6,
Nanji Quan,http://www.nanjiquan.com/,China,Shenzhen,Industry Agnostic,,2014,6,
Relish Works,http://www.relishworks.com/,United States,Chicago,"Food, FoodTech, Beverage",,2017,6,
Paris Ventures,https://www2.gerdau.com/acceleration,Brazil,São Paulo,"Construction, Industrial, Agriculture, Automotive",,2020,6,
GSD Venture Studios,https://www.gsdvs.com,United States,Menlo Park,"AI, Blockchain, Consumer Internet, Software, FinTech, HealthTech, Marketplaces, Real Estate, SaaS, Transportation","Derek Distenfield, Gary A. Fowler",2019,6,
Sage Partners,http://www.sagepartners.net,United States,Harwich Port,"Healthcare, Entertainment, Software, Technology",John Gaulding,2001,6,2
Indigo by Telkom Indonesia,http://indigo.id,Indonesia,Bandung,Industry Agnostic,,2009,6,
Accelr8,https://www.accelr8.com/,United States,Boston,"Impact, Sustainability",,1982,6,
Riyadh Valley Company,http://www.rvc.com.sa,Saudi Arabia,Riyadh,"Information Technology, Financial Technology, Logistics, Transportation",,2010,6,
Launch Blue,https://www.launchblue.org/,United States,Lexington,Technology,,2020,6,
Qatar Science & Technology Park,http://www.qstp.org.qa/,Qatar,Doha,"Education, Health Diagnostics, Energy, Information Technology, Communications",,,6,1
Launch Alaska,http://www.launchalaska.com,United States,Anchorage,"Renewable Energy, Transportation",,2015,6,
Flashpoint at Georgia Tech,http://flashpoint.co/,United States,Atlanta,Technology,Merrick Furst,2010,6,
AFWERX,https://www.afwerx.af.mil/,United States,Washington,"AI, Aviation, Nuclear, Cyber Security, Energy, Power, Software, Additive Manufacturing, Advanced Materials, Space, Health",,,6,
Star Farm Ventures,http://www.starfarmventures.com/,United States,New York,Industry Agnostic,"Joey Low, Tanya Low",2012,6,3
Seed Engine,http://www.seedengine.co.za,South Africa,Johannesburg,Industry Agnostic,Marc Elias,2012,6,
Urban Future Lab,http://ufl.nyc/,United States,Brooklyn,Climate Tech,,2009,6,
Soaring Startup Circle Venture Partners,http://sscventurepartners.com/,United States,Boston,Technology,,2014,6,
Plug and Play Japan,https://www.plugandplaytechcenter.com/japan/,Japan,Tokyo,"InsurTech, Retail, Health, Smart Cities, New Materials",,,6,
KidsX,https://www.kidsx.health/,United States,Los Angeles,HealthTech,,,6,
Conquer Accelerator,http://www.conqueraccelerator.com/,United States,East Lansing,Industry Agnostic,Paul Jaques,2016,6,1
The IIIT-H Foundation,http://iiith.org,India,Hyderabad,DeepTech,,2007,6,1
SK Telecom Americas Innopartners,http://sktainnopartners.com/,United States,Sunnyvale,"Communication Technologies, Big Data, Semiconductor, Edge Computing, Media, IoT, Smart Home, AI, Blockchain",,2013,6,
Genesys Venture,http://www.genesysventure.com/,Canada,Winnipeg,"Healthcare, Biotech",,1997,6,3
Fund Good Jobs,https://www.icafundgoodjobs.org/,United States,Oakland,"Food, Agriculture, Education",,2012,6,
Startup Studio Monterrey,http://startupstudio.mx/,Mexico,Monterrey,Industry Agnostic,"Juan Manuel Núñez Nieto, Mario García Dávila",2014,6,
TechGROWTH Ohio,http://www.techgrowthohio.com,United States,Athens,"Technology, Agriculture, Alternative Energy, Media, Bio-Science",,2008,6,1
Hitotoki Incubator,http://hitotoki.in,Japan,Minato,FinTech,,2014,6,1
AccelerateHER,https://stokedenton.com/accelerateher-incubator-program,United States,Denton,Industry Agnostic,,,6,
Starburst Ventures,http://starburst.aero/,France,Paris,Aerospace,"Bruno Costa, Francois Chopard, Van Espahbodi",2013,6,
Deep Science Ventures,http://deepscienceventures.com/,United Kingdom,London,"Energy, Pharma, Advanced Computing, Agriculture","Dominic Falcao, Mark Hammond",2016,6,
Rocketmakers,http://www.rocketmakers.com/,United Kingdom,Bath,Software,Richard Godfrey,2007,6,
Fast Track Malmo,http://www.fasttrackmalmo.com/,Sweden,Malmö,Industry Agnostic,Joel Larsson,2015,6,
ACCIONA I'MNOVATION,https://www.imnovation.com/,Spain,Alcobendas,"Renewable Technologies, Solar, Hydro, Biomass",,,6,
Lundbeckfonden Emerge,http://www.lundbeckfondemerge.com/,Denmark,Copenhagen,"Life Science, Biotech",,2012,6,1
"European Space Agency Business Incubation Centre, Noordwijk",http://www.esa.int/Our_Activities/Technology/Business_Incubation/ESA_Business_Incubation_Centres4,France,Paris,Aerospace,,,6,
BIC Gipuzkoa Berrilan,http://www.bicberrilan.com/,Spain,Éibar,"Nanotechnology, Biotech, Bioengineering, Health",,1993,6,
HaxAsia,http://haxasia.com/,Singapore,Singapore,Hardware,,2014,6,
Mohammed Bin Rashid Innovation Fund,https://www.mbrif.ae/,United Arab Emirates,Abu Dhabi,"Technology, Education, Water, Transport, Clean Energy, Health, Space",,,5,
The Fabric,http://www.thefabricnet.com,United States,Mountain View,"Cloud, IoT Infrastructure","Prabakar Sundarrajan, Rajan Raghavan, Sumant Mandal",2012,5,4
Halcyon Incubator,http://halcyonincubator.org/,United States,Washington,Industry Agnostic,Sachiko Kuno,2014,5,
Digital Sandbox KC,http://www.digitalsandboxkc.com,United States,Kansas City,Technology,,2003,5,
Foodland Ventures,https://foodlandventures.com/,Taiwan,Taipei,"FoodTech, AgTech, Biotech, Supply Chain, Logistic, Restauranttech, Automations, Robotics, Ecommerce, RetailTech",Victor Chen,2020,5,
Seed Round Capital,https://seedroundcapital.com/,United States,Houston,Industry Agnostic,"Austin Hill, Brad Jenkins",2020,5,
Orange Corp,http://www.orangecorp.co,,,"AI, Entertainment, Media, Fashion, Foods, Food Security, Information Technology",,2007,5,
Expand,https://www.expand.hk,Hong Kong,Hong Kong,DeepTech,Davide Calì,2016,5,
Corporate Accelerator,https://corporateaccelerator.org/,Malaysia,Selangor,Industry-Agnoustic,,,5,
Foxhog Ventures Corp.,https://foxhogventures.in/,United States,Stanford,"Technology, Fashion, Lifestyle, Education, Healthcare, Agriculture Products, Media Relations","Amitabh Chaudhry, Gurpreet Sadh, Neha Kant, Suhani Sumanchna, Taru Kapoor, Tarun Poddar",2020,5,1
CTM insights,https://ctminsights.com,,,Cyber Security,Louis Steinberg,2017,5,
Calega,http://calega.com/,,,"Energy, Healthcare, Human Resource Intervention, Information Technology",,,5,
EduSpaze,https://www.eduspaze.com/,Singapore,Singapore,EdTech,,2019,5,
Magical,http://magicalstartups.com,Chile,Providencia,Industry Agnostic,Iván Vera,2013,5,
Ideabox,http://www.ideabox.co.id,Indonesia,Jakarta,"Educational, Logistics, Media, Information, RetailTech, Automotive, Application Software, Business, Productivity Software",,2014,5,
Awesome Inc,https://www.awesomeinc.org,United States,Lexington,"Software Development, Information Technology, Healthcare","Brian Raney, Luke Murray, Nathan Fort, Nick Such",2009,5,
Invest2Innovate,http://invest2innovate.com,Pakistan,Islamabad,Industry Agnostic,Kalsoom Lakhani,2011,5,1
Cites,http://www.cites-gss.com/,Argentina,Sunchales,"FoodTech, MedTech, Biotech, HealthTech, AgTech",Nicolas Tognalli,2014,5,
Code Ventures,https://www.codeventures.com,United States,Deerfield,"Software, Technology",,,5,
iVenture Accelerator,http://iventure.illinois.edu/,United States,Urbana,"Healthcare, Retail, Software, Sustainability, Technology",Manu Edakara,,5,
HARDS,https://www.hards.com.br,Brazil,Florianópolis,"HealthTech, IoT, Wearables, Logistics, AgTech, Energy",Marcos Buson,2019,5,
FastForward,https://www.leaders.ps/the-fastforward-accelerator-program/,Palestinian Territory,Ramallah,"Digital Transformation, Sustainable Tourism, FinTech",,2013,5,
The Summer Institute,https://www.summerinst.com/,Canada,Fredericton,"Energy, Technology, EdTech",,,5,
HMC INQ,https://hmcinq.com/,United States,Santa Monica,Industry Agnostic,Josh Jones,2017,5,
Hong Kong X-Tech,http://www.hkxtech.com/,Hong Kong,Kwun Tong,"Information Technology, Healthcare","Guanhua Chen, Li Zexiang, Neil Shen",2016,5,
TerraLab Ventures,http://www.terralb.com,Japan,Hamada,"Sustainability, Smart Cities, Healthcare, Wellness, IoT, Big Data",Barak Goldstein,2006,5,
Start Smart Labs,http://www.startsmartlabs.com/,United States,Palo Alto,"Big Data, SaaS",,2012,5,1
Humane Entrepreneurship Program,https://humaneentrepreneurs.org/,India,Mumbai,"Food, Beverage, Consumer Goods, Animal Health, New Materials",,,5,
AB Accelerator,https://www.abaccelerator.co/,Jordan,Amman,FinTech,,2018,5,
Sprout,https://www.sproutagritech.com,New Zealand,Palmerston North,"AgTech, FoodTech",,2015,5,
InNEVator Blockchain Accelerator,https://renoinnevator.com/,United States,Reno,"Women, Technology",,2017,5,
SKALA,https://joinskala.com/,Indonesia,Jakarta,"AI, HealthTech, Agriculture, Food Science, Logistics, Blockchain, Media, Energy",,2018,5,
StartupGoGo,https://startup-gogo.com/,Japan,Fukuoka,Industry Agnostic,,,5,
The Points of Light Civic Accelerator,http://cvcx.org/,United States,Atlanta,Industry Agnostic,Ayesha Khanna,2014,5,
Tokyo XR Startups,http://tokyoxrstartups.com,Japan,Tokyo,"Entertainment, Games, VR, AR, Blockchain",,2015,5,
DallasStartups.com,http://www.DallasStartups.com,United States,Dallas,"SaaS, Data Center, Ecommerce, RetailTech","Jay A. Lohmann, Matthew Barnes",2015,5,
TiE LaunchPad,http://www.tielaunchpad.com,United States,Sunnyvale,"Enterprise, Cloud, It Infrastructure, Mobile, Big Data, Security",Prashant Shah,2014,5,
Mainichi Future Creation Laboratory,https://mirailab.tech/,Japan,Tokyo,Technology,,2017,5,
Barcelona Ventures,https://barcelonaventures.com/,Spain,Barcelona,"AI, EdTech, Big Data, AgTech, FinTech, SaaS, HealthTech, Biotech",Francesc Bach,2013,5,
MOBILE WORLD CAPITAL,http://mobileworldcapital.com/en,Spain,Barcelona,Technology,,,5,
NadiFin,https://www.nadifin.com/,Ireland,Dublin,"AI, Big Data Analytics, Blockchain",,2019,5,
Winno Moscow,https://winno.ru,Russia,Moscou,Technology,,2015,5,
AE Ventures,http://aeventures.io/,Bulgaria,Sofia,Blockchain,,2017,5,
First Round,http://www.firstround.fi,Finland,Riihimäki,Technology,,2007,5,2
W2 Labs,http://w2labs.com/,United Kingdom,London,"Technology, Robotics, Supply Chain",,,5,
MAD Ventures GmbH,https://www.mad.ag/,Austria,Innsbruck,"Analytics, IoT, Big Data, AI",,2018,5,
OPIFER,http://www.opifer.ventures/,Czech Republic,Brno,"Information Technology, Oil, Gas, Geotech, Medical",,2013,5,
Digitourism,https://digitourism.ch/fr/,Switzerland,Sion,Tourism,,,5,
Oregon Story Board,http://oregonstoryboard.org/,United States,Portland,"VR, AR",,2013,5,
Xontogeny,http://www.xontogeny.com/,United States,Boston,"Life Sciences, Biotech",Chris Garabedian,2016,4,
Virtual Force Inc.,http://www.virtualforce.io,United States,New York,"Healthcare, Digital Commerce, AI, Metaverse","Jamil Goheer, Khurram Javed Mir, Tanzeel urRehman",2011,4,
Echoing Green,http://www.echoinggreen.org,United States,New York,Social Impact,,1987,4,
MIT Solve,https://solve.mit.edu,United States,Cambridge,Climate Tech,L. Rafael Reif,2016,4,
Mobio Technologies,http://www.mobio.net/,Canada,Vancouver,Technology,Keir Reynolds,2003,4,2
York Entrepreneurship Development Institute,http://www.yedinstitute.org,Canada,Toronto,Industry Agnostic,,2013,4,
Phaze Ventures,http://www.phazeventures.com,Oman,Muscat,Technology,Abdullah Al-Shaksy,2017,4,
4Catalyzer,http://4catalyzer.com,United States,Guilford,"Healthcare, Technology",Jonathan Rothberg,2014,4,2
PANONY,http://www.panony.com,Hong Kong,Sheung Wan,"Cryptocurrency, Digital Media, FinTech, Social Media","Alyssa Tsai, Tongtong Bee",2018,4,
Business Incubators and Accelerators Company,https://www.biac.com.sa/en/,Saudi Arabia,Riyadh,"Logistics, Technology",,2016,4,
International Accelerator,https://iaccelerator.com,United States,Austin,Industry Agnostic,Angelos Angelou,2013,4,
INCUBATE,http://incubate.org.au,Australia,Sydney,"MediaTech, AgTech, Mobile",James Alexander,2012,4,
The Venture Center,http://www.venturecenter.co/,United States,Little Rock,"Education, Technology",Lee Watson,2013,4,
Hillman Accelerator,http://hill7.org/,United States,Cincinnati,"Healthcare, Technology","Candice Matthews, Dhani Jones, Ebow Vroom",,4,
Social Venture Partners,http://socialventurepartners.org,United States,Seattle,"Education, Environment, Impact","Don Kendall, Jacqueline Murphy",1997,4,
SMU Investimentos,https://smu.com.vc/,Brazil,São Paulo,"Software, Air Transportation, Marketplaces",,2013,4,
Venture Center,http://www.venturecenter.co.in/,India,Pune,"Healthcare, Biotech, Specialty Chemicals, Nanomaterials, Energy, Environment",,,4,
Manos Accelerator,http://manosaccelerator.com,United States,San Jose,"Mobile, Education, Enterprise, Media, Entertainment, Healthcare","Edward Avila, Sylvia Flores",2013,4,
Orange Fab,http://orangefab.com/,United States,San Francisco,Industry Agnostic,,2013,4,1
True Incube,http://www.trueincube.com,Thailand,Bangkok,Technology,Saroj Ativitavas,2013,4,
MDJ Group,http://mdjgroup.com/,United States,Tampa,"Information Security, Network Infrastructure, Human Capital Management",,2002,4,3
The Narwhal Project,https://narwhalproject.org,Canada,Toronto,HealthTech,Charles Plant,2018,4,
ZILHive,https://zilhive.org,Singapore,Singapore,Blockchain,,,4,
Startup Oasis,http://www.startupoasis.in/,India,Jaipur,"AI, Robotics, IoT, Software, Healthcare",,2013,4,
ACET Capital,https://www.acet.ca/,Canada,Sherbrooke,Technology,,2011,4,
Machine Ventures,http://machine.ventures,Philippines,Manila,Industry Agnostic,"Farouk Meralli, Shahab Shabibi",2015,4,1
Shenzhen Valley Ventures,http://svv.io/,China,Shenzhen,Hardware,Chadwick Xu,2014,4,2
Asia Principal Capital,http://www.apcl.com/,Australia,Sydney,"Technologies, Healthcare, Education, Lifestyle",,,4,1
Disruptive Labs,https://www.disruptivelabs.io,United States,Santa Monica,Technology,"Josh Swan, Marco Franzoni",2018,4,
INCISENT Labs,http://www.incisentlabs.com,United States,Chicago,"Retail, Automotive, Technology, Software",Pat Ryan,2009,4,1
Kings Ventures,http://www.kings.ventures,United States,Haddonfield,"Technology, Food, Retail, Hospitality, Manufacturing, Media, Automobiles",Marc Rubino,2018,4,1
RAD BioMed Accelerator,http://www.radbiomed.com,Israel,Tel Aviv,"Medical Devices, Pharma",,1992,4,
Musketeer Capital,http://www.musketeercapital.com,United States,Haverford,"Information Technology, Productivity Software, Educational Software, HealthTech",,,4,
i4Valley - Karmiel Incubator for Smart Industry,http://www.i4Valley.com,Israel,Karmi'El,Industry Agnostic,,2020,4,
E Squared Investments,https://www.esquared.org.za/,South Africa,Gauteng,"Network Management Software, Productivity Software, EdTech, Healthcare",,,4,
Spaze Ventures,http://www.spazeventures.com,Singapore,Singapore,Technology,,2014,4,1
Crevisse,http://www.crevisse.com/,South Korea,Seoul,Climate Tech,,,4,
Seoul Techno Holdings,https://snuholdings.com/,South Korea,Seoul,Industry Agnostic,,,4,
DG Incubation,https://dgincubation.com/,Japan,Tokyo,Industry Agnostic,,2010,4,1
Innovate 21st,https://en.innovate21st.com/,Turkey,Istanbul,"Retail, Proptech, FinTech",,,4,
RADIUS,http://www.radiussfu.com/,Canada,Vancouver,Industry Agnostic,,,4,
IITM Incubation Cell,http://www.incubation.iitm.ac.in/home,India,Chennai,Technology,,2013,4,
Cleantech Open Northeast,http://northeast.cleantechopen.org,United States,Boston,"Environment Tech, Energy Tech, Cleantech",,2005,4,2
Bir Ventures,http://www.birventures.com/,United States,Bloomington,Technology,"Azeem Amir, Hassan Syed, Shahnawaz Khan",2012,4,
Hitomedia,http://hitomedia.jp/,Japan,Tokyo,EdTech,,2006,4,1
Next Innovation,http://www.next-innovation.me/,Japan,Tokyo,Technology,,2011,4,
InovGate,http://inovgate.com/,Singapore,Singapore,Technology,"Izhar Merhavi, Pnina Eytan",2015,4,2
Brain Canada,http://www.braincanada.ca,Canada,Montréal,Neurosciences,,1999,4,1
Ääkköset Oy,https://www.scanabc.com/,Finland,Oulu,Cyber Security,"Jani Kenttälä, Joachim Viide",2016,4,
Creative Dock,https://creativedock.com/,Czech Republic,Prague,"Banking, Insurance, Retail","Martin Pejsa, Miroslav Esser",2012,4,
Rutech Ventures,http://rutech.io/,United Kingdom,London,Technology,"Alina Bezuglova, Ivan Gorshunov, Yana Abramova",,4,
IOT Valley,http://www.iot-valley.fr/,France,Labège,"Automation, AI, IoT, Information Technology",Ludovic Le Moan,2011,4,
Hammer Team,https://hammerteam.com/,Switzerland,Cham,Software,,2014,4,
Pangea accelerator,https://www.pangeaa.com/,Norway,Oslo,Industry Agnostic,Jonas Tesfu,2016,4,
Lafayette Plug and Play,http://lafayetteplugandplay.com/,France,Paris,"Retail, Supply Chain, Ecommerce, Fashion Tech",Pieter Lammens,2016,4,
Merck Accelerator,http://accelerator.merckgroup.com/,Germany,Darmstadt,"Healthcare, Life Science",,2015,4,
StartUp HUB Poland,http://www.startuphub.pl,Poland,Warsaw,Hi-Tech,"Maciek Sadowski, Marek Borzestowski, Marek Trojanowicz, Robert Dziubłowski, Zygmunt Grajkowsk",2012,4,
Squadron Venture Media,http://www.squadronlondon.com,United Kingdom,London,Technology,James Burgess,2012,4,1
Finparx,http://www.finparx.com,Germany,Berlin,FinTech,Nikolaus von Taysen,2004,4,1
MDR LAB,https://lab.mdr.london/,United Kingdom,London,Legaltech,,2017,4,
Milamber Ventures,http://www.milamber.co.uk,United Kingdom,London,"Education, Vocational Training, EdTech",,2014,4,
University of Southampton Future Worlds Incubator,http://futureworlds.com/,United Kingdom,Southampton,Industry Agnostic,,2015,4,
TechMinsk,http://techminsk.com,Belarus,Minsk,Technology,,2013,4,
Oregon Technology Business Center,http://www.otbc.org,United States,Beaverton,"Technology, Consumer Goods, Food Production, Travel",,2005,3,
Proto Accelerator,http://www.protoaccelerator.com/,United States,Lansing,"Information Technology, InsurTech",,2015,3,
LaunchBox,https://www.tcd.ie/tangent/programmes/accelerators/launchbox/,Ireland,Dublin,Industry Agnostic,John Whelan,,3,
Akcelerator Technologiczny Gliwice Sp. z o.o.,http://akceleratorgliwice.pl/,Poland,Gliwice,"Technology, Automation, Robotics",,2015,3,
AgLaunch Accelerator,http://www.aglaunch.com,United States,Memphis,"AgTech, Food, Agriculture",,,3,
MEDX Xelerator,https://www.medxelerator.com/,Israel,Or Yehuda,"MedTech, Life Science, HealthTech",Harel Gadot,,3,
The Production Board,https://www.theproductionboard.com/,United States,San Francisco,"Life Sciences, Agriculture, Food, Manufacturing, Materials, Energy",David Friedberg,2015,3,
KWORKS Koç University Entrepreneurship Research Center,http://kworks.ku.edu.tr,Turkey,Istanbul,Technology,,2015,3,
Arise,https://www.arisevc.co,Indonesia,Jakarta,Information Technology,Aldi Adrian Hartanto,2020,3,
Cintrifuse,https://www.cintrifuse.com,United States,Cincinnati,"Technology, Life Sciences, Mobile Marketing",,2012,3,
The CDMN Soft-Landing Program,http://www.cdmn.ca/soft-landing-program/overview,Canada,Kitchener,"Technology, Information Technology, Communications",,2009,3,
Schmidt Futures,https://schmidtfutures.com/,United States,New York,"Technology, Science",,2017,3,
XX,https://xx.team,,,Industry Agnostic,,,3,
Innosphere Ventures,http://innosphereventures.org/,United States,Fort Collins,"Bioscience, Medical Device, Cleantech, Energy, Advanced Materials, Hardware, Software, FinTech, AI",,1998,3,1
Stacks Accelerator,https://stacks.ac/,,,"Blockchain, Cryptocurrency","Alex Novosad, Grace Ng, Trevor Owens",2021,3,
Taqadam,https://taqadam.kaust.edu.sa/,Saudi Arabia,Thuwal,"Mobility, Energy, FinTech, Logistics, Cyber Security, Water, Health",,2016,3,
ConsenSys Mesh,https://mesh.xyz/,United States,Brooklyn,"Web3, Blockchain",,2015,3,
Aves Lair,https://aveslair.com/,,,"AI, Blockchain, Cloud, Data Analytics","Chong Li, Francis Berwa, Sichao Yang",,3,
Invest Ottawa,http://investottawa.ca,Canada,Ottawa,"Life Science, Cleantech, MedTech, Marketing, Technology, AI, HealthTech, Cyber Security",,1983,3,
Startup Mexico,http://www.startupmexico.com,Mexico,Mexico City,"Advertising, Automotive, Ecommerce, Information Technology",Marcus Dantus,2014,3,
adMare Bio Innovations,https://www.admarebio.com/,Canada,Vancouver,"Biotech, HealthTech, Life Sciences",,2019,3,1
BC Tech Association,http://www.wearebctech.com/,Canada,Vancouver,Technology,,1993,3,
Startup Monthly,http://www.startupmonthly.org,United States,San Francisco,Industry Agnostic,"Monique Barbanson, Vadim Slavin, Yuri Rabinovich, Ziv Yoash",2010,3,1
Thinktiv,http://www.thinktiv.com,United States,Austin,Software Development,"Justin Petro, Paul Burke",2005,3,
Falak Business Hub,https://falak.sa/,Saudi Arabia,Riyadh,Industry Agnostic,Adwa Aldakheel,2018,3,
Metric Collective,https://www.metriccollective.com,United States,New York,Technology,"Kayvon Bina, Sandeep Kella",2014,3,1
G5 Capital,http://www.g5inno.net,China,Hangzhou,"Energy, IoT, Smart Buildings, Big Data",,2017,3,
Estalea,http://www.estalea.com/,United States,Santa Barbara,Technology,Marc Diana,,3,
Forepont Capital Partners,http://forepont.com/,United States,New York,"HealthTech, Biotech",,,3,
The Tech Garden,http://www.thetechgarden.com,United States,Syracuse,"Software, Information Technology",,,3,
Blackstone LaunchPad,https://www.blackstonelaunchpad.org/,United States,Ithaca,Industry Agnostic,,2008,3,
Bizrupt,http://bizrupt.biz,Mexico,Mexico City,Technology,Adam Keynes,2016,3,
100+ Accelerator,https://100accelerator.com/,United States,New York,Industry Agnostic,,2018,3,
Inovasi Venture,http://www.inovasiventure.com,Malaysia,Kuala Lumpur,Industry Agnostic,Angel Low,2020,3,
ShangPharma Innovation,https://www.spiivc.com/,United States,San Francisco,"Healthcare, Biotech, Pharmaceutical",,,3,
Sunbo Angel Partners,https://www.sunbonpartners.com/,South Korea,Busan,"Green Energy, Ev Value Chain, ICT, Biotech",,2016,3,
Moken,http://mokenstartups.com,Canada,Vancouver,Industry Agnostic,"Kendra Garagan, Mohamed Ibshara",2020,3,
Cerebro Labs,http://www.cerebrolabs.io,Philippines,Makati,"AI, AgTech, HealthTech, IoT, Ecommerce, Transportation",,2017,3,
Damn Ventures,https://damn.vc,United States,New York,Industry Agnostic,,2019,3,
Coal Hill Ventures,http://www.coalhillventures.com/,United States,Pittsburgh,"Information Technology, SaaS, Infrastructure, AI",Christopher Moehle,2015,3,
UVA Licensing & Ventures Group,https://lvg.virginia.edu/,United States,Charlottesville,"Technologies, Cyber Security, Medical Devices",,,3,
Arc Reactor,http://arcreactor.com/,United States,Seattle,"Ecommerce, Social Media",,2012,3,
hiCenter Ventures,http://www.hicenter.co.il/,Israel,Haifa,Technology,,2008,3,
Parampara,http://www.paramparas.com,India,Hyderabad,Industry Agnostic,Swatilekha Dey,,3,1
Startup Caucus,https://startupcaucus.com,United States,Arlington,Political Campaign Technology,Eric Wilson,2019,3,
a-IDEA,https://naarm.org.in/home/,India,Hyderabad,"AgTech, Agriculture",,2017,3,
ASU ScaleU,https://www.scaleu.org/,United States,Tempe,EdTech,,,3,
Social Enterprise Greenhouse,http://segreenhouse.org/,United States,Providence,Social Impact,,2009,3,
Agility Collective,http://www.agilitycollective.com,United States,St Louis,"Technology, Information Technology","Amir Shah, Michael Bluestone, Osmaan Shah, Salman Shah",2017,3,
INDEE Japan,http://www.indee-jp.com/,Japan,Tokyo,"Xr, AI, Robotics, HealthTech, Medicaltech","Shingo Tsuda, Shingo Tsuda, Tatsuro Tsushima, Tatsuya Yamada",2011,3,
UIncept,https://www.uincept.com/,India,Gurgaon,"Education, EdTech",Manish Gupta,2015,3,
Two Coins Group,http://www.twocoinsgroup.com/,United States,Los Angeles,"Entertainment, Technology",Joshua Lee,2013,3,
TechnoArt,http://www.technoart.org/,Israel,Tel Aviv,"Media, AI, Audio Technology",Shani Peled,2015,3,
Rho Acceleration,http://www.rhoacceleration.com/,United States,New York,"SaaS, Technology",,,3,
FaBB,https://www.fabb.la/,United States,Miami,Industry Agnostic,"Charles La, Estelle Garnier, Jonathan Stern, Laurent Ruben, Robert Smith, Romain LeFranc",2015,3,
Michelson Runway EdTech Accelerator,http://www.michelsonrunway.com/,United States,San Francisco,Education,"Joe Vasquez, Phillip Kim",,3,
Baita Accelerator,http://www.baita.ac/,Brazil,Campinas,"Software, Hardware, IoT, Robotics, AgTech, EdTech, FinTech, Lawtech, Energy, Biotech, Gas, Oil, Life Sciences, Telecommunications","José Scodiero, Oswaldo Fernandes, Renato Toi, Rodolfo Baccarelli, Rosana Fernandes",2013,3,
Syndicate 708,https://www.syndicate708.com/,United States,Marina Del Rey,"Aviation, Defense, Aerospace",,2015,3,
Nomow Incubator,https://nomow.ventures/,Saudi Arabia,Riyadh,"Ecommerce, Retail, Waste, Technical, Infrastructure, Hospitality, IoT, HealthTech, Mobility, Media, Enviromental, Security, Translation, Navigation, Travel Services, Transportation",,,3,
ENRICH,https://www.enrichcentres.eu/,United States,Boston,Technology,,,3,
Annex Ventures Management LLC,https://www.annex-ventures.com/,United States,Los Altos,"Technology, Real Estate, Regtech, Retail",,,3,1
OTF Techween,https://www.otf.om/techween/,Oman,Muscat,"Technology, Digital Media, Mobile Apps",,,3,
Ignite Advisors,http://www.igniteadvisors.net,United States,San Francisco,"Software, Big Data, Technology, Entertainment, Media",Eric Del Balso,2013,3,
Women's Capital Connection,http://www.womenscapitalconnection.com/,United States,Lenexa,"Women, Industry Agnostic",,,3,
DMOND Accelerator,http://dmondgroup.com,Iran,Tehran,"Fashion, FinTech, Food, Agriculture, Health, Advertising, Retail, Smart City","Ahmadreza Masrour, Nader Pirouz, Rahim Amidi",2014,3,
Founders.ai,https://www.founders.ai/,United States,Mountain View,"AI, Data, Analytics, Cloud, Cyber Security",Michael Rumiantsau,2020,3,
Happy East Capital,http://he.capital/,China,Beijing,Blockchain,,,3,
Porto Digital,https://www.portodigital.org/,Brazil,Recife,Industry Agnostic,,2015,3,
Bio4Dreams,https://www.bio4dreams.com/,Italy,Bresso,Life Sciences,"Daniele Cusi, Elisabetta Borello, Laura Iris Ferro, Pietro Conti",2017,3,
2b AHEAD Ventures,https://www.2bahead-ventures.com/,Germany,Leipzig,"DeepTech, AI, Robotics, Metaverse, FinTech, FoodTech, AgTech, Biotech, Selfdriving, Health, Genetics",Sven Gabor Janszky,2017,3,
Kinetic Investments,https://ki.uk/,United Kingdom,London,"SaaS, Digital Technology",David Merry,2016,3,
Pioneering Ventures,http://www.pioneering-ventures.ch,Switzerland,Zürich,"AgTech, Sustainable Food, Food, Agriculture",,2004,3,
DIGITALHUB.DE,https://www.digitalhub.de/en/,Germany,Bonn,"Technology, Software, Hardware",,2016,3,
Novalis Biotechnology Incubation,http://noval.is,Belgium,Gent,"Life Sciences, Healthcare","Jan Berghe, Wim van Criekinge",2018,3,
Sony Startup Acceleration Program,https://sony-startup-acceleration-program.com,Sweden,Lund,Technology,,2016,3,
Huge Thing,http://www.hugething.vc,Poland,Warszawa,"FinTech, Blockchain, AI, IoT, AR",,2012,3,
HiiL Justice Accelerator,https://www.hiil.org/what-we-do/the-justice-accelerator/innovators/,The Netherlands,The Hague,Industry Agnostic,,2005,3,
Validé,https://valide.no/en/home,Norway,Stavanger,"Energy, Health, Smart Tech",,2015,3,1
Activate Studio,https://activate.co.uk/,United Kingdom,London,Technology,"Adrian Austin, Greg Rice, Matt Mower, Paolo Valdemarin",2016,3,1
Incubator Midi-Pyrenees,http://www.incubateurmipy.fr/,France,Toulouse,"Health, Biotech, Software, Electronics, Telecommunications, Green Tech, Chemistry",,2000,3,1
EIT Climate-KIC Accelerator Spain,https://spain.climate-kic.org/,Spain,Valencia,Climate Tech,,2014,3,
Agro Innovation Lab Gmbh,https://www.agroinnovationlab.com,Austria,Vienna,AgTech,,2016,3,
invemax,http://www.invemax.com,Poland,Sopot,Technology,,2012,3,1
Innovation Capital,https://www.innovationcapital.bg/,Bulgaria,Sofia,"Software, Ecommerce, Financial Services, Education, Automotive, Transportation, Logistics, Healthcare, Entertainment, Media, Food, Cyber Security, Travel",,2019,3,
Safe x Connected Cities Accelerator,https://highlinebeta.com/accelerators/safeconnected/,Canada,Toronto,"Road Safety, Data",,,3,
TIM #WCAP,http://www.wcap.tim.it/,Italy,Rome,"Big Data, AI, Video Analytics, Smart Transportation, Waste Management, Smart Energy, Smart Buildings, Sustainability, HealthTech, Caas, IoT, Retail, Smart Urban",,,3,
IoT Hub,http://iothub.xyz,Ukraine,Kiev,IoT,Roman Kravchenko,2015,3,
Alantis Seed Capital,http://www.alantis.es/,Spain,Gijón,"Enterprise, Data, Ecommerce, Retail, Cleantech, Mobile, Gaming, Education",,,3,
Stairways,http://www.stairways.dk/,Denmark,Copenhagen,Technology,"Christian Weis Højfeldt, Rune Ibsen, Stig Irming-Pedersen",2014,3,
NDRC LaunchPad,http://www.ndrc.ie/launchpad,Ireland,Dublin,Technology,,,3,
Akcelerator Innowacji NOT,http://www.ainot.pl,Poland,Warsaw,Industry Agnostic,,2009,3,
Intelectium,http://www.intelectium.com/,Spain,Barcelona,Technology,Patricio Hunt,2004,3,
MarathonArtists LABs,https://www.marathonmusic.group/labs,United Kingdom,London,"Music, Music Tech","Kalam Ali, Paul-René Albertini",2012,3,1
Startup Spaze,http://www.startupspaze.com/,Singapore,Singapore,Industry Agnostic,,,3,1
FVC Tohoku,https://fvctohoku.co.jp/,Japan,Morioka-Shi,Industry Agnostic,,2015,3,
Purdue Ag-celerator,https://ag.purdue.edu/plantsciences/ag-celerator-fund/?_ga=2.178413025.435917050.1580733221-1986993816.1580733221,United States,West Lafayette,Technology,,2015,3,
Negocia Capital,https://www.negociacapital.com/,Singapore,Singapore,"Healthcare, Education, Clean Energy, Aviation, Aerospace, Mobility, FinTech, Web3, NFT, Blockchain, Industry 4.0, Real Estate, Agriculture, Entertainment",Thierry Tea,2016,2,
Akro,https://akro.africa/,South Africa,Cape Town,Industry Agnostic,,2016,2,
Greenhouse Lab,https://greenhouse.capital/accelerations/,Nigeria,Lagos,FinTech,,2018,2,
Social Ventures Zone,https://www.ryerson.ca/svz/,Canada,Toronto,Industry Agnostic,,,2,
Impossible Finance,https://impossible.finance/,United States,Palo Alto,"Blockchain, Cryptocurrency",,2019,2,
Invenshure,http://invenshure.com,United States,Minneapolis,"Technology, Biotech",Danny J. Cunagin,2011,2,
SEED SPOT,http://seedspot.org,United States,Phoenix,Impact,Courtney Klein,2011,2,
OnRamp Insurance Accelerator,https://www.onrampinsuranceaccelerator.com/,United States,Minneapolis,Industry Agnostic,,,2,1
Dalma Capital,https://www.dalmacapital.com,United Arab Emirates,Dubai,Cryptocurrency,Zachary Cefaratti,2011,2,
Knight Team,http://www.knighteam.com/,China,Beijing,"Big Data, Blockchain, SaaS, AI, VR",,2014,2,
Brickyard,https://www.justlaybrick.com/,United States,Chattanooga,Industry-Agnoustic,"Allan Davis, Barry Large, Cameron Doody, Matt Patterson, Ted Alling",2021,2,
Blue Star Innovation Partners,https://www.bluestarinnovationpartners.com,United States,Frisco,"Sports, Entertainment, Technology, Health, Wellness",,2017,2,
Code for America,https://www.codeforamerica.org/,United States,San Francisco,"Technology, Design, Health, Education",Jennifer Pahlka,2009,2,1
Clarkston Consulting,http://clarkstonconsulting.com/,United States,Durham,"Real Estate Expansion, AI Automation, Supply Chain Disruption","James Stefan, Neil Nelson, Tom Finegan",1991,2,
BrokerTech Ventures,https://www.brokertechventures.com/,United States,Des Moines,Industry Agnostic,Daniel Keough,2019,2,
Impact Ventures Accelerator,https://impact-ventures.co/accelerator/,United States,Dallas,Technology,,2016,2,
Skystar Ventures,http://www.skystarventures.com,Indonesia,Tangerang,Industry Agnostic,,2013,2,
VertueLab,https://vertuelab.org,United States,Portland,"Cleantech, Information Technology, AgTech",,2007,2,
Ad Astra Ventures,https://adastra.ventures/,United States,Solana Beach,"HealthTech, Life Sciences","Allison Long, Silvia Mah, Vidya Dinamani",2018,2,
NetApp Excellerator,https://startup.netapp.in/,India,Bangalore,"Data, Cloud, Data Security, Data Analytics, AI, IoT, Quantum, Computing, Healthcare, Automation",,,2,
Los Angeles Cleantech Incubator,http://laincubator.org,United States,Los Angeles,"Energy, Information Technology, Materials, Resources, Impact, Technology","Fred Walti II, Neal Anderson",2011,2,
Springboard Enterprises,http://sb.co,United States,Washington,"Technology, HealthTech, Cleantech","Amy Millman, Kay Koplovitz",2000,2,
EnergyLab,https://www.energylab.org.au/acceleration,Australia,Chippendale,Climate Tech,"Danny Kennedy, Nick Lake, Piers Grove",2017,2,
Startup UCLA Accelerator,http://startupucla.com/,United States,Los Angeles,Industry Agnostic,Robert Jadon,2012,2,
Foresight Cleantech Accelerator Centre,http://foresightcac.com/,Canada,Burnaby,Cleantech,,2013,2,
Deshpande Foundation,http://www.deshpandefoundation.org,United States,Stoneham,"Healthcare, Education, AgTech","Gururaj Deshpande, Jaishree Deshpande",1996,2,
OM2,https://www.om2.com/,Israel,Herzliya,FinTech,,2010,2,
M-Tech Innovations,https://mt-i.ca/,Canada,Calgary,Technology,Idan Shoham,,2,
Just Business,http://www.justbusiness.is,United States,San Francisco,"Consumer Goods, Sustainability, Engineering, Transportation, Media, Software, Hardware, Fashion, Ecommerce","David Batstone, Mark Wexler",2006,2,
Auctus Alternative,http://auctusinvest.com/,Australia,Melbourne,"HealthTech, Travel Technology, Infrastructure, Real Estate",Shashi Fernando,2012,2,
Bishop Ranch Intelligence Innovation Accelerator,http://briia.io/,United States,San Ramon,"AI, SaaS",,,2,
AHLI Fintech,https://ahlifintech.com/,Jordan,Amman,"FinTech, Software",,2017,2,
East West Ventures,https://www.ewventures.co/,United States,Los Angeles,"Media, Entertainment, Technology, Consumer Tech, Consumer Goods",Jaeson Ma,2012,2,
Valley Venture Mentors,http://www.valleyventurementors.org,United States,Springfield,"Auto Tech, Logistics, HealthTech, Clean, AgTech, Ecommerce",,2011,2,
SaaS Lender,https://www.impact-north-america.com/program/,United States,San Francisco,Technology,Stéphane Alisse,2013,2,
Halliburton Labs,https://www.halliburtonlabs.com/,United States,Houston,"Environment Tech, Enterprise",,2020,2,
Ocean Solutions Accelerator,http://soalliance.org/ocean-solutions-accelerator/,United States,San Francisco,"Healthcare, FinTech, EdTech, Gaming, Ecommerce, eSports, Consumer, Logistics, Transportation, Travel, HR, Hospitality, Retail, Real Estate, Cyber Security, Insurance, IoT, Sports Tech, Legal Tech","Craig Dudenhoeffer, Daniela Fernandez",,2,
DEFT,https://deftdynamics.com/,United States,Birmingham,"IoT, AI, Robotics",,2016,2,
Garini Ventures,http://www.garini.com,United States,Denver,Technology,Jonathan Garini,2018,2,
Brain Trust Accelerator Fund,http://www.braintrustvc.com,United States,Burlingame,"Pharmaceutical, Biotech, Life Sciences",,,2,
gbeta,https://www.gbetastartups.com/,United States,Beloit,Industry Agnostic,,,2,
Ginserv,http://ginserv.in/,India,Bangalore,Industry Agnostic,,2010,2,
Jaarvis Accelerator,https://jaarvisaccelerator.com/,India,Gurgaon,Technology,Jaspal Sarai,2014,2,
OnRamp Fund,http://onrampfund.com/,United States,Los Angeles,Industry Agnostic,Lawrence Ng,2015,2,
Jigsaw,https://jigsaw.google.com/vision/,United States,New York,Technology,"Eric Schmidt, Jared Cohen",2010,2,1
Research Innovation Incubation Design Laboratory,http://riidl.org/,India,Mumbai,Industry Agnostic,Karishma Talreja,2010,2,
octopus,http://theoctopus.com,United States,Scottsdale,"Technology, Entertainment, Gaming",stryker lampe,2014,2,1
SigmaLabs,http://sigmalabs.co/,Israel,Ramat Gan,"Network Management Software, Healthcare","Aviad Eyal, Eran Bielski, Ido Yablonka",2015,2,1
University of Chicago New Venture Challenge,https://research.chicagobooth.edu/nvc/,United States,Chicago,"Science, Technology",,1996,2,
Seamless Accelerator,http://seamlessaccelerator.com/,United States,Grand Rapids,"Smart Homes, Healthcare, Automotive, Retail, Software",,2015,2,
GROW Agrifoodtech Accelerator,https://www.gogrow.co/,Singapore,Singapore,"Agriculture, Food, Beverage, FoodTech",,2019,2,
StartLabz,https://www.startlabz.com/,Jordan,Amman,Industry Agnostic,,,2,
VIT Technology Business Incubator,http://www.vittbi.com,India,Vellore,Technology,,,2,
RealCoAccelerator,http://www.realco.com/,United States,San Antonio,B2B,Chris Saum,,2,
"Carib Ventures, LLC",http://www.caribventures.com,United States,San Diego,Technology,,2012,2,
Great Lakes Innovation and Development Enterprise,http://www.glideit.org,United States,Elyria,"Advanced Materials, Electronics, Energy, Bioscience, Information Technology",,2001,2,1
Lever,https://leverinc.org,United States,North Adams,"Education, SaaS",,2014,2,
Padup Ventures,https://www.padup.in/,India,Gurgaon,"Healthcare, Pharmaceutical","Pankaj Thakar, Rajat Jain, Syed Safawi",,2,
Doordasht Venture,https://doordasht.com/,United States,Irvine,Technology,,1995,2,
Digital Industries,https://digital.industries,United States,Portland,"Digital Marketing, Information Technology, RetailTech","Jon Love, Paul Weinert",2016,2,
CrossCoin Ventures,http://www.crosscoinventures.com,United States,San Francisco,Digital Currency,"Adam Marsh, Gary Kremen, Kairat Kaliyev, Ryan Orr, Steve Bennet",2014,2,
Axelys,http://www.sovar.com,Canada,Quebec,"Social Impact, Medical Device, Cleantech, Information, ICT, Science, Engineering, Life Science",,2000,2,
Cove Capital Group,http://www.covecapital.com.au/,United States,New York,"Mobile, HealthTech",Pini Althaus,,2,
Missouri Innovation Center,https://missouriinnovation.com/,United States,Columbia,"Healthcare, Agriculture, Media, Education, Financial Services, Online Marketplaces",,1984,2,
Incentive Incubator,http://www.incentive-il.com,Israel,Arbel,"Healthcare, MedTech, Medical Device, Biotech, Pharmaceutical, Bioanalytics, Molecular Diagnostics",,2002,2,
Supply Chain Labs,https://supplychainlabs.in/,India,Gurgaon,"Supply Chain, Warehousing, Logistics",,,2,
Plug and Play Fintech,https://www.plugandplaytechcenter.com/fintech/,United States,Sunnyvale,FinTech,,,2,1
FCJ Triangulo Venture Builder,https://www.fcjtriangulo.com.br/,Brazil,Uberlândia,Industry Agnostic,"Afrânio Almeida Junior, Paulo Justino",2018,2,
Walnut St. Labs,http://walnutstlabs.com/,United States,West Chester,"Technology, Ecommerce","Chris Dima, Kevin Fleming",2013,2,
Colgate Entrepreneurs Fund,http://www.colgate.edu/distinctly-colgate/entrepreneurship/colgate-entrepreneurs-fund,United States,Hamilton,Industry Agnostic,,2013,2,
Shona,https://shona.co/,Uganda,Kampala,"Agriculture, Manufacturing, Energy, Water, Healthcare, Beauty, Education",,2013,2,
SIDBI Innovation & Incubation Centre,http://www.iitk.ac.in/siic/d/incubation,India,Kanpur,Industry Agnostic,,2000,2,
The Board,https://theboardperu.com/,Peru,Miraflores,Industry Agnostic,,,2,
SETsquared,http://www.setsquared.co.uk/,United Kingdom,Bristol,HighTech,,2001,2,
Rejuveron Life Sciences,https://rejuveron.com/en/,Switzerland,Schlieren,Life Science,"Christian Angermayer, Matthias Steger",2019,2,
CEED Tech,http://www.ceedtech.eu/,Estonia,Tallinn,Technology,"Adam Jermann, Calum Cameron, Eva Havasova, Grete Gutmann, Nikola Rafaj, Rokas Tamošiūnas",2011,2,
UtrechtInc,http://utrechtinc.nl/en,The Netherlands,Utrecht,"Technology, Software,",Bart Verhulst,2009,2,
Seedcoin - Bitcoin Startup Incubator,http://www.seedco.in,United Kingdom,London,"Blockchain, Cryptocurrency","Eddy Travia, Hakim Mamoni",2013,2,
Algorand Europe Accelerator,https://www.algorand-europe-accelerator.com/,United Kingdom,London,Blockchain,,2020,2,
MTS StartUp Hub,https://startup.mts.ru/,Russia,Moscow,"FinTech, IoT, Cloud, AdTech, Martech, EdTech, Entertainment",,2018,2,
Build Up Labs,https://builduplabs.com/,Portugal,Lisbon,"AI, Software",Rui Gouveia,2014,2,
Vittoria Hub,https://vittoriahub.com/,Italy,Milan,InsurTech,,2019,2,
Seedhouse,https://seedhouse.de,Germany,Osnabrück,"Agriculture, Food, Digitization",,2018,2,
FF2032,https://www.FF2032.com,Belgium,Lembeke,"Food, Beverages, FoodTechnology, Sustainability",,2019,2,
Vispiron,https://www.vispiron.de,Germany,Munich,"Sustainability, Mobility",Amir Roughani,2002,2,
Accelerator B8,https://b8accelerator.com/,Russia,Yakutsk,Information Technology,,,2,
BaseLaunch,https://www.baselaunch.ch/,Switzerland,Allschwil,"Technology, Science",,2017,2,
Lloyd's Lab,https://www.lloyds.com/news-and-insights/lloyds-lab/insurtech/lloyds-lab-accelerator,United Kingdom,London,InsurTech,,,2,
Swiss Start Up Factory,https://www.swissstartupfactory.com,Switzerland,Zürich,Industry Agnostic,"Max Meister, Mike Baur, Oliver Walzer",2014,2,
UNIQ,https://joinuniq.com,Spain,Barcelona,"FinTech, Blockchain, InsurTech",André Caçador,2018,2,
La Javaness,http://lajavaness.com/,France,Paris,"Advertising, eSports, Logistics, Supply Chain Tech, Social Networks, Regtech, Proptech, Legaltech, InsurTech, Hospitality, Traveltech, HR, HealthTech, Fitness, Gaming, FoodTech, FinTech, SaaS, Femtech, EdTech, Ecommerce, Productivity Tools, Cyber Security, Cloud, Climate Tech, AR, VR, AgTech, AI, Data",Romain Grosjean,2015,2,
TwinklHive,https://www.twinkl.co.uk/hive,United Kingdom,Sheffield,"EdTech, Technology",Jonathan Seaton,2018,2,
BIG BOOSTER,http://www.bigbooster.org,France,Lyon,Industry Agnostic,,2015,2,
Beam,https://beamberlin.com/,Germany,Berlin,Logistics,,2018,2,
HighTechXL,http://www.hightechxl.com,The Netherlands,Eindhoven,DeepTech,"Guus Frericks, Patrick Gabriels",2016,2,
Schweizer Kapital Global Impact Fund AG,https://schweizer-kapital.ch/en/global-impact-fund/,Switzerland,Zürich,"Real Estate, Construction, Ecommerce, Logistics, Automobiles, Electromobility, MedTech, Food, Cleantech",Umut Ertan,2018,2,1
BnL Start Partners,http://bnlstart.com/,Hungary,Miskolc,"FinTech, EdTech, HealthTech",,2017,2,
Next Floor,http://tacc.next-floor.at/,Austria,Salzburg,"Tourism, Medical Tourism, Sustainability, Elder Care, Mobility, FinTech, Blockchain, DeepTech",,2015,2,
adVentures Startup Studio,https://www.adventures-studio.com/,France,Paris,"Technology, DeepTech, Biotech",Antoine Duboscq,2010,2,
BlueHealth Innovation Center,https://www.bhic.care/,Belgium,Genk,HealthTech,,,2,
Impact Hub Milan,http://milan.impacthub.net,Italy,Milan,"AgTech, Tourism, Mobility, MedTech",,2010,2,
32nd Floor,https://www.32ndfloor.com/,Germany,Berlin,"Real Estate, Proptech, FinTech",,,2,
SAP.iO Foundry Berlin,https://sap.io/foundry-berlin/,Germany,Berlin,"Energy, Aerospace, Defense, Industrial Machinery, High Tech, Automotive, Banking, Insurance, Consumer, Public Services, Technology, Intelligent Enterprise, Industry 4.0, Sustainability Management",,,2,1
BlockIS,https://blockis.eu/,Belgium,Brussels,Blockchain,,,2,
Uppsala Innovation Centre,http://www.uic.se,Sweden,Uppsala,Industry Agnostic,,1999,2,1
INTERWOOS,https://www.interwoos.com/,Japan,Tokyo,Industry Agnostic,,1995,2,
Nordic XR Startups,http://nordicvrstartups.com/,Finland,Helsinki,"VR, AR",,2017,2,
CFB Croissance & Innovation,http://www.bfccroissance.fr,France,Dijon,Industry Agnostic,,2007,2,
PARSEC Accelerator,https://parsec-accelerator.eu/,Belgium,Brussels,"Food, Energy, Environment",,2019,2,
Bright Link Ventures,http://brightlinkventures.com/,United Kingdom,London,"Consumer Goods, Food, Hospitality, Retail, Finance Services, Healthcare",,,2,
Blast Off Partners S.L,http://blastoffpartners.com,Spain,Castellón,Industry Agnostic,,2015,2,
Data Market Services,https://www.datamarketservices.eu/,Spain,Pamplona,"Data, Technology",Alberto Sierra,2019,2,
B612 Participations,http://www.lafrenchtech-onelse.com/organisations/b612/,France,Lyon,"Software, Robotics, HealthTech, Cleantech, Mobility, FoodTech, FinTech, Sporttech, Retail, Industry, EdTech, Entertainment",,,2,
Edpstarter,https://www.edp.com/en/innovation/edp-starter#about-us,Portugal,Sacavém,"Clean Energy, Smart Grid, Smart Mobility, Smart Buidlings, Energy Storage, Flexibility",,,2,
Lorain County Community College Innovation Fund,http://www.innovationfundneohio.com,United States,Elyria,Technology,,2007,2,
InvestInFuture,https://investinfuture.nl,The Netherlands,Den Haag,Industry Agnostic,,2010,2,
X2 Labs - A Startup Factory,http://www.x2labs.io/,Norway,Stavanger,Industry Agnostic,"Christian Rangen, Sean Paul Shanor",2016,2,
New Frontiers,https://www.newfrontiers.ie,Ireland,Dublin,Industry Agnostic,,,2,
CATAPULT: Inclusion Africa,http://catapult.lu/,Luxembourg,Luxembourg,"FinTech, Information Technology",,2016,2,
Toronto Fashion Incubator,http://www.fashionincubator.com/,Canada,Toronto,Fashion,,1987,2,
Vebu Labs,https://www.vebulabs.com/,United States,Los Angeles,Food Supply Chain,,2011,1,
Fresh Start FoodTech Incubator,https://fresh-start.co.il/,Israel,Qiryat Shmona,"Food, Beverage, Biotech",,,1,
Weve Accelerator,https://weveacceleration.com/,United States,New York,Industry Agnostic,,2017,1,
Leavening Accelerator,https://leavening.com/,Brazil,São Paulo,"Web, SaaS, Ecommerce, FinTech, Enterprise, Hardware, Maker, AgTech, Agrotech, Mobile, IoT",,2018,1,
Black and Latino Tech Initiative,http://blackandlatinotech.com/,United States,Newark,"Information Technology, Technology",,,1,
Karnataka Startup Cell,https://startup.karnataka.gov.in/,India,Bangalore,Industry Agnostic,,,1,
Corallia - Hellenic Technology Cluster Initiative,https://corallia.org/en/home-en/,Greece,Athens,"Microelectronics, Space Technologies, Applications, Gaming Technologies",,2006,1,
Creative Accelerator,http://creativeaccelerator.hu/,Hungary,Szeged,"Biotech, MedTech, Medical It","Erno Duda, Norbert Buzas",2015,1,
The Johns Hopkins University,https://www.jhu.edu/,United States,Baltimore,"Life Sciences, Engineering Technology, HealthTech",,1876,1,
Madrona Venture Labs,https://www.madronavl.com/,United States,Seattle,Industry Agnostic,Sam Clark,2014,1,
Talino Venture Labs,http://talinolabs.com/,United States,Los Angeles,FinTech,Winston Damarillo,2016,1,
Automation Alley,http://www.automationalley.com,United States,Troy,"Industry 4.0, Advanced Manufacturing",Brooks Patterson,1999,1,
MATTER,https://matter.health,United States,Chicago,"Life Sciences, Biotech, Healthcare","Andrew Cittadine, David Schonthal",2014,1,
ExploraMed,http://www.exploramed.com/,United States,Mountain View,"Healthcare, Health Diagnostics, Medical Device",Josh Makower,1995,1,
MVST:MG,https://www.mvstmg.com,Cyprus,Lefkosia,"Web3, Blockchain","Elad Peled, Shahar Chaham",2018,1,
Canalys,http://canalys.com/,Singapore,Singapore,"Mobile, Smart Technologies","Chris Jones, Chris Jones, Sandy Fitzpatrick, Steve Brazier",1998,1,
eFactory,https://efactory.missouristate.edu/,United States,Springfield,Industry Agnostic,,2013,1,
North Shore InnoVentures,http://www.nsiv.org,United States,Beverly,"Biotech, Cleantech",Martha Farmer,2008,1,
FoundersBoost,https://www.foundersboost.com,United States,Los Angeles,Technology,"Blake Caldwell, Gene Murphy",2017,1,
NextCorps,http://www.nextcorps.org/,,,"Software, HealthTech",,,1,
Global Accelerator Network,http://gan.co,United States,Boulder,"Photonics, Biotech, SaaS, High Tech, Life Sciences","Brad Feld, David Cohen",2010,1,
Trium,https://www.trium.ng/,Nigeria,Lekki,Industry Agnostic,,2015,1,
AngelHack,http://angelhack.com/,United States,San Francisco,Industry Agnostic,"Greg Osuri, Gregory Gopman, Sabeen Ali",2011,1,
MouseBelt,https://www.mousebelt.com/,United States,San Francisco,"Blockchain, EdTech","Alexander Levin Holz, Galen Danziger, Patrick McLain",2017,1,
OneTraction,http://onetraction.com,United States,San Francisco,"Internet, Enterprise, Consumer, Fin Tech, Health, Cleantech, Hardware, Biotech, Manufacturing, Agro Tech","Andrew Preston, David Zeng, Henri S.",2013,1,
Cleantech Open,http://www.cleantechopen.org,United States,Palo Alto,"Environment Tech, Energy Tech","Marc Gottschalk, Michael Santullo",2006,1,
SURE International Technology,https://www.sure.com.sa/,Saudi Arabia,Riyadh,Technology,,2004,1,
Startup Leadership Program,http://www.startupleadership.com,United States,Boston,"Lifesciences, Technology, Cleantech, MedTech, FinTech, Consumer, HealthTech, SaaS, EdTech, Food , Beverage","Anupendra Sharma, Puran Dang",2006,1,
Amity Innovation Incubator,http://www.amity.edu/aii/,India,Noida,Industry Agnostic,Aseem Chauhan,2008,1,
Fermata,https://www.hellofermata.com/,Japan,Kami-Meguro,Technology,"Amina Sugimoto, Hiroko Nakamura",2019,1,
Prepare 4 VC,http://prepare4vc.com,United States,Boston,Industry Agnostic,Jason Kraus,2016,1,
The Bulb Africa,https://thebulb.africa/,Nigeria,Jibowu,Technology,"Tosin Osunkoya, Wande Adams",2020,1,
TinySeed,https://tinyseed.com/,United States,Minneapolis,SaaS,Rob Walling,,1,
Xelpmoc,http://xelpmoc.co/,India,Bangalore,"Finance, Agriculture, Transportation, Education, Travel, IoT, Health",,,1,
Openner,https://www.openner.vc/#Vive_Labs,United States,Manassas,"AI, Big Data, Social Experiences",,,1,
DRIVE TLV,http://www.drivetlv.com,Israel,Tel Aviv,Mobility,"Boaz Mamo, Omer Shachar, Tal Cohen",2017,1,
Origgin Ventures,https://origgin.com/,Singapore,Singapore,"AgriFood, Advanced Engineering, Healthcare, Sustainability",,2016,1,
Bucks Built,http://www.bucksbuilt.com/,United States,Doylestown,Industry Agnostic,,2020,1,
PeopleTech Partners,http://www.peopletechpartners.com,United States,San Francisco,Peopletech,Cara Brennan Allamano,2016,1,
EDventure Holdings,http://edventure.com/,United States,New York,"Healthcare, Aerospace",,,1,1
Angel To Venture Accelerator,https://www.angeltoventure.com/,Taiwan,Taipei,"Software, SaaS, Deep Learning, DeepTech AI",,2020,1,
StartEd Accelerator,http://www.started.com/,United States,New York,EdTech,Ashantha Kaluarachchi,2016,1,
WaterEquity,http://waterequity.org/,United States,Kansas City,WaterTech,Gary White,2017,1,
L.A. Libations,http://lalibations.com/,United States,El Segundo,"Food, Beverage",,2009,1,
RevUp Capital,https://www.revupfund.com/,United States,Providence,Industry Agnostic,"Allan Tear, Bill Cesare, Melissa Withers",2015,1,
Tandon Group,http://www.tandongroup.com,United States,San Jose,"Healthcare, Technology, FinTech, Information Technology",,1975,1,
in5,http://www.in5.ae,United Arab Emirates,Dubai,"Information Communication Technology, Digital Media",,2013,1,
Celo Camp,https://www.celocamp.com/,Israel,Tel Aviv,Blockchain,"Alon Shavit, Tomer Weiss",,1,
R-LABS Canada Inc.,https://www.rlabs.ca/,Canada,Toronto,"Real Estate, Housing Industry",George Carras,2017,1,
Portal Innovations,https://www.portalinnovations.com/,United States,Chicago,"Biotech, AI",,2020,1,
Powered Health,https://poweredhealth.com/,United States,Nashville,Healthcare,Jim Sohr,2013,1,
Excelerate Labs,https://exceleratelabs.com/,United States,Chicago,"Software, Information Technology",,2010,1,
DreamPlus,http://dreamplus.asia/en,South Korea,Seoul,"FinTech, Healthcare, Wellness",,2014,1,
Startup Calgary,http://startupcalgary.ca/,Canada,Calgary,Industry Agnostic,,2010,1,
LAUNCH,http://uclaunch.com,United States,Berkeley,Industry Agnostic,,1999,1,1
StartupX,https://www.thestartupx.com/,Singapore,Singapore,Technology,"Durwin Ho, Joyce Tay, Raymond Doraisamy",2018,1,
Pushstart,http://www.pushstart.com.au,Australia,Sydney,Technology,"Kim Heras, Roger Kermode",2011,1,
AccelerateBaltimore,http://www.acceleratebaltimore.com,United States,Baltimore,Industry Agnostic,,,1,
Schmidt,http://schmidt.kr/#company,South Korea,Seoul,"Mobility, Bio, DeepTech",,2014,1,
RedHouse Associates,http://www.redhouseassociates.com,United States,Houston,Technology,,2011,1,
Bangkok Bank InnoHub,https://www.bangkokbankinnohub.com/,Thailand,Bangkok,"FinTech, IoT",,,1,
Eunike Ventures,https://www.eunikeventures.com/,United States,Houston,"AI, Software, Technology","Amy Henry, Thomas Henry",2017,1,
W Ventures,https://wventuresllc.com/,United States,Baltimore,Industry Agnostic,,,1,
Nailab Accelerator,http://nailab.co.ke,Kenya,Nairobi,Industry Agnostic,,2010,1,
Prospect Mining Studio,https://prospectminingstudio.com/,United States,New York,"Healthcare, Mining Technology",,,1,
INNOVEST Middle East,https://innovest.org/,United Arab Emirates,Dubai,Industry Agnostic,,2011,1,
Savant Technology Incubator,https://www.savant.co.za/,South Africa,Cape Town,"Hardware, DeepTech",,,1,
Nashville Entrepreneur Center,http://www.ec.co,United States,Nashville,"Music, Entertainment, Healthcare",,2010,1,
SGcapital,https://www.sg-capital.me/,Japan,Tokyo,"Fashion, Food, Beverage, Digital Media Technology",,2018,1,
FFVentures,https://www.ffventures.com/,United States,Paramus,"EdTech, Education Services, AdTech","David Flack, Tom Ferrara",2007,1,
Abu Issa Investment,https://www.abuissa.com/,Qatar,Doha,"Retail, ICT, Security, Tourism",,,1,
Block by Block Capital,https://www.bxbcapital.com/,Singapore,Singapore,Blockchain,"Alex Friedberg, Hwan Kim, Jiho Kang, JJ Petersen",2017,1,
Bounce Innovation Hub,https://bouncehub.org,United States,Akron,"Software, Technology",,2018,1,
Audacity Fund Reno,https://www.audacityfundreno.com/,United States,Reno,Technology,,,1,
ZL LLC,https://zltech.io,United States,Nashville,"Information Technology, Healthcare, Software Development",Nir Z. Pengas,2018,1,
1st50K,https://www.codefiworks.com/1st50k/,United States,Cape Girardeau,Industry Agnostic,,2015,1,
HCF Catalyst,http://hcfcatalyst.slingshotters.com/,Australia,Sydney,"Health, MedTech",,,1,
Boomtown Health Tech Accelerator,http://www.boomtownaccelerator.com/accelerators/health/,United States,Boulder,"HealthTech, Sportstech, Hardware",,,1,
757 Accelerate,https://757accelerate.org/,United States,Norfolk,Industry Agnostic,,2018,1,
Delta Clime VT,https://deltaclimevt.com/,United States,Montpelier,"Energy, Climate, Clean Energy, Smart Building, Electric Vehicle",,2017,1,
Velantic Investments,http://www.velantic.com.br,Brazil,São Paulo,Industry Agnostic,,2021,1,
INcubes,http://INcubes.ca,Canada,Toronto,Industry Agnostic,Ben Zlotnick,2010,1,
365^x Accelerator,http://www.365x.io/,Israel,Kfar Saba,"Software, IoT",,2018,1,
Rebalance,http://therebalance.com/,India,Haryana,"Women, Industry Agnostic",Vikas Kumar,2019,1,
New Paradigm Investment,http://www.npinvestment.co.kr/,South Korea,Seoul,"Industry 4.0, Healthcare",,,1,
Comcast NBCUniversal SportsTech,https://www.comcastsportstech.com/,United States,Atlanta,"Sportstech, Technology",,,1,
Launch.vc,https://www.launch.vc/,Canada,Vancouver,"Sport, Entertainment, VR, AR",Ray Walia,2018,1,
BYLC Ventures,https://bylc.org/ventures/,Bangladesh,Dhaka,Industry Agnostic,,2019,1,
Stanford Technology Ventures Program,http://stvp.stanford.edu,United States,Stanford,"Research, Technology",,,1,
America's Seed Fund,https://seedfund.nsf.gov/,United States,Alexandria,"Advanced Manufacturing, Material, AgTech, AI, AR, VR, Biotech, Chemtech, Cloud, Cyber Security, HealthTech, Energy, IoT, Medical Device, Mobility, Nano Technology, Pharmatech, Robotic, Semiconductor, Space, Wireless",,,1,
RedTape Ventures,http://redtapeventures.com/,United States,San Francisco,Technology,Michael Tanzer,2017,1,
MIT Sandbox Innovation Fund Program,http://sandbox.mit.edu/,United States,Cambridge,"Food, AgTech",,,1,
Launch Accelerator,https://bongohive.co.zm/home/launch/,Zambia,Lusaka,"Technology, FinTech",,,1,
FinHub Global,https://www.finhub.vc,United States,San Francisco,FinTech,Andrey Morozov,2015,1,
Bing Fund,http://bingfund.com,United States,Seattle,"Healthcare, Autonomous Systems, Cloud, Devops, Cyber Security, Web3, Metaverse, Gaming, SaaS, Frontier Bets",,,1,1
Austin Technology Incubator,http://ati.utexas.edu/,United States,Austin,"DeepTech, Energy, Cleantech, Food, AgTech, Mobility, Water",George Kozmetsky,1989,1,
GaneshaLab,https://ganeshalab.com/,Chile,Santiago,"Science, Biotech",,2016,1,
OBr.global,http://www.obr.global,Brazil,Rio De Janeiro,Industry Agnostic,"Alex Jacobs, Claudia da Matta, Frederico Roberto Mens Filho, Robert Janssen",2001,1,
Parcel B,https://www.parcelb.vc/,United States,San Francisco,Technology,,,1,
Connecticut Center for Advanced Technology,http://www.ccat.us,United States,East Hartford,"Industry 4.0, Tehcnology, Energy",,,1,
Viveka,http://www.viveka.com.tr,Turkey,Ankara,"HealthTech, Greentech, Mobility, Energy, Cyber Security, Blockchain, Creative Industries",,2009,1,
Baker & Eastlack Ventures,http://www.bakerandeastlackventures.com,United States,San Diego,"Medical Devices, Health Diagnostics","Kenneth Baker, Robert Eastlack",,1,
Preccelerator Program,http://www.preccelerator.com/,United States,Santa Monica,"Consumer, FinTech",,2012,1,
SHOzemi Innovation Ventures,http://sziv.org,United States,Redwood City,EdTech,Yoshi Okamoto,,1,
Braitman & Company,http://braitman.co,United States,San Francisco,"Media, Blockchain, Consumer, Martech, HealthTech, Gaming, EdTech",,2003,1,
Villgro USA,https://www.villgro-us.org/,India,Chennai,Social Impact,Arun Venkatesan,,1,
Purple Ventures Management Consultant LLP,http://www.purpleventures.co.in,India,Mumbai,"Financial Services, Chemicals, Technology, Education, Automobile, Retail, Consumer Goods, Agriculture, Rural Markets, Logistics, Healthcare, Hospitality, Media, Events, Manufacturing, Jewellery, Power, Energy",Ateet Sanghavi,2011,1,
Jett Ventures,https://jettventures.com/,United States,Venice,Industry Agnostic,,2018,1,
IIMK Live,https://www.iimklive.org/,India,Kozhikode,Industry Agnostic,,,1,
Eretz.bio,https://eretz.bio,Brazil,Brasil,"Biotech, HealthTech, Medical Devices",,2017,1,
Plug and Play Food & Beverage,https://www.plugandplaytechcenter.com/food/,United States,Sunnyvale,"Food, Beverage",,,1,
Climate Ventures,https://climateventures.org/,Canada,Toronto,Cleantech,,2017,1,
Technology Seed Incubation,https://tsi-japan.com/,Japan,Kyoto,"Electronics, Biotech, Life Science, Information Technology, Healthcare, Agriculture",,2018,1,
Dream Project Incubators,http://dpigroup.org/,Singapore,Singapore,Renewable Energy,,,1,
TuksNovation,https://tuksnovation.co.za/,South Africa,Gauteng,"Health, Biotech",,2018,1,
BRIIA,https://briia.io,United States,San Ramon,Industry Agnostic,"Jon Brooks, Les Schmidt",2017,1,
YEAST.,http://www.yeastlab.co,China,Shanghai,"Food, Technology","Federico Duarte, Matilda Ho",2018,1,
Chicago Venture Summit,http://www.chicagoventuresummit.com,United States,Chicago,Technology,,2014,1,
Penn Wharton VIP,https://entrepreneurship.wharton.upenn.edu/venture-initiation-program/,United States,Philadelphia,Industry Agnostic,,,1,1
Invoke Labs,https://www.invokedigital.co/,Canada,Vancouver,Technology,"Dario Meli, David Tedman, Ryan Holmes",2012,1,
AIC NMIMS Incubation Centre,https://aic.nmims.edu/investor-connect-program/,India,Mumbai,Industry Agnostic,Sharad Mhaiskar,2017,1,
Capsula Smart Mobility,http://www.capsula.studio/,Israel,Tel Aviv,Mobility,,,1,1
Tinc,https://tinc.id/,Indonesia,Jakarta,"SaaS, HealthTech, EdTech, FinTech, AgTech, Ecommerce, Media, Industrial IoT, Smart City",,,1,
Thought into Action Entrepreneurship Institute at Colgate University,http://colgate.edu/distinctly-colgate/entrepreneurship,United States,Hamilton,Industry Agnostic,,2009,1,
Maruti Suzuki Mail powered by GHV Accelerator,https://www.marutisuzukimail.com/,India,Haryana,"Mobility, Automobile Innovation Lab",,2018,1,
BetOnIndia Technlogy,http://www.betonindia.in/,India,Bangalore,Technology,Chandru Bolaki,,1,
Eurekalabs,https://www.eurekalabs.io/,Argentina,Córdoba,"Ecommerce, SaaS","Damian Amaya, Guillermo De Bernardo, Jorge De Bernardo, Roque Peralta",,1,
Pineal Ventures,http://pineal.ventures,United States,Los Angeles,"Entertainment, Consumer Packaged Goods, HealthTech, EdTech",Neal Sarin,2019,1,
WE Impact,https://www.weimpact.tech/,Brazil,São Paulo,"Women, Software, Hardware, Technology",,2019,1,
EPICentre,https://www.epicentreuwindsor.ca/,Canada,Windsor,Industry Agnostic,,2014,1,
The eFactory,http://efactory.missouristate.edu/,United States,Springfield,Industry Agnostic,,,1,1
Foam Recycling Coalition,https://www.recyclefoam.org/,United States,Virginia,Foam Recycling,,2014,1,
Campus des Technologies de la Santé/CTS Healthcare,http://ctssante.com/en/,Canada,Quebec,HealthTech,,2008,1,
Apps.co,https://apps.co/,Colombia,Bogotá,"Mobile Applications, Software",,2012,1,
150 Startups,https://150startups.com/,Canada,Calgary,Industry Agnostic,Craig Elias,,1,
CURAD,https://curadincubator.org/,Uganda,Kampala,AgTech,,,1,
VentureWorx,http://www.ventureworx.com,United States,Charlotte,"Security, Software, FinTech",,1999,1,
Digital Arts Media Network,http://digitalartsmedianetwork.com/,United States,New York,Industry Agnostic,,,1,
Imprint Lab,http://www.imprintlab.com/,United States,Long Beach,"Health, Beuty, Consumer, Technology",Julia Huang,,1,
SCALA Partners,https://www.scala-partners.com/company/,Japan,Tokyo,"Social Impact, Sustainability",,,1,
Startupbootcamp Fintech Cairo,https://www.startupbootcamp.org/accelerator/fintech-cairo/,Egypt,Cairo,FinTech,"Alex Farcet, Carsten Kolbek, Patrick Zeeuw, Ruud Hendriks",2010,1,
The Fabric,http://www.thefabricnet.com,United States,Sunnyvale,"Cloud, IoT Infrastructure",,2012,1,
SEA Change,http://seachng.org/,United States,Cleveland,Social Impact,,2019,1,
Tie Silicon Valley,https://sv.tie.org/,United States,California City,"AI, Security, Blockchain, HealthTech, Cyber Security",,,1,
John Keells Group,https://keells.com/,Sri Lanka,Colombo,Industry Agnostic,,1870,1,
Pears Challenge,http://pearschallenge.com/,Israel,Tel Aviv,"Water, Food, Education, Health, Energy, Agriculture",,2008,1,
Gema Ventures,http://www.gemaventures.com,Brazil,São Paulo,B2B,Luisa Ribeiro,2014,1,
InNegev,https://innegev.com/,Israel,Rahat,"AgTech, Cleantech, FoodTech",,2020,1,
Lonca Girişimcilik Merkezi,http://www.loncagirisim.com/,Turkey,Istanbul,"Technology, IoT, Software",,,1,
Economic Development of the Longueuil Conurbation,https://www.delagglo.ca/fr,Canada,Boucherville,Technology,,2002,1,
Pmaestro,http://www.pmaestro.com,Egypt,Cairo,Technology,,2017,1,
FastForward U,https://ventures.jhu.edu/programs-services/fastforward-u/,United States,Baltimore,Industry Agnostic,,,1,
AltCity,http://www.altcity.me,Lebanon,Beirut,"Education, Health, Telecommunications, Sanitation, Food, Agriculture","David Munir Nabti, Dima Saber, Samer Azar",2010,1,
MassChallenge Texas,https://masschallenge.org/programs-texas,United States,Austin,Industry Agnostic,,,1,
Midwest Biomedical Accelerator Consortium,https://medicine.missouri.edu/offices-programs/midwest-biomedical-accelerator-consortium,United States,Columbia,"Biomedical, Bioengineering",,,1,
canow,http://canow-jp.com,Japan,Tokyo,Blockchain,,2020,1,
The Kaifa Group,http://thekaifagroup.com,Hong Kong,Hong Kong,"Information Technology, Hardware, Internet, Software",,,1,
Synesis Group,http://synesis-group.com/,Belarus,Minsk,"Media, Entertainment, Consumer","Alexander Shatrov, Denis Mishin, Nikolai Ptitsyn",2007,1,
One planetcrowd,http://www.oneplanetcrowd.com/,The Netherlands,Amsterdam,"Social, Sustainability","Coenraad de Vries, Laura Rooseboom, Maarten de Jong",2012,1,
German Accelerator,https://www.germanaccelerator.com/,Germany,Munich,Life Science,"Dietmar Harhoff, Dirk Kanngiesser, German Federal Ministry of Economic Affairs and Energy BMWi",2011,1,
Rainmaking,https://rainmaking.io/,Denmark,Copenhagen,"HealthTech, FinTech, InsurTech, Transport, Energy",Martin Bjergegaard,2006,1,
BiovelocITA,http://www.biovelocita.com/,Italy,Milan,"Biotech, Healthcare, Sustainability",Silvano Spinelli,2015,1,
Satgana,http://satgana.com/,Luxembourg,Luxembourg,Climate Tech,Romain Diaz,2020,1,
BackFund,https://www.backfund.vc,Spain,Madrid,Technology,Adrian Gorritxo,2021,1,
Dogpatch Labs,http://dogpatchlabs.com/,Ireland,Dublin,Industry Agnostic,"Michael Hirshland, Patrick Walsh",2009,1,
Digital Invest,https://www.digiinvest.com/,Estonia,Tallinn,Industry Agnostic,,2015,1,
Antenna Hungária Innovációs Kft.,https://www.ahabrainstore.hu/,Hungary,Budapest,"IoT, Drone Technology",,2017,1,1
University of Surrey,http://www.surrey.ac.uk,United Kingdom,Guildford,Industry Agnostic,,1966,1,
Founders Forum,https://ff.co/,United Kingdom,London,"DeepTech, AI, Life Science","Brent Hoberman, Jonathan Goodwin",2005,1,
PortXL,http://portxl.org/,The Netherlands,Rotterdam,Maritime Tech,,2015,1,
TechFounders,https://techfounders.com/,Germany,Munich,Industry Agnostic,Lorenz Hartung,2014,1,
GOB Incubation Partners,https://gob-ip.net/,Japan,Tokyo,Industry Agnostic,,,1,
weXelerate,https://wexelerate.com,Austria,Vienna,"Energy, Infrastructure, Industry 4.0, Media, Insurance, Banking, IoT, AI, Bots, Mobility, Blockchain, Cyber Security",,2016,1,
Neo Acelera,https://www.neoacelera.com.br/,Brazil,São Paulo,Healthcare,,,1,
Aluminium Valley Society,http://www.valuminium.ca,Canada,Alma,Aluminium,,2001,1,
PoliHub,http://www.polihub.it/en/,Italy,Milan,DeepTech,,2013,1,
The Birdhouse,http://www.gobirdhouse.com,Belgium,Gent,Industry Agnostic,Henri Jacobs,,1,
Lab Box,https://www.lab-box.com/,Belgium,Brussels,Mobility,,2017,1,
Startup Reykjavik,http://www.startupreykjavik.com,Iceland,Reykjavík,Industry Agnostic,,2012,1,
Tiger Accelerator,https://www.tigeraccelerator.com/,The Netherlands,Utrecht,Healthcare,,,1,
Clever Clover,http://www.cleverclover.vc,The Netherlands,Amsterdam,Consumer Goods,"Heinrich Prokop, Loes Voermans",2012,1,
Xpreneurs,http://xpreneurs.io/,Germany,München,"Aerospace, AgTech, FoodTech, AI, Biotech, Urban Tech, Clean Energy, Cyber Security, FinTech, HealthTech, Legal Tech, Mobility, Quantum, Robotics, SaaS, Impact",,2017,1,
Commercialization Reactor,http://www.commercializationreactor.com,Latvia,Riga,"Agriculture, Automotive, Data, AI, Environment, HealthTech, Industry 4.0, New Materials, Robotics, Space","Nikolai Adamovitch, Voldemars Bredikis",2009,1,
Axeltim,https://axeltim.com/,France,Lyon,Healthcare,,2013,1,
Hook,https://hook.vc,France,Paris,Industry Agnostic,"Kevin Primicerio, Sydney Cohen",2020,1,
High Flyers Capital,https://highflyerscapital.com/,France,Paris,Food,,,1,
ShakeUpFactory,http://www.shakeupfactory.co,France,Paris,FoodTech,"Kevin CAMPHUIS, Nicolas RAFFARD",2015,1,
SOYA CAPITAL,http://soya.vc/,France,Paris,"AI, Big Data, Robotics, New Energy, Agriculture",,2020,1,
Accelerator Frankfurt,http://www.acceleratorfrankfurt.com/,Germany,Frankfurt,"FinTech, Cyber Security, Digital B2B","Maria Pennanen, Ram Shoham",2016,1,1
digihub,https://digihub.de/,Germany,Düsseldorf,Technology,,2016,1,
Look Forward,http://lookforwardproject.com/,France,La Plaine-Saint-Denis,"Fashion, Beauty, Retail",Thierry Petit,2015,1,
Oxford Innovation,http://www.oxin-centres.co.uk/,United Kingdom,Oxford,Industry Agnostic,,,1,
Atrinum. | Ventures,http://www.atrinumventures.com,Switzerland,Zug,"Sustainability, FinTech, Health,",,2018,1,
Berlin Startup Academy,http://berlinstartupacademy.com,Germany,Berlin,"Technology, AI",,2012,1,1
Digital Incubation and Growth,https://www.inc-growth.com/,Germany,Dortmund,Technology,,,1,
TREA Ventures,https://www.trea.ch/,Switzerland,Zürich,Technology,,2017,1,
Ubisoft Entrepreneurs Lab,https://www.ubisoft.com/en-us/company/start-ups/station-f.aspx,France,Paris,"Gaming, Entertainment",,,1,
Greenpact,https://greenpact.fr/,France,Lyon,"Renewable Energy, Clean Mobility, Eco Construction, Sustainable Agriculture",,,1,
Edencia,http://edencia.com,France,Paris,"B2B, SaaS",Stéphane Paillard,2013,1,
Ajujaht,http://www.ajujaht.ee,Estonia,Tallinn,Industry Agnostic,,2006,1,
Entrepreneurial Spark,http://www.entrepreneurial-spark.com,United Kingdom,Glasgow,Information Technology,"Brian McGuire, Jim Duffy",2011,1,
350 PPM,https://350ppm.co.uk/,United Kingdom,London,"Environmental, Climate",,2015,1,
Falmouth Launchpad,https://www.falmouth.ac.uk/launchpad,United Kingdom,Truro,Industry Agnostic,,2014,1,
Life Science Inkubator,http://www.life-science-inkubator.de,Germany,Bonn,"Biotech, Pharmaceutical, Medical Technology",,,1,
Imagination Machine,https://imagination-machine.com/,France,Nantes,"Green Energy, Education, Female Health, Retail, Digital Platform, Delivery",,2017,1,
cKinetics Accelerator,https://www.ckinetics.com/innovation-capitals/#accelerator,India,New Delhi,"Sustainability, Energy Management, Alternative Transportation, Green Construction,",,,1,
Fisheye,http://agrandisseurfisheye.fr,France,Paris,"Culture, Image, Photography",,2017,1,
Eckert Life Science Accelerator,http://www.elsalifescience.com/,Germany,Berlin,"Biotech, Pharmaceutical, MedTech",Dr. Andreas Eckert,,1,1
xEdu,http://xedu.co/,Finland,Helsinki,EdTech,,2015,1,
Central Research Laboratory,http://www.centralresearchlaboratory.com,United Kingdom,Hayes,Hardware,James Nettleton,2015,1,
Abanca Innova,http://abancainnova.com,Spain,A Coruña,"FinTech, InsurTech, Regtech",,2017,1,
Building Global Innovators,https://www.bgi.pt,Portugal,Lisbon,DeepTech,Gonçalo Amorim,2010,1,
GoTech.vc,http://www.gotech.vc/,Russia,Saint Petersburg,Technology,Pavel Belov,,1,
ED2,https://ed2.tech,Russia,Moscow,"EdTech, HRtech",,,1,
Innonic Group,https://www.innonic.com/en,Hungary,Debrecen,Ecommerce,,,1,
Créalia,http://www.crealia.org/,France,Montpellier,Industry Agnostic,,,1,
CarStudio,https://car.studio/,France,Sainghin-En-Mélantois,Autotech,,2016,1,
Continuous Ventures,https://www.continuous.vc,Ireland,Dublin,"AI, FinTech, Envirotech",Colin Meagle,2018,1,
HR & ED-tech accelerator,https://hredtech.vc/,Russia,Moscow,"EdTech, HRtech",,,1,
Defiants,https://defiants.org/,Belgium,Antwerpen,Web3,,2018,1,
WFP Innovation Accelerator,http://innovation.wfp.org/,Germany,Munich,Food,,2016,1,
Small Foundation,https://smallfoundation.ie/,Ireland,Dublin,Industry Agnostic,,,1,
FFWD,http://ffwdlondon.com/,United Kingdom,London,Industry Agnostic,,2014,1,
Spherik Accelerator,http://spherikaccelerator.com,Romania,Cluj-Napoca,"Technology, Education",Gabriel DOMBRI,2013,1,
Hartnett Enterprise Acceleration Centre,http://www.hartnettcentre.ie/,Ireland,Limerick,"Consumer Goods, Information Communication Technology, Electronics, Medical Devices, Biotech, Pharma, Digital Media",,,1,1
Kjeller Innovation,http://www.kjellerinnovasjon.no/,Norway,Kjeller,"Energy Tech, Smart Society, Mobility, Spacetech, Bioeconomy",,,1,
Fábrica de Startups,http://www.fabricadestartups.com/,Portugal,Lisbon,"Public Sector, Energy, Sustainability, Tourism, Retail, Education, Banking, Healthcare, Mobility, Telecommunications",,2011,1,
Global Changemakers,https://www.global-changemakers.net/,Switzerland,Zürich,Industry Agnostic,,2007,1,1
FST Growth,https://www.fstinvest.com/,Denmark,Odense,"News, Media",,,1,
ICBA ThinkTECH Accelerator 2.0,https://www.venturecenter.co/icbathinktech,United States,Little Rock,FinTech,,,1,
Paca-Est Incubator,https://incubateurpca.org/,France,Sophia Antipolis,"Tourism, Space, DeepTech, Life Sciences, Social Human Sciences",,,1,
Hekovnik Startup School,http://hekovnik.com,Slovenia,Ljubljana,"E-Learning, Education",Tomaž Frelih,2009,1,
Tugboat,https://www.tugboat.ch/,Switzerland,Zürich,HighTech,"Rico Chandra, Stephan Habegger",,1,
Academpark,http://www.academpark.com/,Russia,Novosibirsk,"Information Technology, Science, Biotech, Biomedicine, Nanotech, New Materials",,,1,
StartItSmart,http://www.startitsmart.com/en,Bulgaria,Sofia,Industry Agnostic,,2009,1,
Fincite Ventures,https://www.fincite.ventures,Germany,Frankfurt,"Marketplacea, Financial Services, B2B",Ralf Ruben Heim,2016,1,
Scale Lab Andorra,https://scalelabandorra.com/,Spain,Andorra,Technology,,,1,
FAMM,https://famm-group.com/,France,Paris,"Agriculture, Food, AgTech, Art, Healthcare, VR, E-Sport",,,1,
Orbita Verticale,https://www.orbitaverticale.it/,Italy,Rome,Information Technology,,,1,
Venture Workshop,http://www.chuangyegongfang.cn/index,China,Dalian Shi,Industry Agnostic,,2011,1,
Shoppi Ventures,https://www.shoppi.ventures,Germany,Berlin,"Fashion, Hospitality, Mobility, Food","Maria Vacante, Massimo Rossi, Salvatore Vacante",2018,1,
FONGIT Innovation Fund,https://www.fongit.ch/financing,Switzerland,Geneva,"Electronics, Hardware, ICT, Life Sciences, Nanotechnology, Pharmaceutical, Sustainability, Ecommerce, Robotic Systems, Diagnostics, B2B Ecommerce, Energy, Cleantech, Medical Equipment, HealthTech, Biotech",,2021,1,
Starthub Wageningen,https://www.starthubwageningen.nl/,The Netherlands,Wageningen,"Agriculture, Food, Environment, Health, Life Sciences",,,1,
National Aerospace Technology Exploitation Programme,https://www.natep.org.uk/,United Kingdom,Farnborough,Aerospace Tech,,,1,
Rubik Hub,https://rubikhub.ro/,Romania,Piatra Neamt,"MedTech, Climate, FinTech, Impact",,2016,1,
Alfacamp,http://www.alfacamp.com/,Spain,Sevilla,Technology,,2013,1,
Startup Lighthouse,http://startuplighthouse.eu,Portugal,Lisbon,FinTech,,2018,1,
SOUL FI,http://soul-fi.ipn.pt/,Portugal,Lisbon,"Energy, Environment, Mobility, Quality Of Life, Resources, Tourism",,,1,
Unboxx,https://www.unboxx.se/,Sweden,Skellefteå,Industry Agnostic,,,1,
HATCH Aquaculture Accelerator,https://www.hatch.blue/,Norway,Bergen,"Marine Bioeconomy, Aquaculture, Alternative Seafood",,,1,
TrenLab,https://www.trenlab.com,Spain,Madrid,Mobility,,,1,
SG Capital Partenaires,http://www.sg-cp.com/,United Kingdom,London,"Warehousing, Logistics, IoT, Media, Gaming",,2009,1,
Fundación Repsol Accelerator,https://www.fundacionrepsol.com/es/fondo-emprendedores,Spain,Madrid,"Carbon Energy Tech, Energy Tech, Biotech",,,1,
Downing Enterprise,http://www.downingenterprise.co.uk,United Kingdom,Cambridge,Industry Agnostic,,2005,1,
Nowture,https://www.nowture.bio/,Spain,Madrid,"New Drugs, Medical Devices, Biotech, Synthetic Biology, Life Science Technologies",,2017,1,
InnoFounder – Graduate,http://Innofounder.dk,Denmark,Copenhagen,Industry Agnostic,,2017,1,
Greenhouse Cleantech Incubator,https://www.cleantechincubator.nl/,The Netherlands,Arnhem,Cleantech,,,1,
1Kubator,https://www.1kubator.com/,France,Lyon,"DeepTech, Digital Services, Hardware",Alexandre Fourtoy,2015,,
TECHFUND,http://techfund.jp/,Japan,Shibuya,"SaaS, AI, Blockchain, Web3","Kawahara Piisuke, Yuta Matsuyama",2014,,
Lean Rocket Lab,https://www.leanrocketlab.org/,United States,Jackson,"Manufacturing, Industrial Automation, Robotics, AI, Data Analytics, Cyber Security","Brandon Marken, Ken Seneff",2019,,
Kiuas,http://kiuas.com,Finland,Helsinki,Industry Agnostic,,2017,,
PULSE Montreuil,https://www.france.pulse-group.org/,France,Paris,Social Impact,,,,
Growth Train Accelerator,http://growth-train.dk/,Denmark,Nykøbing,"Food, AgTech",,,,
Startup Energy Reykjavik,http://www.startupenergyreykjavik.com/en,Iceland,Reykjavík,Energy,,2013,,
Open Accelerator,http://www.openaccelerator.it/,Italy,Bresso,Technology,,,,
SEE ICT,http://seeict.org/,Serbia,Belgrade,Technology,,2010,,
Rocket Seeder,http://www.rocketseeder.com,Australia,South Melbourne,"FoodTech, AgTech","Andrew Gregor, David Bray, Jeffrey Bourne, Matthew Pryor",2017,,
DT Mentoring Program,https://designterminal.org/mentoring-program/,Hungary,Budapest,"Sports, Healthcare",,,,
"Berkshire International Finance, Inc.",https://www.berkshire-inc.com/,Canada,Toronto,"Medical, Technology, Space",John Figliolini,1992,,
AgSprint,https://arrowheadcenter.org/program/agsprint/,United States,Las Cruces,"AgTech, Food Marketplace, Ecommerce, Bioenergy, Biomaterials, Agriculture Biotech",,,,
Colorado Springs Technology Incubator,https://catalystcampus.org/,United States,Colorado Springs,"Aerospace, Defense",,,,
Saiam,https://www.saiam.com.sg,Singapore,Singapore,Technology,,2014,,
Silicon Valley in Your Pocket,https://siliconvalleyinyourpocket.com/,United States,Oakland,Industry Agnostic,,2017,,
HacelaRodar,http://hacelarodar.org/,Argentina,Buenos Aires,"AI, Blockchain, Cyber Security, SaaS",,,,
NCI Idea,https://ncidea.org/,United States,Durham,"Information Technology, Medical Diagnostics, Devices, Material Sciences, Green Technology",,2012,,
AZ Disruptors,https://azdisruptors.com/,United States,Tempe,"Software, Hardware, Biotech",,,,
Connect All,http://www.connect.org/connect-all,United States,San Diego,"Technology, Lifescience",,2016,,
The Bunker,http://bunkerincubator.com/,United States,Chicago,Industry Agnostic,,2014,,
Pitch NYC,http://pitch-nyc.com/,United States,New York,FinTech,,2015,,
JGI Ventures,https://www.jgi.ac.in/entrepreneurship-jgigroup.php,India,Bangalore,"Technology, Education, Real Estate, Retail, Hospitality, Music, Entertainment",,,,
Ufounders,https://ufounders.com/,Spain,Madrid,Industry Agnostic,"David Hernández, Francisco Bengochea, Jaime García-Murillo",2020,,
Open Seed,https://www.openseed.it/,Italy,Firenze,Technology,,2016,,
FCJ Venture Builder,http://www.fcjventurebuilder.com,Brazil,Belo Horizonte,Industry Agnostic,"Afrânio Almeida Junior, Marcelo Guerra, Marcelo Guerra Freitas, Paulo Justino, Weber Rangel",2013,,
Decelera,http://www.decelera.com/,Spain,Mahón,Industry Agnostic,"Marcos Martín, Ricard Garriga",2014,,
Retail Hub,https://retailhub.tech/,Italy,Milan,"Pharma, Fashion, Sports, Grocery, Human Resources",Massimo Volpe,2020,,
Birmingham Enterprise Community,http://www.birminghamenterprisecommunity.co.uk,United Kingdom,Birmingham,Industry Agnostic,"Alex Balderstone, Daniel Evans, Omran Al Habbal",2019,,
ZIP - Zagreb Entrepreneurship Incubator,http://zipzg.com,Croatia,Zagreb,Industry Agnostic,"Damir Sabol, Ivo Spigel, Mihovil Barancic, Sasa Cvetojevic",2012,,
STATION F,http://stationf.co,France,Paris,Industry Agnostic,Xavier Niel,2016,,
Industrio,http://www.industrio.co,Italy,Trento,"Mechatronics, IoT, Robotics, Computer Vision, Biomedical, Smart Mobility",Jari Ognibeni,2013,,
Startup Olé Accelerator,http://startupoleaccelerator.com/,Spain,Salamanca,Industry Agnostic,,2013,,
TechHub,https://london.techhub.com/,United Kingdom,London,Technology,"Andris K. Berzins, Elizabeth Varley, Ernests Štāls, Matthew Warren, Mike Butcher, Stewart Noakes",2009,,
Orevon Partners,https://www.orevon.com,Luxembourg,Luxembourg,"Cyber Security, AI, Blockchain, Technology","de Asís Romaña Suris Francisco, Jean-Noel Galzain, Olivier Locufier, Ounissi Nabiha",2021,,
Aephoria.net,http://www.aephoria.net/,Greece,Athens,Industry Agnostic,"Nikos Ververidis, Petros Kokkalis",2013,,
Launchpad,http://accelerator-london.com/students/launchpad/,United Kingdom,London,Industry Agnostic,,,,
MAZE,http://maze-impact.com/,Portugal,Lisboa,Social Impact,"Antonio Miguel, Luís Fonseca",2013,,
Blue Lake,https://www.bluelakevc.com/accelerator,United Kingdom,London,"B2B, Software Development",,2019,,
Catena Capital,http://www.catena-capital.com,Germany,Berlin,"Marketplaces, Crypto Education Products, Proptech, Blockchain Identity Management, AdTech","Fabian Spielberger, Gunther Schmidt, Michael Ambros, Miriam Neubauer",2017,,
Venturelab,http://www.venturelab.ch/,Switzerland,Zürich,Industry Agnostic,"Beat Schillig, Jordi Montserrat",2004,,
AI Startup Incubator,https://www.suincubator.ai/,Czech Republic,Prague,"Healthcare, Wellbeing, Human Resources, Customer Service, Gaming, Entertainment, Logistics, Computer Security, Education, Research, Mobilty, Transportation","Martin Havlík, Petr Sramek",2017,,
Startup Spark,https://startupspark.io/,Poland,Lodz,Technology,,,,
TecnoCampus,http://www.tecnocampus.cat/,Spain,Mataró,"Health, Textile",,1999,,
Astralabs,https://astralabs.com/,United States,Austin,Industry Agnostic,Ryan Rafols,2020,,
Greentown Labs,http://greentownlabs.com,United States,Somerville,Climate Tech,"Adam Rein, Ben Glass, Jeremy Pitts, Sorin Grama",2011,,
TechQuartier,https://www.techquartier.com,Germany,Frankfurt,FinTech,,2016,,
Innovation Labs,http://www.innovationlabs.ro/,Romania,Bucharest,Technology,"Andrei Pitiș, Bogdan Iordache, Răzvan Rughiniș",2013,,
IoT Tribe,http://www.iottribe.org,United Kingdom,London,"DeepTech, Industrial Tech, RetailTech",Tanya Suarez,2017,,
ISDI,https://www.isdi.education/es/emprendimiento,Spain,Madrid,"EdTech, Sustainability","Arnaldo Muñoz, Javier Rodriguez Zapatero, Marcelo Royán, Nacho Pinedo, Noelia Fernandez, Ventura Barba",,,
Hall Labs,http://halllabs.com/,United States,Provo,"Automotive, Information Technology, IoT, Sustainability, Transportation",H. Tracy Hall,1955,,
1871,http://www.1871.com,United States,Chicago,Technology,"J.B. Pritzker, James J. O'Connor, Steven Collens",2012,,
TopMonks,https://www.topmonks.com,Czech Republic,Prague,"Blockchain Development, FinTech, AI, Wearables, High Tech",Jiri Fabian,2011,,
Tampa Bay WaVE,http://tampabaywave.org,United States,Tampa,"Cybertech, FinTech, Technology",Linda Olson,2008,,
BIND 4.0 Open Innovation and Acceleration Program,https://bit.ly/BIND40com,Spain,San Sebastian,"Smart Energy, HealthTech, FoodTech",,2016,,
"OBRATORI, L'OCCITANE Innovation Lab",https://obratori.com,France,Marseille,"Cosmetics, HealthTech, FoodTech, RetailTech",,2017,,
Mountside Ventures,https://www.mountsideventures.com/,United Kingdom,London,Industry Agnostic,,2020,,
Integrity,https://withintegrity.co/,United Kingdom,London,Technology,"Charles Stevens, Jeremy Hindle",2020,,
NovoAgro Ventures,https://novoagro.ventures/,Brazil,Belo Horizonte,"Agriculture, Technology","Leonardo Dias, Paulo Justino, Sergio Alves",2020,,
LiftFund,http://www.liftfund.com/,United States,San Antonio,Industry Agnostic,Janie Barrera,1994,,
Sturgeon Ventures,http://www.sturgeonventures.com/,United Kingdom,London,Industry Agnostic,Seonaid Mackenzie,1998,,
The Company Lab,http://colab.co/,United States,Chattanooga,Sustainable Mobility,,2010,,
Impulse Partners,https://impulse-partners.com/,France,Paris,"Construction, Infrastructure, Real Estate, Energy, Public Sector",,2011,,
Nextgrid,https://nextgrid.ai/,Poland,Warsaw,AI,"Mathias Asberg, Sandra Kublik",2019,,
G2 Startups,http://g2-startups.com/,Italy,Milan,"Wearables, Hardware, MedTech, Design, Food, Lifestyle, Ecommerce, Mobile Apps, FinTech, Retail, Travel, Hospitality",,2012,,
Code First: Girls,http://www.codefirstgirls.org.uk,United Kingdom,London,Technology,"Alice Bentinck, Matt Clifford",2014,,
Workbox Company,https://www.workboxcompany.com/,United States,Chicago,Technology,,2019,,
Bcombinator,https://bcombinator.com/es/fondo-inversion,Spain,Barcelona,"FinTech, SaaS, Travel, EdTech, Telecommunications, Marketplace, Proptech, Traveltech, FoodTech",,2017,,
StartupGym Studio,https://startupgym.it,Italy,Milan,"FinTech, FoodTech",,2021,,
Aimforthemoon,http://www.aimforthemoon.com,The Netherlands,Amsterdam,"Food, Agriculture, Retail, Autotech, FinTech, Environment Tech, Transportation, Logistics Tech, Travel, Hospitality Tech, Energy Tech",,2012,,
InnoLeaps,http://www.innoleaps.com/,The Netherlands,Amsterdam,"Food, Beverages, Cosmetics",,2014,,
Propeller,http://gopropeller.org,United States,New Orleans,"HealthTech, EdTech, FoodTech","Andrea Chen, Thomas Rush",2009,,
Goodie Nation,http://goodienation.org/,United States,Atlanta,Industry Agnostic,,2014,,
1863 Ventures,https://1863ventures.net/,United States,Washington,Industry Agnostic,,,,
Social Nest Foundation,http://socialnest.org/,Spain,Valencia,Industry Agnostic,Margarita Albors,2010,,
Black Girl Ventures,https://www.blackgirlventures.org/,United States,Washington,Industry Agnostic,Shelly Bell,2016,,
Startup Giants,http://startupgiants.com/,United Kingdom,Covent Garden,Technology,,2015,,
Allotrope Partners,http://www.allotropepartners.com/,United States,Oakland,"Clean Energy, Technology",Marc Stuart,2013,,
Idea Village,http://ideavillage.org,United States,New Orleans,Technology,"Allen Bell, Robbie Vitrano, Tim Williamson",2000,,
Apollo Capital,http://www.apollocapital.pl,Poland,Grodzisk Mazowiecki,"Consumer Goods, Consumer Services, Ecommerce, IoT",,2010,,
Elevate,https://theventury.com/elevate/,Austria,Vienna,"Software, Beverages, Information Services",,,,
IntuitiveX,https://intuitivex.com/,United States,Seattle,"Medical Devices, Biotech, Pharma, HealthTech","Andy Choi, Josh Chung, Simon Robinson",2017,,
"Launch Pad Ignition, LLC",http://lp.co,United States,New Orleans,Industry Agnostic,"Barre Tanguis, Chris Schultz, Peter Bodenheimer, Will Donaldson",2011,,
WorldStartup,https://worldstartup.co,The Netherlands,Den Haag,Industry Agnostic,,,,
CREA,http://www.creasummeracademy.eu/,Italy,Milan,Industry Agnostic,,,,
Propel ICT,http://propelict.com/,Canada,Charlottetown,"SaaS, Mobile, Enterprise Social Networking",Gerry Pond,2004,,
Grow,http://grow.josedemello.pt,Portugal,Lisboa,Industry Agnostic,,2017,,
Windmill Ventures,https://www.windmill.ventures/,Switzerland,Baar,"Wealthtech, HealthTech",,2016,,
Prodigy Ventures Inc.,http://www.prodigy.ventures/,Canada,Toronto,"Mobile Video, Wearables, AR, 3D",Tom Beckerman,2015,,
La Pietra Capital,https://lapietracapital.com,United Kingdom,London,Industry Agnostic,Olivier Khatib,2018,,
Orange Fab France,http://orangefabfrance.fr/,France,Paris,"Human Resources, IoT, FinTech, Enhanced Communication, Cyber Security, Blockchain",,,,
New Orleans BioInnovation Center,http://www.neworleansbio.com,United States,New Orleans,Industry Agnostic,,2002,,
BlueLion Incubator,http://www.bluelion.ch,Switzerland,Zürich,"HealthTech, Climate Tech",,2011,,
Ricoh Ignite,http://ignite.ricoh.co.uk/,United Kingdom,Northampton,"Information Technology, Hardware, Software",,,,
NextEnergy,http://www.nextenergy.org,United States,Detroit,Energy Technology,,2002,,
TechCube,http://techcu.be,United Kingdom,Edinburgh,Industry Agnostic,,2012,,
Accelpoint,https://accelpoint.pl,Poland,Warszawa,"FinTech, InsurTech",,2018,,
Soulmates Ventures,https://www.soulmatesventures.com,Czech Republic,Prague,"WaterTech, Energy, Mobility, Education, Healthcare, Food, Agriculture","Hynek Sochor, Václav Gregor",2020,,
First Flight Venture Center,http://ffvcnc.org,United States,Raleigh,"Technology, Biotech",,1991,,
Crypto SA,https://cryptosa.org/,Australia,Adelaide,Blockchain,"Michael Zhang, Yawn Rong",2018,,
FORMA Brands,https://formabrands.com/,United States,San Francisco,"Beauty, Cosmetics",,2020,,
"Satria Daulat Global, PT",https://www.gayo.capital/sdg/,Indonesia,Jakarta,"AgTech, Supply Chain, Logistics, Lifestyle, Education, FinTech","Edward Ismawan Chamdani, Ishara Yusdian",2020,,
Akaven Ventures,https://akaven.com/,Spain,Madrid,Blockchain,,2019,,
VISION UNLTD. CREATIVE WORX GmbH,http://www.vucx.de/garage,Germany,Cologne,Software Development,,1993,,
16th Ventures,https://16th-ventures.fr,France,Paris,Industry Agnostic,Yann Beuzit,2020,,
Accelerator Academy,http://acceleratoracademy.com,United Kingdom,London,Technology,Ian Merricks,2011,,
GenerationS,http://en.generation-startup.ru/,Russia,Moscow,Industry Agnostic,,2013,,
Open2TheFuture,https://fastweb.it/corporate/azienda/open-innovation/,Italy,Milan,Information Technology,,,,
Finteca Holdings,http://finteca.ru,Russia,Moscow,"FinTech, Proptech",,,,
Accelerate Cambridge,https://www.jbs.cam.ac.uk/entrepreneurship/programmes/accelerate-cambridge/,United Kingdom,Cambridge,Industry Agnostic,,,,
Maine Center for Entrepreneurial Development,http://www.mced.biz,United States,Portland,Industry Agnostic,,1997,,
ReaktorX,http://reaktorx.com/,Poland,Warsaw,Industry Agnostic,"Borys Musielak, Diana Koziarska",2011,,
Boot Ventures,https://www.bootventures.com/,Belgium,Brussels,"Consumer Goods, Consumer Services, Information Technology, Big Data, SaaS, IoT, AI, Cleantech","Laurent Van Winckel, Prameya Bhandari",2010,,
"Goldman Sachs 10,000 Small Businesses",http://www.goldmansachs.com/citizenship/10000-small-businesses/UK/index.html,United Kingdom,London,"Technology, Media, Telecommunications, Real Estate, Natural Resources, Public Sector, Infrastructure, Industrials, Healthcare, Retail",,,,
Grunderallianz Data Hub,https://www.gruenderallianz.ruhr/,Germany,Essen,Industry Agnostic,,,,
Cogo Labs,http://cogolabs.com,United States,Cambridge,Technology,"David Blundin, Micah Adler",2005,,
PEAKZONE,http://www.peakzone.io,Germany,Munich,"Industrial Technology, Enterprise",Lorenz Hartung,2018,,
Lisbon Challenge,http://www.lisbon-challenge.com,Portugal,Lisbon,"AI, Big Data, Cloud, FinTech, Cyber Security",,2013,,
HealthTech Arkansas,https://www.healthtecharkansas.com/,United States,Little Rock,Healthcare,,,,
RootCamp - A SpinLab Incubator,https://www.root.camp/,Germany,Hanover,"AgTech, Biotech",Eric Weber,2020,,
MIT Enterprise Forum Central & Eastern Europe,https://mitefcee.org/,Poland,Warsaw,"Industrial Engineering, Pharmaceutical, Biotech, Renewable Energy","Jerzy Potocki, Mateusz Nowak, Paweł Bochniarz",2015,,
The Mediapreneur incubator programme,http://www16.mediacorp.sg/themediapreneur/,Singapore,Singapore,Media,,2015,,
Mach49,http://www.mach49.com,United States,Redwood City,"Enterprise, Real Estate, Construction, Technology","Brad Sharek, Jason Yotopoulos, Linda Yates, Russ Lampert",2014,,
Alien Ventures,http://www.alienventures.com,Spain,Madrid,"Information Technology, Internet, Mobile",Fernando Mateus Fernandez,2012,,
Hanu Software,http://hanusoftware.com/,United States,Princeton,"Software Development, IoT",Anil Singh,2002,,
Startdoms,http://startdoms.com/,United Kingdom,Leicester,Industry Agnostic,Dr. Constantina Katsari-Muston,,,
Fintech Studio,http://www.fintech-studio.com/,Germany,Hamburg,FinTech,,2006,,
La Salle Technova Barcelona,http://www.technovabarcelona.org,Spain,Barcelona,Technology,,2001,,
The ScaleUp Accelerator,https://thescaleupaccelerator.com/,United Kingdom,London,SaaS,,,,
Rex,https://rex.com/,United States,Austin,"Tech, Real Estate",Peter Rex,,,
Foresite Labs,https://www.foresitelabs.com/,United States,San Francisco,"Data Science, Healthcare","Alex Blocker, Paul Da Silva Jardine, Rick Dewey, Vikram Bajaj",2019,,
Cloud Incubator Hub,http://cincubator.com/,Spain,Murcia,"Technology, Cloud, Data","Andres Carrillo, Andres Iborra, Barbara Alvarez, Igor Tasic, Pedro García Raja, Pedro Sanchez Palma",2011,,
OP Lab,https://op-lab.fi/,Finland,Helsinki,Financial Services,,,,
DayOne accelerator,https://www.dayone.swiss/dayone/accelerator.html,Switzerland,Basel,"MedTech, Medical Devices, HealthTech, AI, Health Monitoring, Medical Access",,,,
European Innovation Academy,http://inacademy.eu/,France,Nice,"Energy, Environment, Gaming, Media, Entertainment, Insurance, Real Estate, Education, Social Enterprise, Logistics, Transport, Healthcare, Retail, Commerce, Travel, Leisure, Food, Beverage",Egon Saks,2011,,
INiTS Gründerservice,http://www.inits.at/en,Austria,Vienna,High Tech,,2002,,
The Cantillon Institute for Entrepreneurship,http://www.thecantillon.com,France,Paris,Industry Agnostic,"Francesco Travagli, Gilles Mautin, Laurent de Vivie, Mike Van Cleave, Raodath Aminou",2014,,
Seed up,https://seed-up.io/fr,France,Malabry,Technology,,,,
VC Ventures GmbH,http://www.vc-ventures.com,Germany,Baden-Baden,Technology,Robert Koning,2014,,
NewCo Capital,http://www.newco.mx,Mexico,Mexico City,"FinTech, Wealthtech, AI",Antonio Flores Aldama,2016,,
Outliers Fund,https://outliers.fund/,United States,Palo Alto,"Information Technology, Blockchain","Matt Huang, Poseidon Ho, Yen Yeh",2017,,
ChicostArt,http://chicostart.com/,United States,Chico,Technology,,2013,,
Pushapp Lab,http://www.pushapp.me/pushapplab/,Italy,Napoli,Technology,,2012,,
The Leadership Vanguard,https://xynteo.com/our-work/leadership-vanguard/vanguard-accelerator-programme,The Netherlands,Utrecht,"Energy, Sustainable Livelihood, Healthcare, Waste Management",,,,
Startup in Residence,http://www.startupinresidence.com/,The Netherlands,Amsterdam,EdTech,,,,
Carbon,http://carbon-incubator.com/,Romania,Bucharest,Game Development,,2016,,
Sharkbite Innovation,https://www.sharkbite.international/,Germany,Berlin,"Sustainability, Energy",Laura Kohler,2018,,
Green Way Laboratories,http://www.greenwaylabs.com/,United States,Los Angeles,Cleantech,"Laurence Gorlick, Ted Cote",2012,,
Construction & Energy by Impulse Labs,http://www.impulse-labs.fr/,France,Paris,"Construction, Real Estate, Infrastructure, Energy, Engineering, Territorial Collectivity, Industry, Public Sector",,2013,,
Centrepolis Accelerator,https://www.centrepolisaccelerator.com/,United States,Southfield,"Cleantech, Climatech, Circular Economy Technologies",,,,
Untapped Ventures,http://untapped.ventures/,United States,Los Angeles,"FinTech, Software Development",George Bandarian,2020,,
Space Business Innovation Centre Noordwijk,http://www.sbicnoordwijk.nl,The Netherlands,Noordwijk,Spacetech,,,,
#ERROR!,https://accelerator.plusimpact.io,Sweden,Stockholm,Industry-Agnoustic,,,,
Outbox Hub,http://www.outbox.co.ug,Uganda,Kampala,"FinTech, Ehealth, Transport, Agriculture, Education",Richard Zulu,2013,,
ExitValley,https://www.exitvalley.com/,United Kingdom,Mayfair,Industry-Agnoustic,,2014,,
Retailtech Hub,http://retailtechhub.com/,Germany,Munich,"Commerce, Retail",,2017,,
The Food Foundry,http://thefoodfoundry.uk/,United Kingdom,London,FoodTech,,2015,,
INCENSe Accelerator,http://www.incense-accelerator.com/,Italy,Rome,"Energy, Cleantech",,2014,,
Z Lab,https://www.z-lab.com,Germany,Berlin,Industry Agnostic,,2016,,
StartingBlock Madison,http://www.startingblockmadison.org/,United States,Madison,Industry Agnostic,,2012,,
NHS Innovation Accelerator,https://nhsaccelerator.com/,United Kingdom,London,"Digital, Medical Devices",Amanda Begley,2015,,
Jetpack Ventures,https://jetpack.vc,Cyprus,Nicosia,"Science Blockchain, FinTech, B2B HRtech, EdTech",,,,
Le Shift,http://le-shift.co/la-school,France,Laillé,Industry-Agnoustic,,2015,,
Accelerator Assembly,http://www.acceleratorassembly.eu/,United Kingdom,London,Technology,,,,
Southeast TechInventures,http://www.southeasttechinventures.com,United States,Durham,"Medical Devices, Diagnostics, Biotech, Nanotechnology, Materials, Electronics, Agriculture",Karen LeVert,2003,,
Alder Hey Innovation Lab,http://alderheylab.com,United Kingdom,Liverpool,Medical Technology,,,,
Ubiz Accelerator,http://www.ubiz.io,Belgium,Brussels,"Tech, Agro-Industry, MedTech, Biotech, Retail, Telco, Infrastructures, FinTech, Mobility, Hospitality",,,,
Store No 8,https://www.storeno8.com/,United States,Hoboken,"Food, Agriculture, Health, Wellness, Social Commerce, Creator Economy, Mixed Reality, Metaverse, Web3, Decentralized Commerce",Kimberly Cooper,2017,,
Atto Accelerator,https://www.atto.vc/,Australia,Southbank,Industry-Agnoustic,,2019,,
Nurture Ventures,http://www.nurtureventures.com/,United Kingdom,Port Talbot,"AgTech, Biosciences, Biotech, SaaS, Information Technology, Life Sciences, MedTech, HealthTech, Food, Drink",,2003,,
Momentum Works,http://www.momentum.asia,Singapore,Singapore,"AI, Consumer, Digital Banks, Ecommerce, Software, FinTech, Food Delivery, Used Car Platforms, Web3",Jianggan Li,2016,,
Women's Startup Lab,http://womenstartuplab.com,United States,Menlo Park,Information Technology,Ari Horie,2013,,
Uplift,https://uplift.al/,Albania,Tirana,Technology,,,,
Growth Club Capital,http://www.growthclubcapital.com/,Italy,Milan,Industry Agnostic,,,,
Science Park Graz GmbH,http://sciencepark.at/,Austria,Graz,"Information Technology, Software",,2002,,
HSE INC,http://inc.hse.ru,Russia,Moscow,"AdTech, AR, VR, Robotics, Hardware, Big Data, Cyber Security, Ecommerce, Retail, FinTech, Food, AgTech, Industry 4.0, IoT, Entertainment, Travel, Telecommunications, New Media, HRtech, Health, Welness, Lawtech, EdTech, Logistics",,2006,,
The European Startup Prize,https://startupprize.eu/,France,Paris,Mobility,"Jean-François Dhinaux, Karima Delli, Sophie Bailly",2018,,
FeelGoodLabs,https://feelgoodlabs.co/,Ukraine,Dnipropetrovsk,Industry Agnostic,,,,
Citilab,http://citilab.eu/,Spain,Cornellá De Llobregat,"ICT, Impact, EdTech",,2007,,
Malaysian Global Innovation and Creativity Centre - MaGIC,http://www.mymagic.my/,Malaysia,Kuala Lumpur,"Biotech, AgTech, Green Tech",,2014,,
Wholesale Investor,https://wholesaleinvestor.com.au,Australia,Sydney,Industry Agnostic,Steve Torso,,,
Eli Global LLC,http://www.eliglobal.com/,United States,Durham,"HealthTech, Collectibles, Alternative Assets, Communications",,1991,,
Moove Lab,https://moove-lab.com/?lang=en,France,Paris,Autotech,,2017,,
FedTech,https://www.fedtech.io/,United States,Washington,"Technology, Environment Tech",,2019,,
i4G,http://www.i4g.gr,Greece,Pylaía,"Health, Digital, Energy",,2002,,
VentureOut,http://ventureoutny.com,United States,New York,Industry Agnostic,Brian Frumberg,2012,,
seedVC GmbH,http://www.seed-vc.com,Germany,Düsseldorf,"Retail, Enterprise",,2015,,
Media Lab Bayern,https://www.media-lab.de,Germany,München,Digital Media,,2015,,
Elevator Lab powered by Raiffeisen Bank International,http://www.elevator-lab.com/,Austria,Vienna,FinTech,,2017,,
Founders Space,http://www.foundersspace.com,United States,San Francisco,Industry Agnostic,"Naomi Kokubo, Steven Hoffman",2010,,
Incubateur Belle de Mai,http://www.belledemai.org/,France,Marseille,"Information Technology, Media",,1999,,
Labo de l'édition,https://labodeledition.parisandco.paris/,France,Paris,Industry Agnostic,,,,
The Journey,http://thejourney.pt/,Portugal,Lisbon,Tourism,,,,
Viavigo,http://www.zfv.es/viavigo/,Spain,Nigrán,Industry Agnostic,,2013,,
X-Europe for Investors - HealthTech,https://www.xeurope.eu/,The Netherlands,Amsterdam,"HealthTech, Biotech, AgTech, AI, Smart Cities, Sustainability, Spacetech, FinTech",,,,
H2A Ventures,http://www.h2aventures.com,Spain,Barcelona,Technology,,2009,,
Xandance & Partners GmbH,https://www.xandance.com,Switzerland,Stäfa,"Sustainability, Food Security, FoodTech, AgTech",Werner Schünemann,2018,,
PowerHUB,http://powerhub.cz/,Czech Republic,Prague,"Mobility, Energy, ICT, Smart Cities, Legaltech",,2015,,
EthAum Venture Partners,https://ethaum.com/,Singapore,Singapore,"AI, VR, AR, Blockchain, Data Science, IoT, Robotics",Pankaj Gupta,,,
Innovyz,http://www.innovyz.com/,Australia,Adelaide,"Enterprise, Gaming",Philip Vafiadis,2012,,
PwC's Accelerator,http://www.pwcaccelerator.com,Luxembourg,Luxembourg,"Automotive, Hospitality, Entertainment, Media, Technology, Real Estate, Transportation, Logistics, Retail",,2011,,
100K Ventures,https://100kventures.org/,United States,Flint,Industry Agnostic,"David Ollila, Meena Harris, Michael Nutter, Nirel Levi, Phil Hagerman, Reshma Saujani, Robert Wolf, Soledad O’Brien, Victor Cruz",2018,,
Startup Leiria,https://www.startupleiria.com/,Portugal,Leiria,"Industry 4.0, Technology",,2018,,
REDESSA,http://www.redessa.cat/,Spain,Reus,Industry Agnostic,,,,
Luxembourg-City Incubator,https://www.cityincubator.lu/,Luxembourg,Luxembourg,"Urbantech, Environment, Commerce, Construction Tech, Tourism, Logistics",,2017,,
RevTech Labs,http://revtechlabs.com,United States,Charlotte,"FinTech, InsurTech","Adam Hill, Dan Roselli",2012,,
Champions Group,http://www.championsgroup.com/,India,Bangalore,"Data, Hospitality, Real Estate, Fashion, Lifestyle, Media, Entertainment, Automotive, Medical Products, Health, Fitness, Logistics","Hema Malini Nidamanuri, Subhakar Rao Surapaneni",,,
FTh,http://fth.by/,Belarus,Minsk,FinTech,Alexander Bulah,2018,,
Toilet Board Coalition,https://www.toiletboard.org/,Switzerland,Geneva,WaterTech,,2014,,
High-Tech SeedLab,https://hightechseedlab.com/,Germany,Berlin,"Technology, Digital Technology, Life Sciences, Chemicals",,2015,,
Wilkes-Barre Connect,https://www.wyomingvalleychamber.org/wilkes-barre-connect/,United States,Wilkes Barre,Industry Agnostic,,,,
Språngbrädan Investment Readiness,https://connectsverige.se/ost/for-entreprenorer/sprangbradan-investment-readiness_en/,Sweden,Stockholm,"Technologies, Healthcare, EdTech",,,,
Metavallon,http://www.metavallon.org,Greece,Athens,Technology,Alexandra Choli,2011,,
Foundry,https://www.foundryftlab.com/,France,Paris,Fashion,,2019,,
CANBE Innovation Center,https://www.canbe.biz/,United States,Hazleton,Technology,,,,
MEnt,http://www.mentproject.eu/,Germany,Berlin,"Education, Healthcare",,,,
Esadecreapolis,https://www.esadecreapolis.com,Spain,Barcelona,Information Technology,Edgar Jordà,2005,,
FoodTech Accelerator,https://www.foodtechaccelerator.io,Italy,Milan,"FoodTech, AgTech",,2018,,
Talent Garden Digital Entrepreneurship Progam 2020,https://talentgarden.org/global/project-digital-entrepreneurship-summer-program/,Austria,Vienna,"Technology, HealthTech",,,,
Venture Atlanta,http://ventureatlanta.org/,United States,Marietta,"SaaS, Technology",,2007,,
Mashauri Limited,https://mashauri.org,United Kingdom,London,Industry Agnostic,"Simon Gifford, Victor de la Torre Russis",2013,,
Quake Capital Europe,https://www.quakecapital.com/europe/cologne,Germany,Cologne,"Technology, Consumer Goods","Glenn Argenbright, Kai Buehler, Priscilla Pesci",,,
Alpha Deal Group,http://www.alphadealgroup.com,United Kingdom,London,"Infrastructure, Oil, Gas, Metals, Mining, Cleantech, Emerging Technology, Healthcare, Life Sciences, Consumer, Technology",,2012,,
Beta-Start,http://www.beta-start.com/,Portugal,Lisbon,Industry Agnostic,,,,
Greater Philadelphia Alliance for Capital and Technologies,http://philadelphiapact.com/,United States,Philadelphia,"HealthTech, FinTech, MedTech, SaaS, Life Sciences, Technology",,,,
Rzeszów Startup Accelerator,https://rzeszowstartup.pl/,Poland,Rzeszów,"Mobile Applications, Gaming, Satellite Technologies EdTech",,,,
Climate Founders GmbH,https://www.climatefounders.com,Germany,Cologne,Climate Tech,,2020,,
C4DI,http://www.c4di.net,United Kingdom,Hull,"FoodTech, AgTech, HealthTech, FinTech",John Connolly,2013,,
Test Farms,https://www.eitfood.eu/entrepreneurship/projects/test-farms/#,Belgium,Leuven,"Food, Technology, AgTechnology, Aquaculture, Nutrition, Education",,,,
UPTEC,http://uptec.up.pt/en,Portugal,Porto,"Energy, Health, Food, Biotech, Information Technology, Architecture",,2007,,
Starfleet,https://aeternitystarfleet.com/,Bulgaria,Sofia,Blockchain,,,,
Innovation Incubator Inc.,http://www.innovationincubator.com,United States,New York,"FinTech, Healthcare, InsurTech","Antony Satyadas, Mahesh Nair, Matt Kumar, Umesh Harigopal",2015,,
Royal Academy of Engineering Enterprise Hub,https://enterprisehub.raeng.org.uk,United Kingdom,London,Technology,,2013,,
MediaMatters,http://mediamatters.vc/,The Netherlands,Hilversum,"AdTech, Media, Social Media, Technology",,,,
NEOMA EdTech Accelerator,http://startuplab.neoma-bs.fr/fr/neoma-edtech-accelerator/,France,Mont-Saint-Aignan,"EdTech, Healthcare",,,,
Moonshot,https://www.moonshotspace.co/#,Australia,Melbourne,Spacetech,Troy McCann,2017,,
Bridgeworks Enterprise Center,https://allentownedc.com/bridgeworks/,United States,Allentown,Manufacturing,,1989,,
Tetuan Valley,http://www.tetuanvalley.com,Spain,Madrid,"Technology, Software","Alex Barrera, Bernardo de Tomas, Josep Amoros, Luis Rivera",2009,,
digitalHUB Aachen,https://aachen.digital/,Germany,Aachen,Information Technology,,2015,,
Female Founders Accelerator,http://femalefounders.hatchenterprise.org,United Kingdom,London,"Technology, EdTech",,,,
The London City Incubator,https://www.city.ac.uk/research/research-and-enterprise/getting-started/city-schemes/london-city-incubator,United Kingdom,London,EdTech,,,,
The Cannon Community,https://www.thecannon.com/,United States,Houston,Industry Agnostic,Lawson Gow,2017,,
Give Lively,https://www.givelively.org,United States,New York,Technology,,2015,,
SELLALAB,http://www.sellalab.net/,Italy,Biella,"Design, Life Science, MedTech, Automotive, Energy, Space, Robotics, Ecommerce Services, Textile, Fashion Tech, Tourism, Culture, Entertainment, AgTech, HRtech, FinTech, InsurTech, Media",,,,
NCV Group LLP,https://www.ncvgroup.co.uk,United Kingdom,London,Industry Agnostic,"Ajaz Ahmed, Mudassar Ahmed",2021,,
Binkplus Incubator,http://www.binkplus.pl,Poland,Kraków,"Technology, EdTech",Ian Scarffe,2011,,
Hustle Accelerator,https://www.f6s.com/hustleaccelerator/about,United Kingdom,London,Software Technology,,,,
bIoTope,http://www.biotope-project.eu/,Germany,Berlin,"IoT, Technology",,,,
Protechting,http://www.protechting.pt/,Portugal,Lisbon,"HealthTech, InsurTech",,,,
Oslo International Hub,https://oslointernationalhub.com,Norway,Oslo,Industry Agnostic,Jørn Lein-Mathisen,2014,,
ToasterLAB,http://toasterlab.vitagora.com/,France,Dijon,"FoodTech, AgTech",,2016,,
OFF7,https://off7.ouest-france.fr/,France,Rennes,"Media, Food, Insurance",,,,
ESADE EWorks Accelerator,http://www.esade.edu/en/get-inspired/entrepreneurship/make-it-real/eaccelerator,Spain,Barcelona,"Biotech, Technology",,,,
Embarc Collective,https://www.embarccollective.com/,United States,Tampa,"FinTech, Healthcare, RetailTech",,2018,,
BlockchainLab,http://www.blockchainlab.it/,Italy,Milan,"FinTech, Cryptocurrency, Blockchain",,2016,,
Werkstaette Wattens,http://www.destination-wattens.at/,Austria,Wattens,"Mobility, Applied Research, Education",,2015,,
Aurik Business Accelerator,http://www.aurik.biz/,South Africa,Johannesburg,Industry Agnostic,,2002,,
Co: Collective,http://www.cocollective.com,United States,New York,"EdTech, Fashion, Health, Wellness, Technology, Food, Beverage",Rosemarie Ryan,2010,,
Young Leaders Club Entrepreneurship,http://youngleadersclub.org/entrepreneurship/,Romania,Bucharest,"Automotive, Banking, Healthcare, HealthTech, It Management, Software",,,,
Peninsula Open Innovation,https://peninsula.co/,Spain,Barcelona,Industry Agnostic,,2012,,
L'Accélérateur,http://laccelerateur.fr/,France,Paris,"Software, Wellness, Beauty, Food, Home Living, FinTech, Content Production",,2012,,
Innsomnia,http://www.innsomnia.es/,Spain,Valencia,"FinTech, InsurTech, HealthTech, AgTech, Industry 4.0, Smart Ports, Logistics",,2016,,
FOUNDAMENTA,http://rinascimentisociali.org/foundamenta-eng/,Italy,Torino,"EdTech, Healthcare, Platform Software",,,,
Inovexus,http://www.Inovexus.com,United States,Beverly Hills,"AI, Blockchain, Metaverse",,2013,,
Zentrum Für Angewandte Technologie,http://www.zat.co.at,Austria,Leoben,Industry Agnostic,,,,
THE COMBINATOR AG,https://thecombinator.com/,Liechtenstein,Vaduz,Climate Tech,Rudolf Hilti,2018,,
EnergySpin,http://energyspin.fi/,Finland,Vaasa,"Energy, Technology",,,,
Environment Park,https://www.envipark.com/en/,Italy,Turin,Energy Sustainebility,,1996,,
AeroBased,https://www.aerobased.com/,Turkey,Istanbul,"IoT, AI, Big Data, Blockchain, Digital Finance, Real Estate, Sustainability, Spacetech",Onur Guclu,2020,,
Startup LAB,https://www.startuplab.pt/en/,Portugal,Lisbon,"Technology, Software",,,,
Innovation Depot,http://innovationdepot.org/,United States,Birmingham,"Healthcare, Technology, Consumer Goods, Biotech",,1986,,
Startup Lewisburg,https://www.bucknell.edu/azdirectory/small-business-development-center/sbdc-services/startup-lewisburg,United States,Lewisburg,Industry Agnostic,,,,
comdirect Start-up Garage,http://comdirect-garage.de/,Germany,Hamburg,"Travel, Mobility, Healthcare",,2015,,
Vizero,http://www.vizero.com,United Kingdom,London,Technology,Emil Jersling,2004,,
InboundMuse,http://www.inboundmuse.com,Malta,Zabbar,"Blockchain, AI","Neville Bezzina, Tyron Lloyd Baron",2014,,
WaterVent,http://www.watervent.com/,Germany,Berlin,WaterTech,,2010,,
Soft-Landing,http://soft-landing.eu/,Lithuania,Vilnius,Industry Agnostic,,,,
IncubEx,https://theincubex.com/,United States,Chicago,Climate Tech,,2016,,
1MillionStartups,http://www.1millionstartups.com,Austria,Vienna,Industry Agnostic,Selma Prodanovic,2017,,
Entrepreneur Engine,http://www.entrepreneur-engine.com,France,Paris,Industry Agnostic,,2014,,
BootUP Ventures,http://www.bootupventures.com/,United States,Menlo Park,Industry Agnostic,"Marco ten Vaanholt, Mukul Agarwal",2013,,
Nodriza Tech,https://nodrizalab.com,Spain,Zaragoza,Technology,,2019,,
Muiv.Lab,https://muivlab.ru/,Russia,Moscow,Industry Agnostic,,,,
Carbondale Technology Transfer Center,https://www.4cttc.org/,United States,Carbondale,Technology,,1996,,
Venture Noire,https://www.venturenoire.org/,United States,Bentonville,"Beauty, Cosmetics, Retail","Bjorn Simmons, Keenan Beasley",2019,,
Fishing Accelerator,http://fishing-tech.com/en/,Spain,Vigo,Technology,"Carmen González García, Genma Laso, Nicolas Troncoso, Xoan Martinez Reboredo",,,
BlockIS - Croatia,https://blockis.eu/,Croatia,Varazdin,Blockchain,,,,
The Hacking School,http://www.thehackingschool.com/,India,Hyderabad,"Web Development, Cyber Security, Data Science",Meraj Faheem,,,
LaCabine,https://www.la-cabine.net/,France,Nantes,Industry Agnostic,,,,
InnoPeaks,https://innopeaks.ch/,Switzerland,Martigny,"HealthTech, InsurTech",,,,
Business Factory Auto,http://www.bfauto.es/en/,Spain,Vigo,Automotive,,,,
The Collider,https://thecollider.tech/,Spain,Barcelona,"Healthcare, Productivity Software, Communication Software, Pharmaceutical, Wireless Communications Equipment",Francesc Saldaña,2017,,
Imagine H2O,http://www.imagineh2o.org,United States,San Francisco,WaterTech,"Matt Evans, Scott Bryan, Tamin Pechet",2007,,
La Fabrique des Mobilités,http://lafabriquedesmobilites.fr/en/,France,Sophia Antipolis,Transportation,,2015,,
FK Accelerate,https://fk-accelerate.co.uk,United Kingdom,Altrincham,Construction,,,,
Mana Up,https://manauphawaii.com/,United States,Honolulu,"Retail, Beauty, Food, Beverage","Brittany Heyd, Meli James",2017,,
BLaO,https://blao.co/,United Kingdom,London,Technology,Martin Malii-Karlsson,2009,,
Launch Academy,https://ore.catapult.org.uk/research-innovation/strategic-programmes/launch-academy/,United Kingdom,Glasgow,"Renewable Energy, Information Technology",,,,
Blue Bio Value,https://www.bluebiovalue.pt/,Portugal,Paço De Arcos,Biotech,,,,
SURFnCODE,http://www.surfncode.io,Portugal,Porto,"Software, AI",Shadi Mahassel,2018,,
US Market Access Center,http://usmarketaccess.com,United States,San Francisco,Industry Agnostic,,1995,,
BIC Araba,http://www.bicaraba.eus,Spain,Vitoria-Gasteiz,"Electronics, Information Technology, Communications",,1988,,
Upekkha Value SaaS Accelerator,http://www.upekkha.io,United States,Dover,SaaS,"Prasanna Krishnamoorthy, Shekar Nair, Thiyagarajan Maruthavanan (Rajan)",2017,,
Firestarter,https://www.firestarter.is/,Iceland,Reykjavík,"FinTech, Blockchain, Software",,,,
Berkeley Blockchain Xcelerator,https://www.xcelerator.berkeley.edu/,United States,Berkeley,"Gaming, FinTech, IoT, Sports, Energy, Healthcare",,2019,,
Terenure Enterprise,http://www.terenure-enterprise.ie/,Ireland,Terenure,Industry Agnostic,,1984,,
Magis Teams,https://magisteams.com/,Spain,Barcelona,Industry Agnostic,,2017,,
CEEI Valencia,http://www.ceei-valencia.com,Spain,Paterna,Industry Agnostic,,1991,,
Docklands Innovation Park,http://www.docklandsinnovation.ie/,Ireland,Dublin,Industry Agnostic,,,,
6AM Accelerator,https://6am.no/,Norway,Trondheim,Industry Agnostic,,,,
HR Tech,http://hrtech.slingshotters.com/,Australia,Sydney,"HRtech, Recruitment",,,,
A1 Start Up Campus,http://www.a1startup.net/,Austria,Vienna,"Technology, Environment, Sustainability, Cyber Security, Data",,,,
Gamebcn,http://gamebcn.co/,Spain,Barcelona,"Gaming, Technology",Simon Lee,2014,,
Startalia.com,http://www.startalia.com,Italy,Roma,FinTech,,2012,,
CEEIM,http://www.ceeim.es/,Spain,Murcia,"Software Development, Information Technology, AI, AgTech",,2007,,
CIEM Zaragoza,http://www.ciemzaragoza.es/,Spain,Zaragoza,"HealthTech, Retail",,2011,,
Sunrise valley,http://sunrisevalley.lt,Lithuania,Vilnius,Technology,,2003,,
Kirchner Food Fellowship,https://kirchnerfellowship.com/,United Kingdom,Birmingham,"Agriculture, Food",,,,
AccelerateMe,https://accelerateme.co,United Kingdom,Manchester,Industry Agnostic,,2008,,
Velocity Growth,https://growthuniversity.io,United States,San Francisco,Industry Agnostic,"Craig Zingerline, Jason Calacanis, Jen Bryan",,,
Cobuild Lab,https://cobuildlab.com,United States,Miami,"Logistics, Supply Chain, Healthcare, Retail, Transportation, Entertainment",Angel Lacret,2018,,
Nyuko,https://nyuko.lu,Luxembourg,Luxembourg,"Healthcare, Technology",,,,
CEEI Principado de Asturias,http://www.ceei.es/,Spain,Gijón,"Health, Sustainable Mobility, Tech",,1994,,
Intesa Sanpaolo Start Up Initiative,http://www.startupinitiative.com/en/index.html,Italy,Milan,Technology,,2009,,
Mundi Lab,http://www.mundi-lab.com/,Spain,Madrid,"Lifestyle, Insurance, Technology",,,,
Capital SCF,http://www.capitalscf.com,United Kingdom,London,"Technology, FinTech",James Clark,2008,,
KATANA Accelerator,http://katanaproject.eu/,Germany,Stuttgart,AgriFood,,,,
NESsT,http://www.nesst.org/,United States,San Francisco,Industry Agnostic,Nicole Etchart,1997,,
NRGY HUB Scaleup Program,https://www.scalehere.com/,Sweden,Västerås,Energy,,,,
BW Accelerate,http://www.bwaccelerate.com/,India,New Delhi,Industry Agnostic,Ashu Agrawal,,,
Business Factory Aero,http://www.bfaero.es/en/,Spain,Lugo,Aerospace,,2018,,
IdeaGist,https://ideagist.com,United States,Minneapolis,"Software, Healthcare","Azeem Amir, Hassan Syed, Rahul Ranjan, Shahnawaz Khan, Vikas Gupta",2014,,
V-Incube8,http://www.vincube8.com/,India,Noida,"FinTech, HealthTech, AI, Blockchain, SaaS",Kaushik Sen,2017,,
Orizont,http://www.orizont.es/,Spain,Pamplona,AgriFood,,2015,,
EU-XCEL,http://euxcel.eu/,Ireland,Cork,Industry Agnostic,,2015,,
Entrepreneurship Zentrum Witten,https://ezw.de/,Germany,Witten,Industry Agnostic,,,,
İTÜ Çekirdek,http://www.itucekirdek.com,Turkey,Istanbul,"Technology, Design",,2011,,
Venturr,http://venturr.com/,United Kingdom,London,"Data Health, Energy, Sports, Property, Travel, Media, Automotive, Retail",Kam Rafique,,,
Andalucía Open Future,https://andalucia.openfuture.org/,Spain,Sevilla,"Educational Software, FinTech, Logistics, Healthcare",Francisco Javier Molina Soler,,,
Start-up Center Start Up Tirol GmbH,https://www.startup.tirol,Austria,Innsbruck,Industry Agnostic,,,,
SpielFabrique,http://spielfabrique.eu/en/home-2/,Germany,Düsseldorf,Gaming,,2016,,
coworkit,https://coworkit.de/,Germany,Solingen,Industry Agnostic,,2016,,
International Security Accelerator,https://isa.corkbic.com/,Ireland,Cork,"Cyber Security, IoT, Blockchain, AI, Health, Bioinformatics, Defence, Critical Infrastructure, Logistics",,,,
TechTown,http://techtowndetroit.org/,United States,Detroit,Industry Agnostic,,2004,,
Discoveries,http://www.startupdiscoveries.com/,Portugal,Lisboa,"Big Data, Productivity, Mobility, Hospitality, Entertainment, Ecommerce, Crowdsourcing, SaaS, Marketplaces, AR",,,,
Allen & Overy,http://www.allenovery.com/advanceddelivery/fuse/Pages/default.aspx,United Kingdom,London,"Cyber Security, FinTech, Technology, AI",,,,
Motherland,https://motherland.earth/,Germany,Berlin,"Supply Chains, Technology",Thomas Schindler,,,
Nexes,http://www.nexesforallac.cat/,Spain,Girona,"Ecommerce, Hospitality, Sports",,2008,,
EGI Booster,http://egi-booster.com/,Spain,Barcelona,"RetailTech, Martech, AdTech, Fashion Tech",,2010,,
3DFactory Incubator,https://www.dfactorybcn.org/,Spain,Barcelona,"AI, Robotics, Cyber Security",,,,
Jefferson Lab,http://jlab.org,United States,Newport News,"Research, Technology, Energy",,1984,,
Call for Ideas,http://vittoriahub.com/it/call-for-ideas/,Italy,Milan,"AI, IoT, Dlt Technologies, Blockchain",,,,
Landa Labs,http://www.landalabs.com/,Israel,Rehovot,Nanotechnology,,2013,,
accent Inkubator GmbH,http://www.accent.at/home.html,Austria,Wiener Neustadt,Industry Agnostic,,,,
Wise Guys Cyber,https://startupwiseguys.com/cybernorth/,Estonia,Tallinn,Cyber Security,,,,
WECOOK,https://www.wecook.co.kr/,South Korea,Seoul,"Food, Beverages",,2015,,
Geovation Spring '20 - PropTech,https://www.f6s.com/geovationspring20-proptech/about,United Kingdom,London,"Real Estate, Hospitality",,,,
4.0 Schools,http://4pt0.org/,United States,New Orleans,EdTech,Matt Candler,,,
Hjärna.Hjärta.Cash,http://www.hhc.nu/,Sweden,Stockholm,Social Impact,,2009,,
Cascadia CleanTech Accelerator,http://www.cascadiacleantech.org/,United States,Portland,"Cleantech, Hardware",,,,
Junior Achievement of New York,http://www.jany.org,United States,New York,Industry Agnostic,,1929,,
The Hatchery,http://www.hatchery.vc,United States,New York,Technology,Yao Huang,2007,,
Downtown Project,https://downtownproject.com/,United States,Las Vegas,"Hospitality, Real Estate, Technology",,2012,,
Gold Coast TechSpace,http://gctechspace.org,Russia,Rodina,"Software, Hardware, Robotics, Green Technology",,2011,,
"IDK Distribution, Inc",http://idk.com,United States,San Diego,"Manufacturing, Logistics",,2014,,
OXO Cybersecurity Lab,https://cybersecurity.oxolabs.eu/,Hungary,Budapest,Cyber Security,"Csaba Krasznay, Peter Oszko",2019,,
Gaza Sky Geeks,http://www.gazaskygeeks.com/en/,Palestinian Territory,Gaza,Information Technology,,2012,,
Futurism Programme,https://www.visitdubai.com/en/department-of-tourism/futurism-programme,United Arab Emirates,Dubai,"Hospitality, Tourism, Hotels, Resorts",,,,
B-Sprouts,https://www.b-sprouts.com/,Belgium,Brussels,"Education, Ecommerce, Technology",,,,
Grace,https://www.grace-accelerator.de/,Germany,Berlin,Industry Agnostic,,2017,,
IDEALondon,http://idea-london.co.uk/,United Kingdom,London,Industry Agnostic,,2013,,
MeWe360,http://www.mewe360.com/,United Kingdom,London,EdTech,Kevin Osborne,2012,,
Krinova,https://www.krinova.se/,Sweden,Kristianstad,FoodTech,,1998,,
The Startup Lab,http://advanced-hindsight.com/startup-lab/,United States,Durham,"Healthcare, Financial",,,,
SportsTech Ireland,http://sportstechireland.com,Ireland,Limerick,"Sportstech, Technology",,,,
SPROCKIT,http://sprockit.com,United States,Washington,"Media, Entertainment, Technology",,2012,,
Nabi,http://www.nabi.ca/,Canada,Saint Albert,Real Estate,,1989,,
The Humanitarian Accelerators,https://government.ae/en/information-and-services/charity-and-humanitarian-work/humanitarian-accelerators,United Arab Emirates,Dubai,"Healthcare, EdTech, Technology",,,,
EIT Health Wild Card,https://wildcard.eithealth.eu,Germany,Munich,"HealthTech, Life Sciences, Education",,2017,,
MAN Impact Accelerator,http://impact.man.eu/,United States,Frankfort,"Transport, Logistics, AgTech, HealthTech, MedTech",,2017,,
Le Camp,http://lecampquebec.com/en/,Canada,Quebec,"Technology, Biotech, Energy",,2015,,
Vulcanic,http://www.vulcanic.it/,Italy,Catania,Industry Agnostic,,,,
DELITELABS,http://www.delitelabs.com,The Netherlands,Amsterdam,"EdTech, Technology",,2015,,
Travel Impact Lab,https://www.travelimpactlab.nl/,The Netherlands,Utrecht,Sustainability,,,,
Forge Accelerator,http://forgeforward.in/,India,Coimbatore,"Aerospace, Defence, HealthTech, Future Cities, Industrial Tech, Sustainability","Shankar Vanavarayar, Vishwanathan Sahasranamam",2014,,
Innova Day,http://www.innovaday.it,Italy,Modena,"Nanotech, Biotech, Biomed",,2009,,
Agora Partnerships,https://agora2030.org/,United States,Washington,Environmental Sustainability,"Ben Powell, Ricardo Teran Teran",2005,,
Creators Expedition,https://www.creators-expedition.com/,Austria,Graz,Autotech,,,,
Present Your Startup,http://www.presentyourstartup.nl/,The Netherlands,Haarlem,Industry Agnostic,,2014,,
Enso XL,https://www.optima-x.org/enso-xl-accelerator,Greece,Athens,"AI, Big Data, Cleantech, Cyber Security",,,,
H+ Innovation Programme,https://www.insurtech-munich.com/h-plus-innovation-programme-dmac/,Germany,München,"HealthTech, Cyber Security, AI",,,,
Venture Gym,http://www.venturegym.fi,Finland,Kotka,"Video, Mobile Games, ICT, Health, Wellbeing, Renewable Energy, FinTech",,2010,,
FI Boost,https://fiboost.com/,Spain,Santa Coloma De Cervelló,Industry Agnostic,"Ferran Tomas Villalta, Ivan Ruiz, José Miguel Lara Gómez, Miguel Carretero Rodríguez",,,
Tetuan Valley Startup School,https://www.tetuanvalley.com/startupschool,Spain,Madrid,Industry Agnostic,,,,
Capital Accelerate & Scale Tech Superstars,https://www.capitalenterprise.org/casts/,United Kingdom,London,"HealthTech, MedTech",,,,
Insight Accelerator Labs,http://insightpd.com/accelerator/insight-accelerator-labs/,United States,Chicago,Healthcare,Steve McPhilliamy,2012,,
Intel Education Accelerator,http://www.intel.com/content/www/us/en/education/accelerator/education-accelerator-home.html,United States,Redwood City,"EdTech, Technology",,,,
Startup Haven,http://startuphaven.com,United States,Seattle,"Software, Platforms, Marketplaces, SaaS, AI, Cyber Security, Machine Learning",Bob Crimmins,2006,,
LAB Creative Thinking,http://www.labcreativethinking.com/,Italy,Milan,Industry Agnostic,,2016,,
StepFWD,https://stepfwd.today,Romania,Bucharest,Industry Agnostic,,2019,,
Retail Innovation Discovery by L Marks,https://retailinnovationdiscovery.com/,United Kingdom,London,"Fashion, Retail",,,,
Vencapital,https://www.vencapital.org/,United States,Cambridge,Industry Agnostic,"Anna Phan, Henry Ogbuagu",2018,,
SHIFT Camp,http://www.shifts.se,Sweden,Stockholm,Sustainability Science,,2007,,
AIA Accelerator,http://aia-accelerator.com/,Hong Kong,Hong Kong,"Healthcare, Insurance",,,,
Fast Forward Accelerator,https://foodlab.hamburg/,Germany,Hamburg,"Food, Restaurant",,2019,,
SAP.iO Foundry Paris,https://sap.io/foundry-paris/,France,Paris,Industry Agnostic,,,,
Founders Loft,https://www.foundersloft.se/,Sweden,Gothenburg,Social Impact,,1999,,
growITup,http://www.growitup.it/,Italy,Milan,Industry Agnostic,,,,
Manitoba Technology Accelerator,http://www.mbtechaccelerator.com/,Canada,Winnipeg,"Science, Technology",Wenfei Zhang,2005,,
OpenNest,http://opennest.co,United States,Venice,Industry Agnostic,"Kris Bjornerud, Max Goldstein, Michael Kamins, Tyler Wakstein",2016,,
InSITE Fellows,http://www.insitefellows.org/,United States,New York,"Software, Hardware, Healthcare, Life Sciences, Education, Consumer Goods, Data, AI, Machine Learning, Entertainment, Media, Social Impact",Josh Ephraim,1999,,
Impact Hub Accra,http://hubaccra.com/,Ghana,Accra,Industry Agnostic,"Heather Cochran, John Parmigiani, John Roberts, William Senyo",2013,,
From Start-to-Table,https://www.fromstart-to-table.com/,Portugal,Lisbon,"Food, Beverage, Restaurant Technology",,2018,,
Plug and Play-ADGM,https://www.plugandplaytechcenter.com/abu-dhabi/,United Arab Emirates,Abu Dhabi,"FinTech, Healthcare, Industry 4.0",,2006,,
ChelPipe Accelerator in Pipe Industry,https://chelpipe.generation-startup.ru/en/,Russia,Moscow,Piping,,,,
Innovation Centre Banja Luka,http://www.icbl.ba,Bosnia And Herzegovina,Banja Luka,Industry Agnostic,,,,
Startup Lighthouse Fintech DDW,http://startuplighthouse.eu,Lithuania,Vilnius,FinTech,,,,
HubBOG,http://hubbog.com/,Colombia,Bogotá,Information Technology,Rene Rojas,2010,,
Incubadora Criativa do Alto Minho,http://vianacriativa.pt,Portugal,Viana Do Castelo,Technology,Paulo Caldeira,2007,,
Block.IS Cluster Mission Regensburg,https://blockis.eu/apply-now/cluster-missions/,Germany,Regensburg,Blockchain,,,,
Think Beyond Plastic,https://www.tbpinnovate.com/entrepreneurs,United States,Menlo Park,"Agriculture, Textile, Construction, Transportation",,2012,,
Global Startup Ecosystem,http://globalstartupecosystem.com/,United States,New York,Industry Agnostic,,,,
BlockIS - Montenegro,https://blockis.eu,Montenegro,Podgorica,"Blockchain, AgriFood, Logistics",,,,
The Business Collective Pte Ltd,https://www.thebusinesscollective.sg,Singapore,Singapore,"Healthcare, Clean Energy, Education, Security, Sanitation, Ecommerce, Technology",Rajesh Nair,2012,,
Strong Atomics,https://strong-atomics.com/,United States,San Francisco,Nuclear Energy,,,,
TVLP Institute Silicon Valley,http://www.tvlp.co/,United States,Menlo Park,Technology,,2014,,
Youngstown Business Incubator,http://www.ybi.org,United States,Youngstown,"Technology, Advanced Manufacturing, B2B, Women",,1995,,
Creative Startups LABS: Azores,https://www.creativestartups.org/,Portugal,Angra Do Heroísmo,Industry Agnostic,,,,
Hatch,https://hatch.lk/,Sri Lanka,Colombo,"Cleantech, MedTech, FinTech, EdTech, AI","Brindha Selvadurai-Gnanam, Jeevan Gnanam, Nathan Sivagananathan",2018,,
To the sea and countryside,https://www.tilsjavarogsveita.is/,Iceland,Reykjavík,"Food, Agriculture, Marine Industry, Retail",,,,
Investerare Sydost,http://investeraresydost.se/,Sweden,Kalmar,Industry Agnostic,,,,
Ljubljana University Incubator,http://lui.si,Slovenia,Ljubljana,"Healthcare, Social Impact",,2004,,
Startup Lighthouse MedTech DDW,http://startuplighthouse.eu/,Ireland,Dublin,MedTech,,,,
Propellant Labs,https://www.propellantaccelerator.com/,United States,Los Angeles,Industry Agnostic,,,,
OCBC Accelerator,http://theopenvaultatocbc.com/,Singapore,Singapore,InsurTech,,2016,,
Zurich Innovation Championship,https://www.zurich.com/campaigns/zic?page_url_input_url=https%3a%2f%2fwww.zurich.com%2fzic,Switzerland,Zürich,Technology,,,,
REAKTOR #3,https://www.f6s.com/reaktor3/about,Belgium,Namur,Industry Agnostic,,,,
Born from Knowledge,http://bfk.ani.pt/pt/,Portugal,Lisbon,"Life Science, Technology",,,,
Prama Investments BV,https://www.ukukhula.nl/,The Netherlands,Amersfoort,"Web-Based Platforms, E-Learning, Infinite Computing, 3D Printing, Nanomaterials, Nanotechnology, AI, Robotics, Water, Sanitation, Genetics, Synthetic Biology",,2016,,
Vive.VC,https://www.vive.vc/,United States,Manassas,"Automation, Software Development",,,,
BlockIS - Hungary,https://blockis.eu,Hungary,Budapest,"Blockchain, AgriFood, Logistics",,,,
HealthCareLab,https://healthcarelab.eu/,Slovakia,Bratislava,"Healthcare, Technology",,2020,,
STLC Accelerator,https://gtlk.generation-startup.ru/en/,Russia,Moscow,Transportation,,,,
SAP.iO Foundry Munich,https://sap.io/foundry-munich/,Germany,Munich,Industry Agnostic,,,,
BITS Pilani Technology Business Incubator,http://www.bits-pilani.ac.in/pilani/technologybusiness/TechnologyBusinessIncubator,India,Hyderabad,Technology,"G. D. Birla, Shashvat Tripathi",,,
Knowcap Exchange,https://www.knowcap.io/,United States,Atlanta,Industry Agnostic,,,,
Norrköping Science Park,http://www.nosp.se/,Sweden,Norrköping,"Technology, Impact, Science",,,,
The Capital Network,http://www.thecapitalnetwork.org/,United States,Boston,"Women, Industry Agnostic",,,,
Alpha Programme Dublin,https://www.huckletree.com/alpha,Ireland,Dublin,"HealthTech, EdTech, Parenttech",,2014,,
The Blox,https://www.theblox.co/,France,Paris,"FinTech, Web3, Blockchain, AI",,2021,,
X-Europe for corporates - HealthTech,https://www.xeurope.eu/,The Netherlands,Amsterdam,"HealthTech, Biotech, AgTech, AI, Machine Learning, Smart Cities, Sustainability, Spacetech, FinTech",,,,
ITACA Business Incubator,http://itaca.cz,Czech Republic,Prague,"Cleantech, MedTech, FinTech, Cyber Security, Blockchain, AI, Big Data, Cloud",,2017,,
MEET Ventures,http://www.meetvcs.com,Singapore,Singapore,Industry Agnostic,,2019,,
NGI TETRA,https://business.ngi.eu/,Estonia,Tallinn,"AI, IoT, Interactive Technologies",,,,
Soft-Landing Zoetermeer,https://soft-landing.eu/,The Netherlands,Zoetermeer,"Horticulture, Agriculture, Food, Water, Life Sciences, Health, Chemistry, High Tech, Energy, Logistics",,,,
Next Sequence,https://www.thenextsequence.com/,France,Paris,"Biotech, AI",Loretta TIOIELA,,,
Troy Labs,https://www.troylabs.vc/,United States,Los Angeles,Industry Agnostic,"Ankur Karwal, Ashan Marla, Diego Socorro, Zach Sullens",,,
Sky High,http://neverstop.co/skyhigh/,United States,Memphis,Sustainable Mobility,,,,
Qatar Fintech Hub,https://fintech.qa/,Qatar,Doha,FinTech,,2018,,
Cisco LaunchPad,http://www.cisco.com/c/m/en_in/launchpad/index.html,India,Bangalore,"Networking Infrastructure, Security, IoT, AI, Machine Learning, Image Processing, Video Analytics, DeepTech, HealthTech",Sruthi Kannan,2017,,
C2M,http://c2mservices.com,United States,Beaverton,Industry Agnostic,,2012,,
MAD Incubator,http://www.incubator.com.my,Malaysia,Petaling Jaya,Industry Agnostic,Andrew Wong,2009,,
Songshan Lake Xbot Park,http://www.xbotpark.com,China,Dongguan,"Industry 4.0, Agriculture, Smart Home, Smart City, IoT, Consumer Good, Health",,2014,,
Expa Labs,http://expa.com/labs/,United States,San Francisco,Industry Agnostic,,2016,,
StartUp Port,http://startup-port.com/,United States,Chicago,Industry Agnostic,,2008,,
Mehl Partners,https://www.mehlpartners.com,Israel,Jerusalem,"HighTech, Technology","Avi Mehl, Norbert Mehl",2013,,
The Veloz Group,http://thevelozgroup.com,United States,Los Angeles,Technology,,2012,,
Cardinal Ventures,http://www.cardinalventures.org/,United States,Stanford,Industry Agnostic,,2015,,
AdvisoryClub,https://advisoryclub.com,United States,New York,Industry Agnostic,,2021,,
Swiss Financiers,http://SwissFinanciers.com,United States,New York,FinTech,Alex Kummerman,2019,,
Accelerice,http://www.accelerice.com/,Indonesia,Jakarta,"Food, Beverages",,2018,,
Bethesda Green,https://bethesdagreen.org,United States,Bethesda,Environmental Services,,2008,,
VentureCrushFG,https://www.venturecrush.com/fg/index.html,United States,New York,Technology,Edward Zimmerman,2009,,
Incuvation Labs LLC,http://www.incuvationlabs.com/,United States,Artesia,Industry Agnostic,"Ghassan Gholmieh, Kenneth Tran",2013,,
Silicon Schools,http://www.siliconschools.com/,United States,Oakland,"Education, Education Organizations",,2012,,
The Innovation Institute,http://www.ii4change.com/,United States,La Palma,"Healthcare, Medical Devices",,2013,,
Stella,http://www.hera-labs.com/,United States,San Diego,"Women, Industry Agnostic",Felena Hanson,2012,,
Velocis,http://velocis.us/,United States,Dallas,Information Technology,,2008,,
Cleantech Open Midwest,https://cleantechopen.org/en/page/midwest-en,United States,Minneapolis,"Environment Tech, Energy Tech",,,,
Startups Ignite,https://startups-ignite.com,United States,Vienna,Industry Agnostic,,2014,,
Aviatra Accelerator,http://aviatraaccelerators.org/,United States,Cincinnati,"Women, Industry Agnostic",Candace Klein,2010,,
National Incubation Center Karachi,http://www.nickarachi.com/,Pakistan,Islamabad,"Education, Agriculture, Commerce, Waste, Robotics",,2018,,
Eureka Nova,https://www.eurekanova.com/,Hong Kong,Kwun Tong,Industry Agnostic,Adrian Cheng,2017,,
Almaty Tech Garden,http://techgarden.kz,Kazakhstan,Almaty,"Industry 4.0, Smart City, FinTech, Banking, Insurance, New Materials, Retail, Ecommerce, Logistics, EdTech, Telecommunications",,2015,,
TurningIdeas Ventures,http://turningideas.com,India,Noida,Technology,Ashish Mittal,2008,,
Alliance DAO,https://alliance.xyz/,United States,San Francisco,"Web3, Blockchain",,2014,,
Ascender,https://ascenderpgh.com/,United States,Pittsburgh,Industry Agnostic,,2012,,
ExCITE,https://www.exciteriverside.org,United States,Riverside,FinTech,,,,
TargetPath,http://targetpath.com/,United States,Wilsonville,Technology,Scott Hix,,,
Maui Food Innovation Center,http://maui.hawaii.edu/foodinnovation/,United States,Kahului,"Agriculture, Food",,,,
Withinlink,http://www.withinlink.com/,China,Shanghai,Marketing,Bessie Lee,2015,,
Startup Shell,https://startupshell.org/,United States,College Park,Industry Agnostic,Justin Searles,2013,,
StarFab Accelerator,http://www.starfabx.com,Taiwan,Hsinchu,"Smart Healthcare, Smart City, RetailTech, Smart Agriculture, FinTech",,2016,,
ETC,http://etcbaltimore.com/,United States,Baltimore,"Consumer, Life Sciences",,1990,,
Accelerate South,https://www.opportunitymachine.org,United States,Lafayette,Healthcare,,2016,,
Smart City Works,http://www.smartcityworks.io,United States,Washington,"Urbantech, Infrastructure, IoT",,2016,,
Start You Up Accelerator,http://www.startyouup.com.br/,Brazil,Vitória,"Health, Energy, Education, AgTech",,2010,,
XLR8HI,http://xlr8hi.com,United States,Honolulu,Industry Agnostic,,2012,,
Kivuhub,https://kivuhub.net/,Democratic Republic Of Congo,Bukavu,"Technology, Cyber Security, Mobile, Digital Marketing","Eliud Aganze, Patrick Nahayo",2017,,
Denver Accelerator,http://www.denveraccelerator.com,United States,Denver,"SaaS, Marketplaces",,,,
TechGrind,http://www.techgrind.asia,Hong Kong,Wan Chai,Industry Agnostic,"Efraim Pettersson Ivener, Pavel Laletin",2013,,
Flmoat Inc.,https://flmoat.com/,Japan,Tokyo,"Banking, Life Insurance, Securities","Tao Yamamoto, Yo Murofushi",2021,,
Sharif Accelerator,http://setak.sharif.ir,Iran,Tehran,"Education, Energy, FinTech, Healthcare, Information Technology, IoT, Logistics, Robotics","Hamed Kashani, Majid Dehbidipour, Mona Naseri",2014,,
Start-Up Hyderabad,http://startuphyderabad.com/,India,Hyderabad,"Food, Healthcare, Education","Ravi korukonda, Raviteja Jallepalli",2014,,
Entrepreneurial Development Center,http://www.edcinc.org,United States,Cedar Rapids,"Consumer Goods, Medical Innovations, Agriculture, SaaS",,2003,,
Cognity Labs,https://www.cognitylabs.com,United States,San Francisco,AI,Mikaela Reyes,2019,,
Rev Ithaca,http://revithaca.com,United States,Ithaca,Industry Agnostic,,,,
CRRNT,http://crrnt.co/,United States,Seattle,"Cloud, AR, Motorsport, Information Technology, Software, Ecommerce, Software Consumer, Digital Marketing, Mobile Design, VR, Digital Products, Mobile Commerce",Chuck Granade,2014,,
TechX Ventures,https://www.netzerotc.com/disruptive-innovation/tech-x-clean-energy-accelerator/techx-ventures/,United States,Warren,"Technology, Cleantech, Energy System Integration, Offshore Energy 4.0, Energy Transition, Energy",David A. Rosen,2016,,
Fulcrum Venture Accelerator,https://fulcrumventureaccelerator.com/#,United States,Boulder,Industry Agnostic,Will Sacks,2019,,
Digital FastForward,https://digitalfastforward.com/,United States,Chevy Chase,Technology,Clay Richardson,2016,,
Auge,http://www.augeucr.com,Costa Rica,San Pedro,Industry Agnostic,Luis Alonso Jimenez Silva,2012,,
Comcast NBCUniversal The Farm Accelerator,https://thefarmatl.com/,United States,Atlanta,Industry Agnostic,,2016,,
BizFamous,https://BizFamous.com,United States,Phoenix,"FinTech, Information Technology, Internet, Marketing",,2016,,
Shad Valley,http://www.shad.ca,Canada,Waterloo,"Science, Technology",,1980,,
Factory45,https://factory45.co/,United States,Boston,"Fashion, FinTech",Shannon Whitehead,2014,,
Flywheel New Ventures,http://www.newventuresnc.com,United States,Winston Salem,"Health, Wellness, Nutrition, AgTech, B2B",Peter Marsh,2016,,
iStart Valley,http://www.istartvalley.org/,United States,Plano,"Mobility, Analytics, Cloud, IoT, AI, Blockchain, VR, AR",MJ Charmani,2011,,
National Incubation Center,https://nicpakistan.pk/,Pakistan,Islamabad,Industry Agnostic,,2016,,
flyingVest Ventures,http://www.flyingvest.com.tw/,Taiwan,Taipei,"Biotech, Medical Care, 5G, Data, Consumer Electronics",,2020,,
The Refinery CT,http://www.refineryct.com,United States,Westport,"Women, Technology","Janis Collins, Jennifer Gabler",2014,,
Mindshare Ventures,http://www.mindshareventures.com/,United States,Park City,Technology,Bassam Salem,2016,,
Florida-Israel Business Accelerator,http://www.fiba.io/,United States,Tampa,"HealthTech, Health, Wellness Monitoring Tech, Medical Devices, AI, Real Estate, Construction, Smart City, Sports, Hospitality",,,,
E2Tech,http://www.e2tech.org/,United States,Portland,"Energy, Environmental, Cleantech",,,,
Indicina Ventures,https://indicina.ventures/,United States,New York,Industry Agnostic,Anton Klingspor,2017,,
Conductor,https://www.arconductor.org/,United States,Conway,Industry Agnostic,,2016,,
SAP.iO Foundries,https://sap.io/foundries/,United States,San Francisco,"AI, Machine Learning, Blockchain, Robotic Process Automation, IoT, AR, VR",,2017,,
Bizion Group,https://www.biziongroup.com/,United States,Miami,"Automation, AI, Cyber Security, AgTech, EdTech, MedTech, FinTech, Aerospace, VR, Gaming, Telecommunications Datacenters, Renewable Energy, Life Sciences, Supply Chain, Environmental, Greentech, Construction",,,,
The Entrepreneurs Center,http://www.tecdayton.com,United States,Dayton,Industry Agnostic,,1998,,
CREATORS IDEAtion Lab,http://www.creatorspad.com,Israel,Tel Aviv,"Govtech, Technology, Consumer",,2015,,
Richi Entrepreneurs,https://www.richientrepreneurs.org,United States,Boston,"Biotech, MedTech, HealthTech",,2015,,
Uptima Business Bootcamp,http://www.uptimabootcamp.com,United States,Oakland,Industry Agnostic,"Rani Croager, Seyed Amiry",2014,,
Tacklebox Accelerator,http://www.tackleboxaccelerator.com/,United States,New York,Industry Agnostic,Brian Scordato,2015,,
EcoTech Visions,http://ecotechvisions.com/,United States,Miami,"Food, Consumer Goods, Energy",Pandwe Gibson,,,
Center for Civic Innovation,http://www.civicatlanta.org/,United States,Atlanta,Industry Agnostic,Rohit Malhotra,,,
USC Incubator,http://startusc.com/,United States,Los Angeles,Industry Agnostic,,,,
Health IT Connections,http://www.njii.com/healthit,United States,Newark,Healthcare,,2014,,
Mission Accelerator,https://missioncapital.org/what-we-do/accelerator/,United States,Austin,Social Impact,,,,
Y&Archer,http://ynarcher.com/,South Korea,Seoul,Industry Agnostic,,2015,,
Plug and Play Startup Camp,https://www.plugandplaytechcenter.com/startupcamp/,United States,Sunnyvale,Industry Agnostic,,,,
Pivotal Ventures Inc,http://www.pivotalvc.com/,United States,Santa Barbara,Technology,Jas Dhillon,2001,,
I&CO,https://iandco.com/,United States,Brooklyn,Industry Agnostic,"Rei Inamoto, Rem Reynolds",2016,,
Aspire Labs,https://www.aspirelabs.com/,India,Noida,Industry Agnostic,Ranjit Singh,,,
805 Startups,https://www.805startups.com/,United States,Westlake Village,Industry Agnostic,Alon Goren,,,
Flagship Ventures,https://www.flagshipventuresbd.com/,Bangladesh,Dhaka,"Mobility, Logistics, FinTech",Ahnaf Shahriar,2021,,
Fuse Corps,http://fusecorps.org,United States,San Francisco,"Communities, Health, Climate, Legaltech, Real Estate, Education",,2011,,
Vantedge Ventures | Healthcare Innovation Fund,https://www.vantedgeventureshealth.com/,United States,Chicago,"Health Systems, Healthcare Innovations",,2017,,
Institute for Innovation & Entrepreneurship at UTD,http://innovation.utdallas.edu,United States,Richardson,Industry Agnostic,,,,
Feast Creative Foods,https://www.feast-china.com/,China,Shanghai,Food,,2018,,
Sow Asia,http://sowasia.org,Hong Kong,Hong Kong,Social Impact,Darius Yuen,2009,,
The IMPACT Startup Visa Accelerator Program,https://spring.is/programs/impact-startup-visa-program-canada/,Canada,Vancouver,Industry Agnostic,,,,
Global Entrepreneurship Institute,https://news.gcase.org,United States,Laguna Beach,Industry Agnostic,Robert W Price,1996,,
TechBA,http://techba.org/,Mexico,Mexico City,"Aerospace, Technology",,2005,,
bwtech@UMBC Research and Technology Park,http://www.bwtechumbc.com,United States,Baltimore,"Cyber Security, Information Technology, Technology, Life Science, Biotech, Engineering, Govtech",,2009,,
Social Innovation Forum,http://www.socialinnovationforum.org/,United States,Boston,"Health, Workforce, Disabilities Access, Education, Impact, Environmental, Sustainability",,2015,,
Gold Ark,http://goldark.kr/,South Korea,Seoul,"VR, AR, Hologram, Games, EdTech, System Semiconductor, 3D Printing, Smart Factories, 5G Networks, Advanced Materials, ICT, AI, Big Data, Cloud, IoT Drones, Intelligent Robots, Self-Driving Cars, Smart Healthcare, Pharmaceutical, Molecular Diagnosis Technology, Smart Farm, FinTech, Blockchain, FoodTech, New, Renewable Energy",,,,
Betablox,http://betablox.com,United States,Kansas City,"Technology, Food, Ecommerce",,,,
SF Housing Accelerator,https://www.sfhaf.org/,United States,San Francisco,"Real Estate, Affordable Housing, Energy Efficiency, Renewable Energy, Microcredit",,,,
Peracha Ventures,http://www.peracha.org,Pakistan,Karachi,Industry Agnostic,Sarah Peracha,2013,,
Lemon Ideas,http://lemonideas.in/,India,Nagpur,"Waste, Recycling, Green Energy, Environment, Sustainability, Education, Learning, Technology, Social, AgTech, EdTech, HealthTech, Healthcare, Entertainment, Travel, Hospitality, Agriculture",Deepak Menaria,,,
Fuel,https://www.fuelaccelerator.com/,United States,Bentonville,"Consumer Packaged Goods, Supply Chain, HRtech, AdTech, AgTech, Business Process Automation, Productivity, AI, Machine Learning",,2018,,
The Hood Incubator,http://www.hoodincubator.org,United States,Oakland,Healthcare,"Ebele Ifedigbo, Lanese Martin",2017,,
The Edge Accelerator,https://www.fitci.org/the-edge.html?fbclid=IwAR0OR_GV6ioLOWS4h9pd7Iq4QkvDMOx_8RMhl-ElHi0zgu4CKvDZ-Z0CCo8,United States,Frederick,"AgTech, Agbio, Cleantech, Aquatech, Agriculture",,,,
NYDesigns,http://www.nydesigns.org,United States,Long Island City,Hardware,,2006,,
Build Institute,http://buildinstitute.org/,United States,Detroit,Industry Agnostic,April Jones-Boyle,2012,,
Apples and Oranges Studios,http://nycoc.com/,United States,Orlando,"Entertainment, Art, Theatre",,2013,,
WKU Small Business Accelerator,https://www.wku.edu/accelerator/,United States,Bowling Green,Industry Agnostic,,,,
Riversands Incubation Hub,http://riversandsihub.co.za/,South Africa,Johannesburg,Industry Agnostic,,2014,,
INCmty,http://www.incmty.com,Mexico,Monterrey,Industry Agnostic,,2013,,
THE GAIN,https://thegain.in/,India,Bangalore,"EdTech, Healthcare, FinTech, AgTech, Industry 4.0",B. V. Naidu,2018,,
EduGrowth,http://edugrowth.org.au/,Australia,Pyrmont,EdTech,,2016,,
42Angelitos,http://www.42angelitos.com,United States,Palo Alto,Industry Agnostic,Chris H. Leeb,2011,,
Founders Floor,http://www.FoundersFloor.com,United States,San Jose,Technology,Matt Day,2014,,
Girişim Fabrikası,http://girisimfabrikasi.com,Turkey,Çekmeköy,"Intelligent Transportation, Intelligent Production Systems, Energy, Cleantech, Communication, Digital, Health, Wellness",,2011,,
Energy Hub Ventures,https://www.energyhubventures.com/,Indonesia,Jakarta,Energy,,2020,,
The International Business Accelerator,http://www.iba.io/iba-at-lbcc,United States,Long Beach,"Information Technology, Legaltech, HRtech",,2014,,
Biomimicry Startup Innovation,https://innovation.biomimicry.org/,United States,Missoula,Industry Agnostic,,,,
511 Capital,http://www.511capital.com/,United States,Evanston,"Consumer, Fashion, B2B",Russell Potterfield,,,
Startups House,http://www.startupshouse.com/,Saudi Arabia,Jeddah,Industry Agnostic,"Bader Altheibany, Bahar AlHarbi, Fouad Basyyoni",2017,,
StartHub Miami,http://www.starthubcenters.com/,United States,Miami,Industry Agnostic,,,,
FCJ USA,http://fcjventurebuilder.com/en,United States,Newton,Industry Agnostic,"Cris Madureira, Marcelo Guerra Freitas, Paulo Justino",2021,,
Flywheel: Social Enterprise Hub,http://www.flywheelcincinnati.org/,United States,Cincinnati,Environmental Sustainability,,2011,,
X-Cultural Accelerator,http://www.pandorahub.co/x-cultural-acceleration-bali-vol2,Indonesia,Ubud,"Blockchain, DAO, Web3",,,,
SCALEit,http://www.scaleit.us,United States,Palo Alto,Technology,"Lene Schulze, Søren Therkelsen",2011,,
Zahn Innovation Platform Launchpad,http://ziplaunchpad.sdsu.edu/,United States,San Diego,Industry Agnostic,,,,
Inovativa Brasil,http://www.inovativabrasil.com.br/,Brazil,Brasília,Industry Agnostic,,2013,,
R/GA Connected Commerce Accelerator,http://rgacommerce.com/,United States,San Francisco,"Collaborative Commerce, VR, AR, Inventory Management, Merch, Workforce Management, Analytics, Crm","Nick Coronges, Richard Ting",2016,,
Food Centricity,http://foodcentricity.com/,United States,Los Angeles,Food Industry,Michel Algazi,,,
Cal-X Stars Business Accelerator,https://calxstars.com/,United States,Los Angeles,"Bioelectrics, Biologics, Biotech",Howard Leonhardt,,,
Agawam Partners LLC,http://www.agawampartners.com,United States,New York,"Consumer Software, Gaming, Ecommerce, Advertising, Media, Social, SaaS, Cloud",,2001,,
leAD Lake Nona Sports & Health Academy,https://leadsports.com/lake-nona-accelerator,United States,Orlando,"Sports, HealthTech, Smart Cities",,,,
I4.0 Accelerator,https://www.i40accelerator.com/,United States,Troy,"Manufacturing, Advanced Materials, AI, Big Data, Cloud, Cyber Security, VR, Robotics",,2020,,
City Startup Labs,https://citystartuplabs.com/,United States,Charlotte,"Social Impact, Technology",Henry Rock,2012,,
SmartHealth Activator,https://www.smarthealthactivator.com/,United States,Chicago,"Therapeutics, Biotech",Tom Denison,2014,,
Silicon Couloir,http://siliconcouloir.com,United States,Jackson,Industry Agnostic,,2012,,
Grupo Guayacán,http://www.guayacan.org,Puerto Rico,Guaynabo,EdTech,,1996,,
Desai Accelerator,http://desaiaccelerator.umich.edu/,United States,Ann Arbor,Technology,Katy Lind,2015,,
Founder Academy,http://founderacademy.com/,United States,Sacramento,Industry Agnostic,"Duane Wilson, Katrena Friel",,,
Sustainable Energy Fund,http://www.thesef.org/,United States,Allentown,"Energy, Renewable Energy, Clean Energy",,1999,,
FCJ Sao Paulo - Bridge Brazil,https://www.fcjsaopaulo.com.br/,Brazil,São Paulo,Industry Agnostic,"Marcelo Guerra Freitas, Paulo Justino",2018,,
PandemicTech,https://www.pandemictech.com/,United States,Austin,"Tealthcare Technology, HealthTech, Life Sciences","Andrew Nerlinger, Lisa McDonald",2016,,
Asia Commerce,http://ac-limited.com/,Japan,Nishi-Shinagawa,Technology,,2001,,
APPlife Digital Solutions,http://www.applifedigital.com/,United States,San Francisco,Technology,,,,
ThINCubator,http://thincubator.co,United States,Utica,Industry Agnostic,,,,
Fuse42 SDG Accelerator,https://www.fuse42.ca,Canada,Vegreville,Industry Agnostic,"Colin Christensen, Travis Dahl",2019,,
Cube Incubation,http://cubeincubation.com,Turkey,Istanbul,Technology,,2014,,
MINT Incubator,https://mint-incubator.com/,Egypt,Gîza,Industry Agnostic,,,,
Creative Hq,http://www.ventureup.co.nz/,New Zealand,Wellington,Industry Agnostic,,,,
Teqspring,http://www.teqspring.com/,United States,Las Vegas,Software,,,,
Project Entrepreneur,http://projectentrepreneur.org,United States,New York,"Women, Industry Agnostic",Jennifer Fleiss,2015,,
Velocity Creative Accelerator,https://velocity.ccetriad.com/,United States,Winston Salem,Industry Agnostic,,,,
Portland State University Business Accelerator,http://www.pdx.edu/accelerator,United States,Portland,"Biotech, Bioscience, Greentech",,2004,,
The Design Accelerator,http://www.artcenter.edu/academics/accelerator.html,United States,Pasadena,Industry Agnostic,,,,
FashionTech Constortium,http://www.fashiontechco.com/,United States,New York,"Retail, Fashion",Michael Reidbord,2017,,
Ideas Factory,http://www.ideasfactory.la/,Argentina,Buenos Aires,Industry Agnostic,Tomás Costanzo,2015,,
Quintessa,https://www.quintessa.org.br/,Brazil,Pinheiros,Industry Agnostic,,2009,,
The Business Incubator Center,http://gjincubator.org/,United States,Grand Junction,Industry Agnostic,,1987,,
Hannah Grimes Center,http://hannahgrimes.com/,United States,Keene,Industry Agnostic,Mary Ann Kristiansen,1998,,
CreativeStar,http://cssinco.com/,United States,Waltham,"Healthcare, Education, Manufacturing, Retail, Hospitality","Dan Xiao, Steven Gao",2013,,
B-Start,http://www.b-start.org/,United States,Bloomington,Industry Agnostic,,,,
Elevate Blue,http://elevate.blue,United States,Incline Village,Technology,Jameson Stafford,2015,,
Microdel,http://www.microdel.co.il,Israel,Tel Aviv,"Oceantech, Consumer, Medical Tech",,,,
Supera Parque de Inovação e Tecnologia,http://en.superaparque.com.br/,Brazil,Ribeirão Prêto,"Information Technology, Medical, Hospital, Odontological Equipment, Chemistry, Biotech, Farm Pharmaceutical, Automation, Cosmetics, AgTech","Adilton Carneiro, Luciana Maria Souza, Osvaldo de Freitas",2001,,
HSEVEN,https://www.hseven.co/,Morocco,Casablanca,"AgTech, MedTech, Smart Mobility, Greentech",,2017,,
Center for Entrepreneurial Innovation,http://www.ceigateway.com,United States,Phoenix,"Technology, Biotech, Medical Device, Sustainability",,2011,,
New Brave World,http://www.newbraveworld.com/,United States,New York,Technology,,2014,,
Boston Landing,http://www.bostonlanding.us/index.php,United States,West Newton,"Biotech, Pharmaceutical, Life Sciences, Cleantech, High Tech, Aerospace, Marine",,2010,,
Entrepreneurship Lab NYC,http://elabnyc.com,United States,New York,"Biotech, HealthTech",,2012,,
Jones and Foster Accelerator,https://foster.uw.edu/centers/buerk-ctr-entrepreneurship/jones-foster-accelerator-program/,United States,Seattle,Industry Agnostic,,,,
Vibrant Pittsburgh Connection Accelerator,http://www.vibrantpittsburgh.org/Module/Initiative/Detail/ConnectionAccelerator?id=6,United States,Pittsburgh,"Energy, Healthcare, Life Sciences, Information Technology, Communications",,,,
Braintree Business Development Center,http://www.braintreepartners.org,United States,Mansfield,Technology,,1987,,
Beeleev,https://www.beeleev.com/,United States,New York,Industry Agnostic,,2013,,
StartR,https://rady.ucsd.edu/centers/ciid/startr/accelerators/impact/,United States,San Diego,Industry Agnostic,Lada Rasochova,2013,,
Flagship Accelerator Program,http://www.flagshipenterprise.org/,United States,Anderson,Industry Agnostic,,,,
Mila Venture Group,http://www.milaventuregroup.com/,United States,Cerritos,Industry Agnostic,,2012,,
Greatness Collective,https://www.greatnesscollective.com,United States,Solana Beach,Industry Agnostic,"Michael Sh, Mike Sherbakov",,,
Equitin Partners,https://equitin.pl/,Cyprus,Nicosia,"Education, Services, Healthcare, Consumer Product, Consumer Services","Erik Hallgren, Maciej Gorski, Piotr Kulikowski",2016,,
Columbia Entrepreneur's Organization,http://www.cbsceo.com/,United States,New York,Industry Agnostic,,,,
ChehalemVIA,http://chehalemvia.com/,United States,Newberg,"Manufacturing, AgTech Medical, Dental Tech",,,,
Greenwings Biomedical,http://greenwingsbiomedical.com,United States,Pacific Palisades,"Biomedical Devices, HealthTech",,2010,,
Remarkable,https://remarkable.org.au/,Australia,Sydney,"Assistivetech, HealthTech",,2016,,
Commax Venturus,https://iventurus.com/,South Korea,Yeoksamdong,"Internet, Smart Home Tech, AI",,2017,,
The Harbor Accelerator,http://www.harborec.com/,United States,Mount Pleasant,Industry Agnostic,"John Osborne, Patrick Bryant",,,
Icon Accelerator,http://icon.slingshotters.com/icon-accelerator/,Australia,Sydney,"Technology, Software, Hardware",,,,
Eklos,http://eklos.com.ar/,Argentina,Buenos Aires,"Industry 4.0, Software, Technology",,,,
Buldozer,https://buldozer.koczer.com/,Turkey,Istanbul,"Big Data, Analytics, IoT, Smart Logistics, Mobile Tech, Machine Learning, AI",,,,
LimeHK,https://www.limehk.co/,Hong Kong,Wan Chai,Technology,,2017,,
Merck China Accelerator,https://innovationcenter.merckgroup.com/get-involved/accelerator/china-program/,China,Shanghai,"Healthcare, Life Science, Electronics, AI Health, Organoids, Bioelectronics, Clean Meat, Neuromorphic Systems",,,,
Mbanq Labs,https://labs.mbanq.io/,Singapore,Singapore,FinTech,,2018,,
ACE Aceleratech,https://acestartups.com.br/,Trinidad And Tobago,Brazil,Industry Agnostic,,2012,,
Entrepreneurship and Product Innovation Center,http://epic.aua.am,Armenia,Yerevan,Industry Agnostic,,2016,,
Singularity University's Startup Lab,https://su.org/su-labs/,United States,Moffett Field,"Education, Virtual Learning, EdTech",,2009,,
Oxigênio Aceleradora,https://oxigenioaceleradora.com.br/,Brazil,São Paulo,"Data, Device Wearables, Data Integration",,,,
AeroInnovate,http://www.aeroinnovate.org/,United States,Oshkosh,"Aviation, Aerospace",,,,
Mission Investors Exchange,https://www.missioninvestors.org/,United States,Seattle,"Social Impact, Environment",,,,
Incub8 Ventures LLC,https://www.incub8.vc/,United States,San Jose,Technology,USS Uppuluri,2020,,
VentureStudio,http://www.venturestudio.in,India,Ahmedabad,"Healthcare, Biotech, Life Sciences, Medical Devices, Diagnostics, Engineering, Industry 4.0, DeepTech",,,,
Aceleradora Sodimac Corona,https://www.aceleradorasodimacorona.com/,Colombia,Medellín,"Georeference, Circular Economy, Smart Home, Packaging",,,,
Tokyu Accelerate Program,https://tokyu-ap.com/,Japan,Tokyo,"Real Estate, Transportation, Infrastructure, Retail, ICT, Media, Life Services, Hotels",,,,
Launch SA,http://launchsa.org/,United States,San Antonio,Industry Agnostic,,2014,,
Startup Baja,http://www.startupbaja.com,Mexico,Ensenada,Industry Agnostic,,2014,,
Public Incubator,https://www.publicincubator.com/,Canada,Toronto,Industry Agnostic,"Ratna Chourasia, Sanjiv Chourasia",2019,,
Bay Area Entrepreneur Center,http://skylinebaec.org/,United States,San Bruno,Industry Agnostic,,2014,,
Genesis,https://www.sydney.edu.au/business/study/student-experience/sydney-genesis.html,Australia,Sydney,Industry Agnostic,,2008,,
Tronxin accelerator,https://www.txa.com.tw,Taiwan,Taipei,Industry Agnostic,,,,
Tauzin Consultants,http://www.tauzinconsultants.com/,United States,Washington,"Healthcare, Energy, Environment, Telecommunications, Transportation, Infrastructure Development",Billy Tauzin,2010,,
The Institute for Entrepreneurial Leadership,http://www.ifelnj.org/,United States,Newark,Industry Agnostic,,,,
Stonecast Ventures,http://www.stonecast-vc.com,United States,Indianapolis,"Technology, SaaS, Consumer Apps",,2013,,
Clemson Venture Accelerator,http://www.clemson.edu/centers-institutes/spiro/service/accelerator.html,United States,Clemson,Industry Agnostic,,,,
The Market Accelerator,http://www.themarketaccelerator.com,United States,Portsmouth,Industry Agnostic,,2010,,
BioStartup Lab,http://biostartuplab.org.br/en/home/,Brazil,Belo Horizonte,"Life Sciences, Biotech",,,,
ONABEN,http://www.onaben.org/,United States,Portland,Industry Agnostic,,1991,,
Cybersecurity Accelerator Program,https://www.indiaaccelerator.co/accelerator/cyber-security/,India,Gurgaon,"FinTech, Mobile Security, IoT Security",Ashish Bhatia,,,
NU Techspace,http://nutechspace.com/,Egypt,Gîza,"Banking, Retail, Insurance, Corporate Apps, AI, High Tech",,2017,,
25m Health,https://www.25madison.com/health,United States,New York,"SaaS, FinTech, HealthTech",Christopher Altchek,2018,,
IgniteU NY,https://www.igniteuny.com,United States,Troy,"Gaming, AgTech, Food, Retail, Social Media","Michael Walsh, Michele Salisbury, Richard Lin",2015,,
Inno101,http://inno101.com/,Egypt,Alexandria,Technology,"Ahmed Ramadan, Mohamed Mosaad, Mohamed Rady",2012,,
Arise,http://ztmbpd.iari.res.in/?q=content/arise,India,New Delhi,"Agriculture, AgTech",,,,
Church & State,http://www.cs1893.com/,United States,Salt Lake City,Industry -Agnostic,,2014,,
Plinth,http://www.plinthagency.com/,United States,San Francisco,Industry Agnostic,,2014,,
Smashing,http://smashing.com/,United States,San Francisco,"VR, AR, AI, 360 Video, Metaverse, 3D Printing, Drones",,,,
2019 Fintech Accelerator Programme,https://fintechhive.difc.ae/programmes/2019-fintech-accelerator-programme,United Arab Emirates,Dubai,"FinTech, InsurTech, Regtech",,,,
Innovators Program,http://innovatorsprogram.co/,United States,Raleigh,Industry Agnostic,,2014,,
Girl Effect Accelerator,http://girleffectaccelerator.com/,United States,San Francisco,"Education, Womens Healthcare, Energy, Education Apps, Eco Fuel, Greentech",,,,
Seminole Technology Business Incubation Center,http://www.seminoleinc.com,United States,Sanford,"Technology,",,,,
SparkLabs Frontier-ASU,http://www.sparklabsfrontierasu.com/,United States,Scottsdale,Industry Agnostic,,,,
The Works,http://knoxec.com/what-we-do/programs/the-works/,United States,Knoxville,"Software, Hardware",Jonathan Sexton,2014,,
The Transportation Lab - Comet Labs,http://cometlabs.io/transportation-lab,United States,San Francisco,"AI, Robotics",,2017,,
Tie ScaleUP,http://tiescaleup.org/,United States,Cambridge,Industry Agnostic,,,,
Yaroka Technologies,http://www.yarokatechnologies.com/,Canada,Montréal,Climate Tech,,,,
Porteghal Accelerator,https://porteghal.org/,Iran,Tehran,"Biological Sciences, Technology",,2018,,
Boston University Venture Accelerator,http://sites.bu.edu/buva/,United States,Boston,Industry Agnostic,"Carlos Salazar, Eduardo Coronado, Gabriel De Selding, Laurens N. Spethmann",2012,,
Technology and Action for Rural Advancement,http://tara.in,India,Tikamgarh,"Renewable Energy, Water Management, Sustainable Agriculture, Waste Management, Recycling",,,,
Enterprise Institute,http://www.sdei.org,United States,Brookings,Technology,,2001,,
MassChallenge HealthTech,https://masschallenge.org/programs-healthtech,United States,Boston,HealthTech,,,,
Montgomery County Innovation Network,http://www.mcinnovationnetwork.com,United States,Rockville,"Technology, Cyber Security, Life Sciences",,,,
Mauritius Startup Incubator,http://www.mauritius-startup-incubator.com/,Mauritius,Quatre Bornes,"Smart City, Information Technology, Tourism, Real Estate, FinTech",Nicolas Goldstein,2016,,
Red Diamond Fund,http://rediamond.tilda.ws/page6270217.html,Mexico,Panamá,FinTech,Kiku Reise,2019,,
The BRIC,http://thebrichouse.strikingly.com/,United States,Boca Raton,Technology,"John Kemp, Ryan Teixeira",,,
Hartford Lab LLC,https://www.hartfordlab.com,United States,New York,Technology,Andrew Hartford,2012,,
B@LABS,http://www.biatlabs.com/en/home/,Tunisia,Tunis,Industry Agnostic,,,,
Mirai Lab,https://mirailab.in/,Japan,Miyazaki,Industry Agnostic,,2018,,
HCDC's Business Center,http://www.hcdc.com/incubation/,United States,Cincinnati,Industry Agnostic,,1989,,
Startup Ottawa,http://www.startupottawa.ca/,Canada,Ottawa,Industry Agnostic,,,,
UConn TIP,https://tip.uconn.edu/,United States,Farmington,Industry Agnostic,,,,
Relatively Fund,https://relativelyfund.com,Jordan,Amman,"FoodTech, Ecommerce, SaaS, Mobile, Wearables, Travel, Hospitality, AI, Supply Chain, Logistics, Marketplaces, Cloud",Mohd Santarissy,2017,,
Startup360,https://startup360.in,India,Bangalore,"Retail, Education, Future of Work, Healthcare",Ashok Gangadharan,2018,,
INC39,http://www.inc39.com,United States,New York,"Telecommunications, Mobile, IoT, Crypto, Blockchain, Healthcare",Kent S. Charugundla,2013,,
Target Takeoff,https://targetaccelerators.com/programs/takeoff/,United States,Minneapolis,"Baby, Toddler, Food, Beverage, Health, Personal Care, Household Essentials, Pets",,,,
Singularity Angels,http://singularityangels.org,United States,Mountain View,"Robotics, AI, Computation, HealthTech",,,,
Design Accelerator,http://www.daccel.com/,United States,Santa Clara,Designtech,,2012,,
GreaterBayX,http://greaterbayx.co/,Hong Kong,Hong Kong,Urbantech,,2018,,
FINTEC GLOBAL BHD,http://www.fintec.global,Malaysia,Selangor,"Healthcare, Agriculture, Financial Services",,2007,,
The Warehouse Business Accelerator,http://www.warehouseinnovation.com,United States,Loveland,"Industrial Manufacturing, Technology",,2013,,
Innoventure,http://box5656.temp.domains/~innoven8,China,Shanghai,Medical Device,,,,
Moderne Passport,http://www.moderneventures.com/passport/,United States,Chicago,Industry Agnostic,Constance Freedman,,,
BootstrapAccelerator Asia,http://bootstrapaccelerator.com,Malaysia,Kuala Lumpur,"AI, Future of Work, Mobility, Health, Financial Infrastructure, Digital Infrastructure, Climate, Energy",,2013,,
GESR,https://gesr.net,Egypt,Cairo,"Water, Energy, Food, Agriculture, Health, Education, AI, IoT",,2013,,
hotDesks,http://hotdesks.org/,United States,Salisbury,Agriculture,,2004,,
CoLauncher,http://colauncher.com/,United States,Austin,Industry Agnostic,Josh Bolinger,2015,,
Young Entrepreneurs Initiative,http://www.yeifrance.com,United States,Cambridge,Science,,2005,,
StartInno Ventures,https://www.startinno.com,Australia,Byron Bay,"Social Impact, Sustainability, Cleantech",Dan Swan,2014,,
Founders Space China,https://www.foundersspace.com/,China,Shanghai,Industry Agnostic,,,,
Grafana Accelerator Program,https://grafana.com/go/grafana-accelerator-program/,United States,New York,Technology,,,,
Mess Hall,http://messhalldc.com/,United States,Washington,"Food, Beverage",,2014,,
INC.spire Education Foundation,http://www.restonchamber.org/incspire,United States,Reston,Industry Agnostic,,1982,,
SRCkode,http://www.srckode.com/,Canada,Vancouver,Technology,,2017,,
Armenia Startup Academy,https://www.startupacademy.am/,Armenia,Yerevan,Industry Agnostic,,2017,,
Barelli Brothers,http://barellibrothers.com/,United States,New York,"Real Estate, Social Network, SaaS, Online Education, Lottery, Social Crowd Game, Dating, Ecommerce",,,,
The Field Academy,https://www.ideatoscale.com/food,United States,New York,"FoodTech, AgTech",,,,
Startup Growth Advisors,http://startupgrowthadvisors.com/,United States,Carefree,"AI, IoT, SaaS, Marketplace, Media, Martech, FinTech, Blockchain, Cleantech, FoodTech, Sportstech, AdTech",Andrew Bart,2016,,
Accelerator for Clean Technologies,http://actglobal.pr,United States,Puerto Rico,"Technology, FinTech",,2006,,
ACTION,http://actionnewengland.org/,United States,Fall River,Technology,,2011,,
nuvEGE Incubation Center,https://www.nuvege.org/homepage,Turkey,Izmir,"Life Science, Hardware",Beyza Baran,,,
SV In.Fusion,http://www.svinfusion.com/,United States,San Francisco,AI,,2013,,
Startup Lab MX,http://www.startuplab.mx/#incubator,Mexico,Potosi,Industry Agnostic,"Ana Greta Ibañez, Eduardo Calvillo Gamez, Pedro Martinez-Estrada",2012,,
OneKC for Women,http://www.onekcforwomen.com,United States,Kansas City,Industry Agnostic,,,,
CalCharge,http://www.calcharge.org/,United States,San Francisco,"FinTech, Energy Technology, Industrial, Agriculture, Water, Renewable Energy, Transportation",,2013,,
Startup Accelerator Chamber of Commerce,http://www.saccindia.org/,India,Mohali,Industry Agnostic,Sumeer Walia,,,
Hen House Ventures,http://www.hen-house.com,United States,Salt Lake City,Technology,Tara Spalding,2012,,
Canada India Accelerator Program,https://carleton.ca/ciap/,Canada,Ottawa,"Women, Technology",,,,
RIHub,https://rihub.org/,United States,Providence,"FinTech, Healthcare, Wellness, Clean Energy, Blue Energy, Retail, Communications, Food, Beverage, Business Operations, Customer Experience",Gina Raimondo,2019,,
TotalStart,http://www.totalstart.org,India,Kolkata,DeepTech,,2012,,
Virtual Tank Global,https://www.virtualtankglobal.com,United States,New York,Industry Agnostic,,,,
Ignite Northwest,http://www.ignitenorthwest.com/,United States,Spokane,Industry Agnostic,,2014,,
The Iterative Collective,https://theiterative.co/,Singapore,Singapore,Game Development,,2019,,
AmazonasCap,http://www.amazonascap.com,Brazil,São Paulo,Industry Agnostic,"Bernardo Castello Branco, Borja Zaldivar, Hiran Castello Branco",2015,,
DUhatch,https://foundry.duke.edu/people/duhatch,United States,Durham,Technology,,,,
GiveBackHack,https://givebackhack.com/,United States,Columbus,Social Impact,,2014,,
Eitesal,http://www.eitesal.org/,Egypt,Heliopolis,Information Technology,,1997,,
Saint Louis Fashion Fund,https://www.saintlouisfashionfund.org/,United States,St Louis,Fashion,,,,
Sparkgap,http://thesparkgap.com,United States,Memphis,Logistics Technology,,,,
Kiwibank Fintech Accelerator,https://nzfintech.kiwi/,New Zealand,Wellington,FinTech,,,,
Start:ME Evanston,https://www.xavier.edu/startme/,United States,Cincinnati,Industry Agnostic,,,,
WSU Launch Pad Accelerator,https://launchpadlive.com.au/,Australia,Sydney,Technology,,,,
Nerdcube,http://www.nerdcube.club/,Puerto Rico,San Juan,Technology,Ernesto Corona,2015,,
Waves,http://waves.vc/,Peru,Lima,Technology,Alvaro Zarate,2014,,
Runway Geelong,http://runwaygeelong.com.au/,Australia,Melbourne,Industry Agnostic,Nick Stanley,,,
Giving Tech Labs Public Interest Fund I,https://giving.tech,United States,Seattle,Technology,"Luis J. Salazar, Shelly Cano Kurtz",2017,,
Babson Summer Venture Program,http://www.babson.edu/academics/centers/blank-center/venture-accelerator/summer-venture-program/pages/summer-venture-program.aspx,United States,Wellesley,Industry Agnostic,,,,
OJAS MedTech Accelerator,https://cie.iiit.ac.in/ojas-medtech/,India,Hyderabad,"MedTech, Life Sciences, Biotech, Diagnostics, Wellness, Medical Devices",,,,
InnovandoPY,http://www.innovando.gov.py/,Paraguay,Asunción,Industry Agnostic,,,,
Open Network Lab Resi-Tech,https://onlab.jp/en/programs/program-resitech-2nd/,Japan,Tokyo,"Generative AI, FinTech, Digital, Climate Change",,,,
Cietec,http://www.cietec.org.br,Brazil,São Paulo,Technology,,1998,,
DFW Excellerator,http://www.dfwexcellerator.com/,United States,Dallas,"Big Data, Semiconductors, IoT, Consumer Goods",Jason Liu,2014,,
Launch Delta Home Services Accelerator,http://neverstop.co/launch-delta/,United States,Memphis,Technology,Eric Mathews,,,
Moken Programs,http://mokenstartups.com/,Canada,Vancouver,"Innovation, Data, Energy, Agriculture, Real Estate, Technology","Kendra Garagan, Mohamed Ibshara",2019,,
New Ventures Accelerator,https://www.newventuresnc.com/,United States,Winston Salem,"Health, Wellness, Nutrition, AgTech, B2B Software",,,,
SAP.iO Foundry San Francisco,https://sap.io/foundry-sf/,United States,San Francisco,"Aerospace, Defence, Agriculture, Automotive, Chemicals, Consumer Product, Defense, Security, Fashion, Healthcare, HealthTech, Life Science, Entertainment, Hospitality",,,,
Mentor Capital Network,http://mentorcapitalnet.org,United States,Washington,Industry Agnostic,,2002,,
The Impact Accelerator,https://www.impact-australia.com/accelerator,Australia,Sydney,Industry Agnostic,,2019,,
3IE,http://www.3ie.usm.cl,Chile,Valparaiso,Technology,,2001,,
Babson College Women Innovating Now,http://www.babson.edu/Academics/centers/cwel/educational-programs/win-lab/Pages/home.aspx,United States,Miami,Industry Agnostic,,2016,,
Boomtown Boulder Tech Accelerator,https://boomtownaccelerators.com/accelerators/boulder/,United States,Boulder,"HealthTech, Hardware, Technology",,,,
5Desire,http://5desire.com/,Vietnam,Ho Chi Minh City,"FinTech, EdTech, Proptech, HealthTech, HRtech, Ecommerce, B2B, SaaS, Logistics, AgTech, Mobile Applications",Nguyen Pham,2011,,
Startup Accelerator India Pvt Ltd,http://www.startupacceleratorindia.in,India,Vishakhapatnam,"HealthTech, EdTech, IoT, AgTech",,2015,,
COM.UNITY Project,http://www.com-unity.in/,Israel,Herzliya,Social Tech,"Assaf Elovic, David Saidon",2014,,
Trade and Travel,https://dcode.co/tradeandtravel-powerweek/,United States,Washington,Technology,,,,
The Culinary Accelerator,https://theculinaryaccelerator.com/,United States,Immokalee,FoodTech,,2017,,
MetroConnect San Diego,http://www.sandiegobusiness.org/wtcsd/metroconnect,United States,San Diego,"Life Sciences, Strategic Technology, Consumer Goods",,,,
FintechAccel,https://fintechaccelcu.com/,United States,Orlando,FinTech,,,,
NEXT,https://nextventurecorp.com/,Nepal,Kathmandu,Industry Agnostic,,,,
DIGITAL MEDIAx,http://www.ideavillage.org/pages/detail/182/digital-mediax,United States,New Orleans,Technology,,,,
InNEVator,https://renoinnevator.com/,United States,Reno,"Women, Technology",,2017,,
KiiLN,http://kiiln.org/,United States,New York,"Life Sciences, Biomedical","Gabriella Casalena, Ilse Daehn",,,
Branson Centre of Entrepreneurship Caribbean,https://bransoncentre.co/,Jamaica,Kingston,"Bio-Chemicals, Agriculture, Education, Entertainment, Fashion, Food, Beverage, Healthcare, Hospitality, Publishing, Waste Management",,,,
PVC Partners,http://pvcpartners.com/,India,New Delhi,Industry Agnostic,,,,
Oglit,http://oglit.com,Colombia,Medellín,Industry Agnostic,Daniel Enrique Ramirez,2013,,
UNSW Founders,https://www.founders.unsw.edu.au/,Australia,Sydney,Industry Agnostic,,,,
3i Zone,https://3izone.com/,India,Mumbai,Technology,,2018,,
SIGMA Accelerator,http://zinnov.com/sigma-accelerator/,India,Bangalore,"Healthcare, Cleantech, Smart Agriculture, Sanitation, Education",,,,
Sports Tech Acceleration Program,https://www.f6s.com/sportstechprogram/about,India,Mumbai,Sports,,,,
Starfleet India,https://aeternitystarfleet.com/,India,Bangalore,Blockchain,,,,
ASCENT Scaling-up Enterprises,http://www.ascentfoundation.in,India,Mumbai,Industry Agnostic,Harsh Mariwala,2012,,
TEC Garage,http://www.tecgarage.org/,United States,St. Petersburg,Technology,,2014,,
Goldstein Business Accelerator,http://goldsteinaccelerator.com/,United States,Oviedo,Industry Agnostic,,2015,,
AgilMentor,http://www.agilmentor.com/,Argentina,Mendoza,Industry Agnostic,"M. Belen Fernandez, Paula Aldeco",2016,,
Planet Hatch,http://www.planethatch.com,Canada,Fredericton,Industry Agnostic,,2013,,
Creatribe,http://creatribe.com.ar/,Argentina,La Plata,"Mobility, EdTech, Sports",,2018,,
Georgetown Summer Launch Program,http://startuphoyas.com,United States,Washington,Industry Agnostic,,2012,,
Codetrotters,http://www.codetrotters.com/academy?section=overview,Puerto Rico,San Juan,"Coding, E-Learning",Sofia Stolberg,2015,,
InBoundLA,https://www.iba.io/inboundla,United States,Los Angeles,Industry Agnostic,,,,
AIM Innovation Hub,https://aim.edu.au/about/ihub/,Australia,Sydney,Music Tech,,,,
Lion Unleashed,http://unleashed.lionco.com/,Australia,Sydney,"Food, Beverages",,,,
Alphalab Gear - Hardware Cup,https://alphalabgear.org/hardwarecup/,United States,Pittsburgh,Hardware,,,,
BLOSSOM ACCELERATOR,https://blossomaccelerator.wixsite.com/blossomaccelerator,Mexico,Mexico City,"Healthcare, VR, AI, AR, IoT",,2018,,
VentureOut Future of Work,https://ventureoutny.com/programs/future-of-work/,United States,New York,"AI, Blockchain, Consumer Insights, Cyber Security, EdTech, Enterprise, FinTech, Future of Work, HealthTech, Marketing Tech, New Media, RetailTech, Urbantech",Brian Frumberg,,,
Baiada Institute,http://www.drexel.edu/baiada,United States,Philadelphia,Industry Agnostic,,2001,,
NEOS Incubation and Acceleration,http://neos.utmetropolitana.edu.mx/,Chile,Santiago,Financial Services,,,,
EnergyLab Accelerator Sydney,https://www.energylab.org.au/acceleration,Australia,Sydney,Climate Tech,,,,
IdeaGist Artificial Intelligence Accelerator,https://ai.ideagist.com/,United States,Minneapolis,AI,,,,
Seafood For Good Accelerator Program,https://opportunities.startsomegood.com/seafoodforgood/,Australia,Sydney,Sustainable Seafood,,,,
Leebow Partners,http://www.leebowpartners.com/,United States,New York,Industry Agnostic,,2013,,
Revitalize Venture Studio,https://www.revitalizeventures.com/,United States,Oakland,SaaS,"Andre Forde, Clarence Wooten",2019,,
IMPACT Lab,http://www.impactlab.africa/en/,Morocco,Casablanca,Technology,,2014,,
SAP.iO Foundry New York,http://sap.io/foundry-nyc,United States,New York,"Energy, Natural Resources, Consumer Industries, Public Services, Service Industries",,2018,,
USF Seed Capital Accelerator,http://www.usf.edu/research-innovation/rf/usf-connect/funding-available/start-up-funding.aspx,United States,Tampa,Industry Agnostic,,,,
Acción Emprendedora,http://www.accionemprendedora.org/,Chile,Santiago,Industry Agnostic,,2002,,
Shinhan Future's Lab,https://www.futureslab.kr/service/about/futureslabEnMain,South Korea,Seoul,"FinTech, Proptech",,,,
doingLABS,http://doinglabs.ubp.edu.ar/,Argentina,Córdoba,Technology,,2013,,
The Venture Center Spark,https://www.venturecenter.co/spark,United States,Little Rock,FinTech,,,,
EmprendeLatino Tech Accelerator,https://www.emprendelatino.co/,United States,Albuquerque,Technology,,2017,,
EO Portland,http://eopdx.org/,United States,Portland,Industry Agnostic,,,,
BİGG Hızlandırma Programı,http://girisimfabrikasi.com/bigg/,Turkey,Istanbul,"Intelligent Transportation, Energy, Cleantech, Communication, Digital Transformation, Health, Wellness",,,,
Impact Startup Visa Accelerator 10/2020,https://spring.is/programs/impact-startup-visa-program-canada,Canada,Vancouver,Industry Agnostic,,,,
Inova Unicamp,http://en.inova.unicamp.br/,Brazil,Campinas,Technology,,2003,,
SQUARE1 Minority Velocity,https://ideastartgrow.com/,United States,Cincinnati,Industry Agnostic,,,,
TAQADAM,https://taqadam.kaust.edu.sa/,Saudi Arabia,Thuwal,"Mobility, Digital, Energy, FinTech, Logistics, Cyber Security, Water, Health",,2016,,
Plug and Play Enterprise 2.0,https://www.plugandplaytechcenter.com/enterprise/,United States,Sunnyvale,"Big Data, AI, Infrastructure, Information Technology, Future of Work, Customer Engagement, Cyber Security",,,,
Xelerate Accelerator,https://www.srix.in/Xelerate/index.php,India,Warangal,"IoT, AI, VR, AR, Data Analytics, Agriculture, Healthcare",,,,
Domi Ventures,http://www.domistation.com/,United States,Tallahassee,Industry Agnostic,John Vecchio,2013,,
IDEA,https://www.northeastern.edu/idea/,United States,Boston,Industry Agnostic,,2009,,
Socratus Startup Studio,https://www.socratus.mn/,Mongolia,Ulaanbaatar,Industry Agnostic,,2018,,