"1,000 Venture Capital Firms",,,,,,,,,,,,,,
,,,,,,,,,,,,,,
,VC Firm,Website,Countries,Cities,Industries,Stages,Founded Year,Name of Founders,# of Investments,# of Exits,Min Check Size,Max Check Size,Funds Raised,Contact Information
,.406 Ventures,https://www.406ventures.com/,USA,Boston,"Cybersecurity, Cloud, Health & Wellness",Series A,2005,"Liam Donohue, Maria Cirino",60,32,"$2,000,000","$5,000,000","$1,000,000,000",contact@406ventures.com
,3one4 Capital,https://www.3one4capital.com/,India,Bangalore,"Enterprise, SaaS, Consumer, Fintech, AI & ML","Early Stage, Seed, Series A",2016,"Pranav Pai, Siddarth Pai",171,15,,,"$1,340,000,000",
,3TS Capital Partners,https://3tscapital.com,Finland,Helsinki,"Hardware, Internet & Mobile, E-Commerce, Consumer, Healthcare, SaaS","Early Stage, Late Stage",1998,Pekka Mäki,52,17,"€300,000","€10,000,000","€447,400,000",info@3tscapital.com
,4Di,https://www.4dicapital.com/,South Africa,Cape Town,"InsurTech, Fintech, Healthcare","Seed, Early Stage",2009,Justin Stanford,38,12,,,"$27,000,000",info@4dicapital.com
,4Founders Capital,https://4founderscapital.com,Spain,Barcelona,"Fintech, SaaS, Travel & Hospitality, Crypto & Blockchain, Gaming, Education, Climate & Sustainability, Entertainment, Marketplace","Pre-Seed, Seed, Series A",2017,Javier Perez-Tenessa,65,9,"€100,000","€4,000,000","€62,000,000",info@4founderscapital.com
,5AM Ventures,https://5amventures.com,USA,"Boston, San Francisco","Life Sciences, Healthcare, Biotech",Early Stage,2002,John Diekman,212,75,,,"$2,200,000,000",+1 (415)-993-8570
,7 Percent Ventures,http://7pc.co/,"United Kingdom, USA","London, San Francisco","AI & ML, AR & VR, Robotics, Crypto & Blockchain, Aerospace & Space, SaaS, Marketplace, Fintech, Manufacturing, Healthcare, Deep Tech & Hard Science","Seed, Series A, Pre-Seed, Early Stage",2014,Andrew J Scott,119,23,,"$500,000","$44,300,000",
,8VC,https://www.8vc.com/,USA,"Austin, San Francisco","Healthcare, Biotech, Consumer, Enterprise, Supply Chain & Logistics, Government Technology, Life Sciences, Manufacturing, Fintech","Seed, Early Stage, Late Stage",2012,Drew Oetting,424,42,,,"$425,000,000",
,9.5 Ventures,https://www.ninepointfive.vc/,Belgium,Antwerp,"SaaS, Food & Beverage, Entertainment, DTC","Early Stage, Seed, Series A",2019,"Paul Emmerick, Pieter Van De Velde",6,,"€500,000","€7,500,000","€34,000,000",hello@ninepointfive.vc
,11 Tribes Ventures,https://11tribes.vc,USA,Chicago,"SaaS, Cloud, Productivity, AI & ML, Cybersecurity, Sports",Seed,2020,Mark Phillips,17,,,,,
,11 Ventures,https://www.11.vc/,Bulgaria,Sofia,"Fintech, Healthcare, Future of Work, Food & Beverage, E-Commerce",Early Stage,2012,"Daniel Tomov, Dilyan Dimitrov, Ivaylo Simov, Jon Bradford",150,4,"€250,000","€1,000,000","€300,000,000",eleven@11.me
,14W,http://www.14w.com/,USA,New York,"Media, E-Commerce, Consumer, Health & Wellness, Marketplace, Internet & Mobile",Seed,2010,Alex Zubillaga,77,16,,,"$30,000,000",info@14w.com
,70V,https://www.70v.com/,Lithuania,Vilnius,"SaaS, Marketplace, Enterprise","Seed, Pre-Seed",2018,"Per Møller, Gytenis Galkis, Jean-Baptiste Daguene",54,2,,,,hello@70v.com
,100X VC,https://www.100x.vc/,India,Mumbai,"Agriculture, Enterprise, Consumer, Climate & Sustainability, Creator Economy, Deep Tech & Hard Science, E-Commerce, Education, Fintech, Food & Beverage, Gaming, Hardware, Healthcare, Human Resources, Supply Chain & Logistics, Marketplace, Marketing, SaaS, Social, Crypto & Blockchain","Pre-Seed, Seed",2019,"Sanjay Mehta, Yagnesh Sanghrajka",80,2,"₹12,500,000",,"₹5,000,000,000",pitch@100x.vc
,137 Ventures,https://137ventures.com/,USA,San Francisco,"Consumer, Marketplace, SaaS, Enterprise","Seed, Early Stage, Late Stage, Series A",2011,Justin Fishner-Wolfson,63,32,"$10,000,000","$20,000,000","$350,000,000",info@137ventures.com
,138 Pyramids,https://138pyramids.com/,Egypt,Giza,"Food & Beverage, DTC, SaaS",Early Stage,2015,Seif Eldin Awni,9,2,,,,info@138pyramids.com
,212,https://212.vc/,"Luxembourg, Qatar, Turkey, USA","Doha, Luxembourg, Arnavutköy, San Francisco","SaaS, Marketplace, IoT, Climate & Sustainability, DTC","Seed, Late Stage",2011,"Numan Numan, Ali Karabey",41,11,,,"€80,000,000",
,360 Capital Partners,https://www.360cap.vc/,"France, Italy","Paris, Milan","AI & ML, Robotics, Deep Tech & Hard Science, SaaS, Enterprise, Marketplace, Consumer","Early Stage, Pre-Seed, Seed, Series A, Series B",1997,Fausto Boni,79,33,"€150,000","€2,000,000","€400,000,000",info@360cap.vc
,500 Startups,https://500.co/,"USA, India, United Kingdom, Brazil, France, Hong Kong, Singapore, United Arab Emirates, Azerbaijan, Egypt, Bahrain, Saudi Arabia, Thailand, China, Malaysia, Cambodia, South Korea, Taiwan","San Francisco, Austin, Las Vegas, Mexico City, Miami, New York, São Paulo, Washington, Abu Dhabi, Baku, Cairo, Dubai, Manama, Riyadh, Bangalore, Bangkok, Hangzhou, Ho Chi Minh City, Jaipur, Kuala Lumpur, Nagoya, Phnom Penh, Seoul, Shanghai, Taipei, Tokyo","SaaS, Media, E-Commerce, Consumer, Healthcare, Proptech & Real Estate, Hardware & Industrials, Education, Devops, Fintech, Crypto & Blockchain","Early Stage, Seed",2010,"Christine Tsai, Dave Mcclure",2600,339,"$50,000","$250,000","$67,000,000,000",info@500startups.com
,1517 Fund,https://www.1517fund.com/,USA,Oakland,"Hardware, Deep Tech & Hard Science, SaaS","Pre-Seed, Seed",2015,"Danielle Strachman, Michael Gibson",105,21,,"$1,000","$160,000,000",info@1517fund.com
,1818 Ventures,https://www.1818venturecapital.com/,,Channel Islands,"Fintech, Marketing, Human Resources","Early Stage, Pre-Seed, Seed, Series A",2012,Richard Avery-Wright,39,6,"£25,000",,,
,1955 Capital,http://1955.capital/,USA,Santa Clara,"Climate & Sustainability, Food & Beverage, Hardware & Industrials, Hardware, Industrial, Manufacturing, Energy","Seed, Early Stage, Late Stage",2015,Andrew Chung,6,,,,"$200,000,000",info@1955.capital
,A capital,https://acapital.com/,USA,San Francisco,"Crypto & Blockchain, SaaS, Marketplace, Media","Seed, Early Stage, Late Stage",2014,Ronny Conway,119,20,,,"$140,000,000",
,A15,https://www.a15.com/,Egypt,Cairo,"Productivity, Fintech, Consumer, Internet & Mobile","Early Stage, Seed",2014,"Karim Beshara, Khaled Bichara",32,7,,,,info@a15.com
,ABÉNEX,https://www.abenex.com/en/,France,"Paris, Lyon","Supply Chain & Logistics, Consumer, Industrial, Healthcare","Growth, Buyout",1992,Olivier Moatti,109,64,"€5,000,000","€100,000,000","€15,000,000,000",+33 (0)153936900
,Acadian Ventures,https://acadianventures.com,"USA, Canada, Mexico, Israel, France, Germany, United Kingdom, Belgium, Ireland, Malaysia","Los Angeles, Toronto, Boise, San Jose, San Francisco, Salt Lake City, Mexico City, Tel Aviv-Yafo, Paris, Marseille, Berlin, London, Dublin, Kuala Lumpur, New York, Gent","SaaS, Productivity, Health & Wellness, Future of Work, Human Resources",Early Stage,2019,Jason Corsello,12,1,"€250,000","€500,000",,hello@acadianventures.com
,Accel,https://www.accel.com/,"USA, United Kingdom, India","London, Bangalore, San Francisco, Palo Alto","Cloud, Cybersecurity, Consumer, Media, Fintech","Seed, Early Stage, Late Stage",1983,"Arthur Patterson, Jim Swartz, Prashanth Prakash",1845,353,"$500,000","$500,000,000","$18,300,000,000",info@accel.com
,Acrobator Ventures,https://acrobator.vc,"Netherlands, Ukraine, Georgia","Amsterdam, Kyiv, Tbilisi","SaaS, E-Commerce, Marketplace, AI & ML, Enterprise","Pre-Seed, Seed",2019,Bas Godska,34,2,"€200,000","€1,500,000",,hi@acrobator.vc
,Act Venture Capital,http://actventure.capital/,Ireland,Dublin,"AI & ML, Cloud, IoT, Deep Tech & Hard Science, E-Commerce, Climate & Sustainability, Fintech, Media, Gaming, Supply Chain & Logistics, Internet & Mobile, Healthcare",Early Stage,1994,John Flynn,94,79,,,"€627,000,000",info@actvc.ie
,Active Capital,https://www.activecapital.com/,USA,Texas City,"Cloud, Infrastructure, Enterprise, SaaS","Seed, Pre-Seed",2017,"Pat Matthews, Cat Dizon",78,16,$100,"$1,000,000",,pat@activecapital.com
,Active Venture Partners,https://www.active-vp.com/,Spain,Barcelona,"Advertising, Social, Internet & Mobile, SaaS, Cybersecurity, Healthcare, E-Commerce, Big Data & Analytics","Early Stage, Seed, Series A",2002,Christopher Pommerening,46,23,,,"$74,000,000",
,Acton Capital Partners,https://actoncapital.com/,"Germany, Canada","Munich, Vancouver","Marketplace, E-Commerce, Media, DTC, SaaS","Seed, Early Stage",1999,"Christoph Braun, Paul-Bernhard Kallen, Jan-Gisbert Schultze, Frank Seehaus",114,51,,,"€700,000,000",info@actoncapital.de
,Adara Ventures,https://adara.vc,"Spain, Luxembourg","Madrid, Luxembourg","Cybersecurity, Deep Tech & Hard Science, Cloud, SaaS, Developer Tools, Devops","Early Stage, Seed",2005,"Alberto Gomez, Jesus Sainz, Nicolas Goulet",60,11,,,,info@adara.vc
,Advanced Technology Ventures,https://www.atvcapital.com/,USA,"Boston, San Francisco","Healthcare, Internet & Mobile, Industrial, Climate & Sustainability","Early Stage, Late Stage, Seed, Debt",1979,"Dr. Thaddeus F. Walkowicz, Dr. Ivan Sutherland, George Kokkinakis, Dr. Robert Loewy",291,142,"$10,000,000","$50,000,000","$1,800,000,000",investoreelations@atvcapital.com
,Aera VC,https://aera.vc,"New Zealand, Australia, Thailand, Hong Kong, USA","Auckland, Sydney, Bangkok, Hong Kong, New York, Los Angeles","Climate & Sustainability, Deep Tech & Hard Science, Aerospace & Space, Food & Beverage",Early Stage,2017,"Derek Handley, Keenan Kwok, Nick Winstone",21,1,,,"$30,000,000",hello@aera.vc
,Aeterna Capital Partners,https://aeternacp.com,USA,New York,"Healthcare, Proptech & Real Estate, Fintech, Consumer",Other,2013,"Drew Bagin, Patrick Mccloskey",10,,"$2,000,000","$10,000,000",,info@aeternacp.com
,Afore,https://www.afore.vc/,USA,San Francisco,"Fintech, Consumer, SaaS, Automative, Marketplace, Construction, AR & VR, Enterprise, Crypto & Blockchain, Developer Tools, Gaming, Healthcare, E-Commerce",Pre-Seed,2016,"Gaurav Jain, Anamitra Banerji",84,8,"$500,000","$1,500,000","$300,000,000",
,Afvest Invest,https://www.afvest.co/,Kenya,Nairobi,"Proptech & Real Estate, Fintech, Education, E-Commerce, Social, Productivity, Internet & Mobile, Energy",Early Stage,2012,David Ngaine,7,,,,"$2,100,000",info@afvest.co
,AgFunder,https://agfunder.com/,USA,"Silicon Valley, San Francisco","Climate & Sustainability, Food & Beverage, Agriculture, Biotech","Seed, Series A, Series B",2013,Rob Leclerc,86,5,"$50,000","$900,000","$91,300,000",services@agfunder.com
,Agroecology Capital,https://agroecologycapital.com,USA,San Francisco,"Biotech, Agriculture","Seed, Series A, Series B",2019,"Djalil Reghis, Nicolas Denjoy",1,,"$50,000","$2,000,000",,contact@agroecologycapital.com
,Ai fund,https://aifund.ai/,"USA, Colombia","Palo Alto, Medellín","Consumer, Healthcare, AI & ML, Enterprise",Series A,2017,Dr. Andrew Ng,32,,,,"$175,000,000",contact@aifund.ai
,AID Partners,http://www.aidpartners.com/,"USA, Hong Kong, China, Japan, South Korea, United Kingdom, Taiwan, France, Belgium, Israel","Los Angeles, Hilo, Beijing, Shanghai, Shenzhen, Singapore, Tokyo, Seoul, London, Paris, Brussels, Tel Aviv-Yafo, San Francisco","Biotech, Healthcare, Gaming, Entertainment, DTC, Food & Beverage","Late Stage, Growth",2007,"Kelvin Wu, Joel Chang",20,2,,,"$650,000,000",info@8088inc.com
,AirTree Ventures,https://www.airtree.vc,Australia,Sydney,"SaaS, Marketplace, Industrial, Health & Wellness, Hardware, Enterprise, Education, E-Commerce, Consumer, Infrastructure, Energy, Crypto & Blockchain","Pre-Seed, Seed, Series A, Series B, Growth",2014,"Craig Blair, Daniel Petre",111,9,"$200,000","$10,000,000","$1,100,000,000",info@airtree.vc
,Alate Partners,https://alatepartners.com,Canada,Toronto,Proptech & Real Estate,"Seed, Series A",2018,John Albright,20,4,"$1,000,000","$5,000,000","$40,000,000",hello@alatepartners.com
,Alaya Capital,https://alaya-capital.com,"USA, Chile, Argentina","Las Condes, Córdoba, Sausalito","Fintech, Enterprise, Healthcare, InsurTech, Proptech & Real Estate, Supply Chain & Logistics, Marketplace, Climate & Sustainability, Marketing","Early Stage, Seed",2010,"Carlos S. Baradello, Juan Manuel Giner Gonzalez, Luis Bermejo, Mario Barra, Omar Vega, Oscar Guardianelli",32,4,,,"$101,600,000",carolina.costa@alaya-capital.com
,AlbionVC,https://albion.vc,United Kingdom,London,"Enterprise, SaaS, Healthcare, AI & ML, Climate & Sustainability, Deep Tech & Hard Science","Early Stage, Growth",1996,Emil Gigov,139,36,,,"£58,500,000",
,Album VC,https://album.vc,USA,Lehi,"Big Data & Analytics, Productivity, Gaming, SaaS, Education, Sports","Early Stage, Seed",2014,"Diogo Myrrha, John Mayfield, Sid Krommenhoek",102,13,,,"$392,100,000",
,Alchemy Ventures,https://alchemyventures.com.au,Australia,Sydney,"SaaS, Fintech, Consumer, Agriculture","Seed, Early Stage, Late Stage",2016,Darren Patterson,3,1,"$100,000","$5,000,000",,contact@alchemyventures.com.au
,Algebra Ventures,https://www.algebraventures.com/,Egypt,Cairo,"Fintech, Education, Consumer, Marketplace",Early Stage,2016,"Karim Hussein, Tarek Assaad, Ziad Mokhtar",21,3,"$500,000","$3,000,000","$55,000,000",info@algebraventures.com
,Alitheia,http://thealitheia.com/,Nigeria,Lagos,"Fintech, SaaS, Supply Chain & Logistics, Climate & Sustainability, Education, Transportation, Energy",Early Stage,2007,"Jumoke Akinwunmi, Tokunboh Ishmael",11,1,,,,info@thealitheia.com
,Alkemi Growth Capital,https://alkemivp.com,India,New Delhi,"Health & Wellness, Healthcare",Early Stage,2018,Alka Goel,12,2,,,"$61,000,000",sayhello@alkemivp.com
,Allectus Capital,https://www.allectuscapital.limited/,,Hamilton,"Fintech, Health & Wellness, Deep Tech & Hard Science, AI & ML, Automation","Series A, Series B",2017,Duncan Saville,48,9,"$2,000,000","$10,000,000","$47,000,000",pitch@allectuscapital.limited
,AllegisCyber Capital,https://allegiscyber.com,USA,"Palo Alto, Fullerton, Lehi","Cybersecurity, Government Technology, Big Data & Analytics, IoT","Seed, Early Stage",1996,Robert R. Ackerman Jr.,164,65,"$3,000,000","$7,000,000","$468,700,000",+1 (650)-687-0500
,Allegro Capital,https://www.allegro-capital.com/,United Kingdom,London,"E-Commerce, Fintech, Crypto & Blockchain, Proptech & Real Estate, DTC","Seed, Pre-Seed",2011,Tom Montgomery,34,9,,,"£750,000,000",info@allegro-capital.com
,AlleyCorp,https://alleycorp.com/,USA,New York,Healthcare,"Pre-Seed, Seed",2007,"Dwight Merriman, Kevin Ryan",60,4,"$1,000,000","$3,000,000","$2,000,000,000",info@alleycorp.com
,Allianz X,https://allianzx.com,Germany,Munich,"Fintech, InsurTech, Healthcare, Big Data & Analytics, Proptech & Real Estate, Marketplace, SaaS","Early Stage, Late Stage",2013,Sub-Organization Of Allianz,29,3,,,"€1,000,000,000",allianzx@allianz.com
,Allied Venture Partners,https://allied.vc,"USA, Canada",Calgary,SaaS,"Seed, Series A",2020,Matthew Wilson,58,7,"$100,000","$350,000",,matt@allied.vc
,Allos Ventures,https://allosventures.com,USA,"Cincinnati, Indianapolis","Enterprise, SaaS",Early Stage,2009,"Don Aquilano, John Mcilwraith",92,9,,,"$182,500,000",
,ALLVP,https://allvp.com,Mexico,Mexico City,"Healthcare, Fintech, Consumer, SaaS, DTC, Education, Food & Beverage, Smart Cities","Series A, Early Stage",2012,"Federico Antoni, Antonia Rojas",27,6,"$1,000,000","$10,000,000","$115,000,000",aparatre@allvp.vc
,Alpaca Ventures,https://alpaca.vc/,USA,New York,"Proptech & Real Estate, DTC, Crypto & Blockchain, Consumer, Future of Work, Creator Economy, Fintech","Early Stage, Late Stage, Seed",2013,Ryan Freedman,93,26,"$500,000","$2,000,000","$100,000,000",hey@alpaca.vc
,Alpana Ventures,https://alpana-ventures.ch,Switzerland,Geneva,"Deep Tech & Hard Science, Fintech, Health & Wellness, Enterprise, Social, Cybersecurity, Transportation",Early Stage,2016,"Nathalie Chemtob, Pascal H. Widmer",68,14,,,"$3,000,000",info@alpana-ventures.ch
,Alpha JWC Ventures,https://alphajwc.com,"Indonesia, Singapore","Jakarta, Singapore","Consumer, Enterprise, Social, Fintech, Marketplace, AI & ML, SaaS, E-Commerce, DTC","Early Stage, Seed, Series A, Pre-Seed",2016,Chandra Tjan,57,5,"$100,000","$50,000,000","$650,000,000",info@alphajwc.com
,Alpha Venture Partners,https://alphapartners.com/,USA,New York,"Transportation, AI & ML, Future of Work, Education, Internet & Mobile, Enterprise, Marketplace, Robotics, Big Data & Analytics, Cloud","Early Stage, Growth",2012,"Brian Smiga, Steve Brotman",24,9,,,"$28,300,000",partners@alphapartners.com
,ALSA Ventures,https://alsaventures.com,United Kingdom,London,"Healthcare, Biotech, Health & Wellness, Life Sciences, Social",Other,2019,Alek Safarian,6,0,,"£5,000,000","£59,000,000",enquiries@alsaventures.com
,AltaIR Capital,https://altair.vc,USA,San Francisco,"Fintech, InsurTech, Productivity, SaaS, Future of Work, Healthcare, Cybersecurity, Media, DTC, Proptech & Real Estate",Seed,2005,Igor Ryabenkiy,76,14,"$1,000,000","$5,000,000","$600,000,000",start@altair.vc
,Altos Ventures,https://altos.vc,USA,San Francisco,"SaaS, Fintech, Consumer, E-Commerce","Seed, Series A, Series B",1996,"Han Kim, Ho Nam",270,39,"$250,000","$1,000,000","$711,800,000",info@altos.vc
,Alumni Ventures Group,https://www.av.vc/,USA,"Manchester, Boston, New York, Chicago, Austin, San Francisco","AI & ML, AR & VR, Consumer, Cybersecurity, Fintech, Food & Beverage, Healthcare, Industrial, IoT, Life Sciences, Proptech & Real Estate, SaaS, Climate & Sustainability, Transportation, Media, Manufacturing","Early Stage, Late Stage, Seed",2014,"Barrick Rothchild, Beth Obermiller, Luke Antal, Michael Madden, Santana Henry",1205,98,"$250,000","$1,000,000","$1,000,000,000",info@avgfunds.com
,Alven Capital Partners,https://alven.co/,"France, United Kingdom","Paris, London","AI & ML, SaaS, Marketplace, Productivity, Social, Entertainment, Developer Tools, Crypto & Blockchain, API, Internet & Mobile, Fintech, InsurTech","Seed, Series A, Early Stage",2000,Guillaume Aubin,136,69,"$100,000","$15,000,000","$500,000,000",contact@alven.com
,Amasia,https://amasia.vc,USA,San Mateo,"Climate & Sustainability, AI & ML, Healthcare, Education, Fintech, IoT, SaaS, E-Commerce, Supply Chain & Logistics, Agriculture","Seed, Series A, Series B",2013,"John Kim, Ramanan Raghavendran",83,8,,,"$838,000,000",info@amasia.vc
,AME Cloud Ventures,https://amecloudventures.com,USA,Palo Alto,"Government Technology, Internet & Mobile, AI & ML, Deep Tech & Hard Science, Infrastructure","Seed, Late Stage, Any",2012,Jerry Yang,351,110,,,"$1,500,000,000",
,Andreessen Horowitz,https://a16z.com,USA,"New York, San Francisco","Biotech, Healthcare, Crypto & Blockchain, Consumer, Enterprise, Fintech, Gaming","Early Stage, Late Stage",2009,"Marc Andreessen, Ben Horowitz",1256,191,"$500,000","$1,000,000","$32,400,000,000",businessplans@a16z.com
,AngelPad,https://angelpad.com,USA,San Francisco,"SaaS, Marketplace, API, Healthcare, AI & ML, Internet & Mobile, Enterprise, Consumer",Seed,2010,Carine Magescas,150,37,,"$120,000","$2,200,000,000",angelpad@angelpad.org
,Angivest Ventures,http://angivestventures.com/,Bahrain,Manama,"Fintech, Healthcare, Education, Food & Beverage, Marketplace, SaaS, Enterprise",Seed,2017,Fareed Bader,,,"$25,000","$100,000","$2,000,000",support@angivestventures.com
,Angular Ventures,https://angularventures.com/,"United Kingdom, Israel","London, Tel Aviv-Yafo","AI & ML, Cybersecurity, Automation, SaaS, Industrial, Aerospace & Space, Fintech, Developer Tools, Infrastructure","Early Stage, Seed, Pre-Seed",2018,Gil Dibner,37,1,"$200,000","$3,000,000","$80,000,000",info@angularventures.com
,Animo,https://animo.vc/,USA,Miami,"Healthcare, Marketplace, Consumer, Food & Beverage, Human Resources","Pre-Seed, Seed",2018,Nico Berardi,26,1,"$500,000","$2,500,000",,infor@amino.vc
,Ankona Capital,https://ankona.com,USA,Newport Beach,"Enterprise, SaaS",Late Stage,2019,"Brian Mesic, Jon Bauch",13,,"$5,000,000","$15,000,000","$66,000,000",info@ankonacap.com
,Antler,https://antler.co,"Singapore, Germany, Netherlands, Denmark, Portugal, United Kingdom, Spain, Norway, France, Sweden, Australia, India, Vietnam, Indonesia, South Korea, Japan, USA, Canada, Kenya","Berlin, Amsterdam, Copenhagen, Lisbon, London, Madrid, Oslo, Stockholm, Paris, Bangalore, Ho Chi Minh City, Jakarta, Seoul, Tokyo, Austin, Boulder, New York, São Paulo, Toronto, Nairobi, Sydney","AI & ML, Consumer, Crypto & Blockchain, Cybersecurity, E-Commerce, Fintech, SaaS, Gaming, Proptech & Real Estate, Internet & Mobile, Food & Beverage, Supply Chain & Logistics, Healthcare, Media","Pre-Seed, Seed, Early Stage",2017,"Magnus Grimeland,Fridtjof Berge, Dilan Mizrakli Landgraff, Vegard Medbo, Jussi Salovaara",365,3,,,"$82,200,000",hello@antler.co
,Anzu Partners,https://anzupartners.com,USA,"Tampa, Washington, Billerica, San Diego","Life Sciences, Industrial, Hardware, Manufacturing, SaaS","Early Stage, Growth, IPO",2014,"David Michael, David Seldin, Whitney Haring-Smith",64,12,,,"$448,400,000",info@anzupartners.com
,Apex Ventures,https://www.apex.ventures/,"Austria, Germany, USA","Vienna, Frankfurt, Los Angeles","AI & ML, Crypto & Blockchain, Cloud, IoT, AR & VR, Big Data & Analytics","Pre-Seed, Seed",2015,Andreas Riegler,,,"€100,000","€500,000",,office@apex.ventures
,APX,https://apx.vc/,Germany,Berlin,"AR & VR, Fintech, Education, Consumer, Big Data & Analytics, Media, Gaming, Transportation, Proptech & Real Estate, Manufacturing, Sports, Marketing, Human Resources, SaaS, Healthcare","Early Stage, Seed, Pre-Seed",2018,"Henric Hungerhoff, Joerg Rheinboldt",111,4,"€50,000","€500,000","€55,000,000",hello@apx.vc
,Aqua Spark,https://aqua-spark.nl,Netherlands,Utrecht,"Climate & Sustainability, Industrial","Early Stage, Series A",2013,Mike Velings,24,1,"€250,000","€5,000,000","€148,000,000",info@aqua-spark.nl
,Arbor Ventures,https://arborventures.com,Singapore,Singapore,"Fintech, Cybersecurity, InsurTech, AI & ML, Marketplace, Crypto & Blockchain","Early Stage, Seed",2013,"Melissa Guzy, Wei Hopeman",61,5,"$3,000,000","$6,000,000","$325,600,000",team@arborventures.com
,ARCH Ventures Partners,https://www.archventure.com/,"USA, Ireland","Chicago, Seattle, San Francisco, Dublin","Biotech, Healthcare, Education, Life Sciences","Early Stage, Seed",1986,"Clinton Bybee, Keith Crandell, Robert Nelsen, Steven Lazarus",419,98,"$50,000",,"$7,700,000,000",EUInquiries@ARCHVenture.com
,Archangel Ventures,https://archangel.vc,Australia,Melbourne,"Supply Chain & Logistics, Fintech, Food & Beverage, Marketplace, Health & Wellness, AI & ML, SaaS","Pre-Seed, Seed, Series A",2020,"Ben Armstrong, Quentin Wallace, Rayn Ong",25,1,,,,
,Arctern,https://www.arcternventures.com/,Canada,Toronto,"Climate & Sustainability, AI & ML, Biotech, Robotics, Transportation, Industrial, Manufacturing, Energy","Series A, Early Stage",2012,Murray Mccaig,26,1,"$5,000,000","$15,000,000","$200,000,000",info@arcternventures.com
,Armilar Venture Partners,https://www.armilar.com/en/,Portugal,Lisbon,"Deep Tech & Hard Science, Healthcare, Climate & Sustainability","Seed, Series A, Early Stage",1999,Joaquim Sérvulo Rodrigues,81,32,,,"€45,000,000",info@armilar.com
,Arsenal Growth,https://arsenalgrowth.com,USA,Winter Garden,"Supply Chain & Logistics, Enterprise, E-Commerce, Cloud, Healthcare",Late Stage,1999,John Trbovich,40,11,"$5,000,000","$8,000,000","$80,000,000",deal@arsenalgrowth.com
,Artesian,https://www.artesianinvest.com/,"Singapore, Australia, China, Indonesia, United Kingdom, USA","Sydney, Adelaide, London, New York, Jakarta, Melbourne, Shanghai, Singapore","Agriculture, AI & ML, Climate & Sustainability, IoT, Robotics, E-Commerce, Healthcare, Crypto & Blockchain, Hardware, Supply Chain & Logistics, Education, Fintech, Food & Beverage, Gaming, Entertainment, Human Resources, Marketing, Advertising, Social","Seed, Series A, Pre-Seed",2004,"Jeremy Colless, Matthew Clunies-Ross, John Mccartney",688,140,"$750,000","$1,500,000","$65,500,000",
,Arzan,https://arzan.com.kw/,"Kuwait, United Arab Emirates","Kuwait City, Dubai","E-Commerce, Internet & Mobile, SaaS","Early Stage, Seed, Pre-Seed, Series A",2013,"Hasan Zainal, Laith Zraikat",43,9,,"$6,000,000",,info@arzanvc.com
,Asabys Partners,https://asabys.com,Spain,Barcelona,"Healthcare, Life Sciences",Early Stage,2019,Josep Ll. Sanfeliu,17,1,,,"$55,000,000",info@asabys.com
,Ascendo Ventures,https://ascendovc.com,South Korea,Seoul,"Internet & Mobile, IoT, AI & ML, Robotics, Climate & Sustainability, Healthcare, Crypto & Blockchain, Food & Beverage","Seed, Series B, Series A",2018,Aaron Dongsuk Shin,30,1,,,"$33,000,000",info@ascendovc.com
,Ascension Ventures,https://www.ascension.vc/,United Kingdom,London,"Fintech, Consumer, Climate & Sustainability, Media, Future of Work, Healthcare, Deep Tech & Hard Science","Seed, Series A, Pre-Seed",2012,Jean De Fougerolles,139,9,"£200,000","£400,000","£25,000,000",
,Ascent Capital Advisors,https://ascentcapital.in/,India,"Bangalore, Mumbai","Marketplace, E-Commerce, Healthcare, API, Education, Food & Beverage, Fintech, InsurTech, IoT, DTC, AI & ML",Late Stage,2000,Raja Kumar,8,,"$10,000,000","$30,000,000",,info@ascentcapital.in
,Assurance Mezzanine Fund,https://assurancemezz.com,USA,Orlando,"Healthcare, E-Commerce, Government Technology, Travel & Hospitality, Construction","Late Stage, Growth",2017,"Alex Brown, Anthony Yanni, David Ellis, Jeffrey Phillips, Robert Whittel, Seth Ellis",31,2,"$3,000,000","$20,000,000",,dellis@assurancemezz.com
,Astanor Ventures,https://astanor.com,Belgium,Brussels,"Agriculture, Climate & Sustainability, DTC, Food & Beverage",Seed,2017,"Eric Archambeau, George Coehlo",42,1,,"$1,000,000","$325,000,000",
,Astella Investimentos,https://astellainvest.com,Brazil,São Paulo,"Cloud, Internet & Mobile, E-Commerce, Education, Marketplace, SaaS","Early Stage, Seed, Series A",2008,"Edson Rigonatti, Laura Constantini",48,10,"R$5,000,000","R$10,000,000","R$123,600,000",astella@astellainvest.com
,Astorya.vc,http://astorya.vc/,France,Paris,"Fintech, Healthcare, Cybersecurity","Early Stage, Pre-Seed, Seed, Series A",2017,"Florian Graillot, Jan Kastory",5,,"€300,000","€11,000,000",,contact@astorya.vc
,ASTUTIA Ventures,https://www.astutia.de/en/,Germany,Munich,"Life Sciences, E-Commerce, Internet & Mobile, Food & Beverage","Early Stage, Series A",2006,Benedict Rodenstock,17,10,,"€1,000,000",,astutia@astutia.de
,Atai,https://www.atai.life/,Germany,Berlin,"Health & Wellness, Healthcare, Biotech","Early Stage, Late Stage, Seed",2018,"Christian Angermayer, Florian Brand, Lars Christian Wilde, Srinivas Rao",4,2,,,"€347,100,000",info@atai.life
,Ataria Ventures,https://atariaventures.com,Peru,Lima,"Agriculture, AI & ML, AR & VR, Food & Beverage, Consumer, Health & Wellness, Big Data & Analytics","Early Stage, Seed, Series A",2017,Alejandro Ponce,45,,"$100,000","$5,000,000","$96,300,000",contact@atariaventures.com
,Atelier Ventures,https://atelierventures.co,USA,Pittsburgh,"Creator Economy, Future of Work",Early Stage,2020,Li Jin,16,,"$100,000","$300,000","$110,000,000",hello@atelierventures.co
,Atinum Investment,https://atinuminvest.co.kr,South Korea,Seoul,"Deep Tech & Hard Science, SaaS, Gaming, Biotech",Early Stage,1988,Ki Chun Shin,51,3,,,,master@atinuminvest.co.kr
,Atlantic Labs,https://atlanticlabs.de,Germany,Berlin,"Future of Work, Big Data & Analytics, Transportation, Healthcare, Fintech, Proptech & Real Estate, Robotics, Social","Early Stage, Seed",2008,Christophe Maire,48,14,,"€5,000,000",,info@atlanticlabs.de
,Atlas Venture,https://atlasventure.com,USA,Cambridge,"Biotech, Healthcare, Life Sciences","Early Stage, Late Stage, Seed",1980,Michiel De Haan,570,172,"$750,000","$2,000,000","$3,600,000,000",lifesciences@atlasventure.com
,Atomico Ventures,https://atomico.com/,United Kingdom,London,"Enterprise, Consumer, Automation, Industrial, Food & Beverage, Internet & Mobile, Fintech, Health & Wellness, Transportation, Climate & Sustainability","Early Stage, Late Stage, Private Equity",2006,Niklas Zennström,206,38,"£250,000","£1,000,000","£2,300,000,000",contact@atomico.com
,Atwater Capital,https://atwater-capital.com,USA,Los Angeles,"Media, Entertainment",Late Stage,2016,Vania Schlogel,6,3,,,,
,August Capital,https://augustcap.com,USA,San Francisco,"Consumer, Enterprise, AI & ML, Crypto & Blockchain, DTC, E-Commerce, Supply Chain & Logistics, IoT, Marketplace, Cloud, SaaS, Hardware, Social, Media, Advertising","Early Stage, Late Stage, Seed",1995,"David Marquardt, John Johnston",283,79,"$400,000","$1,500,000","$1,400,000,000",businessplans@augustcap.com
,Austin Ventures,https://austinventures.com,USA,Austin,"Fintech, Healthcare, Industrial, Enterprise, Hardware, Internet & Mobile, SaaS","Early Stage, Late Stage, Seed, Private Equity",1984,"Joe Aragona, Ken Deangelis",393,116,"$500,000",,"$4,400,000,000",khughes@austinventures.com
,AutoTech Ventures,https://autotechvc.com,USA,San Francisco,"Transportation, Deep Tech & Hard Science, AI & ML, Marketplace, Fintech, SaaS","Early Stage, Seed, Series A, Series B, Series C",2015,"Alexei Andreev, Dominique Houde, Quin Garcia",59,9,"$1,000,000","$8,000,000","$30,000,000",info@autotechvc.com
,AV8 Ventures,https://av8.vc,USA,Palo Alto,"AI & ML, Enterprise, Robotics, Deep Tech & Hard Science, Fintech, Healthcare","Seed, Series A",2018,George Ugras,42,2,,,"$180,000,000",info@av8.vc
,Avalancha Ventures,https://avalancha.ventures/,Mexico,Mexico City,"Productivity, Fintech, Supply Chain & Logistics, Education, SaaS","Early Stage, Seed",2015,"Lorenzo Garza, Rodrigo Ocejo",24,3,"$50,000","$2,000,000","$15,000,000",info@avalancha.ventures
,Avestria Ventures,https://avestria.vc,USA,San Francisco,"Health & Wellness, Life Sciences, Healthcare",Early Stage,2018,Linda Greub Cfa,28,3,,,"$50,000,000",eva@avestria.vc
,AXA Venture Partners,https://axavp.com,"France, United Kingdom, Singapore, USA","Paris, London, Singapore, San Francisco, New York","InsurTech, Fintech, Healthcare, Enterprise, Consumer, SaaS","Early Stage, Late Stage",2015,Imran Akram,47,7,"$300,000","$20,000,000","$1,200,000,000",sebastien@axavp.com
,Axeleo Capital,https://axc.vc,France,Paris,"Cybersecurity, Internet & Mobile, Proptech & Real Estate, Enterprise, Fintech, InsurTech, Supply Chain & Logistics, Infrastructure, Marketing","Early Stage, Seed, Pre-Seed, Series A, Series B",2017,"Eric Burdier, Mathieu Viallard",58,9,"€100,000","€5,000,000",,contact@axc.vc
,Axia8 Ventures,http://www.axia8.com/,China,Shanghai,Crypto & Blockchain,"Early Stage, Seed",2020,Wayne Lin,55,0,,,,investment@axia8.com
,Axivate Capital,https://axivate.com,Netherlands,Amsterdam,"Media, E-Commerce, Travel & Hospitality, Internet & Mobile","Seed, Early Stage",2012,Bas Rasker,41,17,"€1,000,000","€5,000,000",,info@axivate.com
,Axon Partners Group,https://axonpartnersgroup.com,Spain,Madrid,"Energy, Healthcare, Life Sciences, Deep Tech & Hard Science",Early Stage,1999,Javier Cebrián Monereo,50,17,,,"$40,000,000",marketing@axonpartnersgroup.com
,Azure Capital Partners,https://azurecap.com,USA,San Francisco,"Consumer, Enterprise, DTC, SaaS","Early Stage, Late Stage, Seed",2000,"Cameron Lester, Mike Kwatinetz, Paul Ferris, Paul Weinstein",167,39,,,"$10,200,000",info@azurecap.com
,B7,https://www.b7ventures.com/,United Kingdom,Manchester,"Supply Chain & Logistics, DTC","Other, Late Stage",2012,"Richard Shonn, Ben Shapiro",3,1,,,"£17,000,000",info@b7ventures.com
,Babel Ventures,https://www.babel.ventures/,USA,San Francisco,"Consumer, Food & Beverage, DTC, Health & Wellness, Biotech, Deep Tech & Hard Science",Early Stage,2017,Ba Minuzzi,31,3,"$100,000","$3,000,000","$26,000,000",deal-flow@umana.family
,Backbone Ventures,https://www.backboneventures.ch/,Switzerland,Zürich,"Food & Beverage, Internet & Mobile, Climate & Sustainability, Enterprise, Health & Wellness, Consumer","Seed, Pre-Seed, Early Stage",2018,"Philippe Bernet, Miklos Stanek",31,3,,,"$40,000,000",hello@bbventures.ch
,Backed VC,https://www.backed.vc/,United Kingdom,London,"Biotech, Entertainment, Industrial, Food & Beverage, Crypto & Blockchain, Enterprise, Future of Work, Deep Tech & Hard Science, Manufacturing, Fintech","Seed, Series A",2015,"Andre De Haes, Alex Brunicki",75,10,"£500,000","£2,500,000","£169,700,000",
,Backstage Capital,https://backstagecapital.com,USA,Los Angeles,"AI & ML, AR & VR, Enterprise, Consumer, Crypto & Blockchain, E-Commerce, Education, Fintech, Food & Beverage, Future of Work, Government Technology, Hardware, Healthcare, IoT, Marketplace, Media, Proptech & Real Estate, SaaS, Social, Travel & Hospitality, Automative, Sports, Human Resources","Early Stage, Seed, Pre-Seed, Series A",2015,Arlan Hamilton,200,3,"$100,000",,,
,Badhouse Ventures,https://badhouse.ca,Canada,Vancouver,"SaaS, Big Data & Analytics, Cybersecurity, Climate & Sustainability, Crypto & Blockchain","Early Stage, Pre-Seed",2020,"Bijan Vaez, Ralph Baddour",7,1,,"$100,000",,
,Bain Capital Ventures,https://baincapitalventures.com,USA,"Boston, New York, San Francisco, Palo Alto","E-Commerce, Fintech, Biotech, Enterprise, Deep Tech & Hard Science, SaaS, Developer Tools, API, Infrastructure","Early Stage, Seed, Late Stage",1984,"James Nahirny, Michael Krupka",570,117,"$1,000,000","$100,000,000","$6,100,000,000",bcv@baincapitalventures.com
,Balderton Capital,https://balderton.com,United Kingdom,London,"Healthcare, Cybersecurity, E-Commerce, Food & Beverage, Entertainment, Mobility, Fintech, SaaS","Early Stage, Late Stage, Seed, Debt, Private Equity",2000,"Bernard Liautaud, Daniel Waterhouse, Suranga Chandratillake, James Wise, Rob Moffat",376,73,"£150,000","£500,000","£5,000,000,000",inbound@balderton.com
,Baroda Ventures,https://barodaventures.com,USA,Beverly,"Consumer, E-Commerce, Internet & Mobile, SaaS, Media, Crypto & Blockchain","Pre-Seed, Seed",1998,David Bohnett,78,37,"$100,000","$1,000,000","$5,000,000",information@barodaventures.com
,Barrel Ventures,https://barrelvc.com,USA,Chicago,"Food & Beverage, Consumer, Supply Chain & Logistics, DTC",Seed,2019,Nate Cooper,20,1,,,,investments@barrelvc.com
,Base10 Partners,https://base10.vc/,USA,San Francisco,"AI & ML, Supply Chain & Logistics, SaaS, Healthcare, Food & Beverage, Automation, Enterprise, Fintech","Seed, Early Stage",2017,"Adeyemi Ajao, Tj Nahigian",118,10,"$500,000","$5,000,000","$460,000,000",partners@base10.vc
,Basis Set Venture,https://www.basisset.com/,USA,San Francisco,"AI & ML, Automation, Developer Tools, Productivity, API","Seed, Early Stage",2017,Dr. Lan Xuezhao,65,5,"$1,000,000","$3,000,000","$165,000,000",
,Bass Investment,https://bassinvestment.com,South Korea,Seoul,"E-Commerce, SaaS, Entertainment, Fintech, AI & ML, Social, Healthcare, Deep Tech & Hard Science, Proptech & Real Estate, Gaming, Crypto & Blockchain","Early Stage, Series A, Seed, Series B",2017,"Daniel Shin, Jeong-In Hong, Jun-Year Kang",19,1,,,"$150,000,000",
,Battery Ventures,https://battery.com,"USA, Israel, United Kingdom","Boston, San Francisco, Tel Aviv-Yafo, London, New York","Life Sciences, Industrial, Consumer, Cybersecurity, Cloud, Devops, AI & ML, Fintech, Healthcare, Infrastructure","Early Stage, Late Stage, Seed, Debt, Private Equity",1983,Rick Frisbie,810,197,"$1,000,000","$500,000,000","$17,700,000,000",+1 (617) 948-3600
,Battle Born Venture,https://battlebornventure.com,USA,"Las Vegas, Reno","Healthcare, Government Technology, Travel & Hospitality, Gaming, Climate & Sustainability, Supply Chain & Logistics, Energy, Manufacturing","Early Stage, Pre-Seed, Seed, Late Stage, Growth",2013,Erik Lee,14,5,"$40,000","$200,000","$5,000,000",grbortolin@diversifynevada.com
,BBG Ventures,https://bbgventures.com,USA,New York,"Health & Wellness, Future of Work, Education, Climate & Sustainability, Consumer","Seed, Pre-Seed",2014,"Susan Lyne, Nisha Dua",129,30,"$500,000","$1,000,000",,hello@bbgventures.com
,BCF Ventures,https://bcfventures.vc,Canada,Montréal,"Cloud, SaaS, Enterprise, AI & ML, Healthcare, Transportation, Supply Chain & Logistics, Big Data & Analytics, Cybersecurity, Legal","Seed, Series A",2018,"Anne-Marie Boucher, Sergio A. Escobar",15,3,,"$125,000","$1,200,000",info@bcfventures.vc
,BDC Venture Capital,https://www.bdc.ca/en/bdc-capital/venture-capital,"Canada, USA","Montréal, Wakefield, Worcester, Bedford, Hartford, Portland, Providence","Healthcare, Climate & Sustainability, AI & ML, Robotics, Food & Beverage, Industrial, Supply Chain & Logistics, Proptech & Real Estate, Aerospace & Space, Cloud, Enterprise, IoT, Cybersecurity, Big Data & Analytics, SaaS, Manufacturing, Energy, Agriculture","Late Stage, Early Stage, Seed, Series A, Series B",1975,,509,117,,,"$605,000,000",
,BECO Capital,https://becocapital.com,United Arab Emirates,Dubai,"Consumer, Enterprise, Fintech, Healthcare, Crypto & Blockchain","Seed, Series A, Series B, Early Stage",2012,,90,11,"$250,000","$2,000,000","$100,000,000",hello@becocapital.com
,Benchmark Capital,http://www.benchmark.com/,USA,"San Francisco, Woodside","Cybersecurity, Hardware, Social, Marketplace, Cloud, Consumer, DTC, Infrastructure, SaaS","Early Stage, Seed",1995,"Bob Kagle, Bruce Dunlevie Andy Rachleff, Kevin Harvey",799,313,"$1,000,000","$15,000,000","$2,500,000,000",pfenton@benchmark.com
,Beringea,https://beringea.com,United Kingdom,London,"Manufacturing, Climate & Sustainability, Enterprise, Consumer, Healthcare, Media, SaaS","Series A, Growth",1999,"Susan Mcdonald, John Glenncross",297,136,"£1,000,000","£20,000,000","£64,000,000",info@beringea.com
,Bessemer Venture Partners,https://bvp.com,"USA, India, Israel, United Kingdom","San Francisco, Boston, New York, Bangalore, Tel Aviv-Yafo, London, Larchmont","Consumer, Enterprise, Healthcare, Cloud","Early Stage, Late Stage",1911,Henry Phipps,1267,284,"$2,000,000","$8,000,000","$9,700,000,000",businessplans@bvp.com
,BGF (Business Growth Fund),https://www.bgf.co.uk/,"United Kingdom, Ireland","Aberdeen, Belfast, Birmingham, Bristol, Cambridge, Caerdydd, Cork, Dublin, Edinburgh, Leeds, London, Manchester, Milton Keynes, Newcastle, Nottingham, Reading","Deep Tech & Hard Science, AI & ML, E-Commerce, Education, Food & Beverage, Healthcare, Life Sciences, Media, Climate & Sustainability, Travel & Hospitality, Consumer, DTC, Energy, Infrastructure, Construction","Early Stage, Debt, Private Equity",2011,Stephen Welton,381,70,"£1,000,000","£8,000,000","£597,300,000",enquiries@businessgrowthfund.co.uk
,Bio Generation Ventures (BGV),https://biogenerationventures.com/en/,Netherlands,Naarden,"Biotech, Healthcare, Life Sciences",Early Stage,2006,Edward Van Wezel,29,8,,,"€267,300,000",info@biogeneration.vc
,BITKRAFT Ventures,https://bitkraft.vc,USA,Denver,"Gaming, AR & VR, Entertainment, Crypto & Blockchain","Seed, Early Stage, Series A, Series B",2017,"Jens Hilgers, Malte Barth, Markus Fuhrmann, Scott Rupp",135,7,"$2,000,000","$5,000,000","$247,600,000",pitch@bitkraft.vc
,Black Pearls VC,https://blackpearls.vc,Poland,Gdańsk,"Deep Tech & Hard Science, Healthcare, Enterprise, Fintech, Future of Work, SaaS","Pre-Seed, Seed, Series A",2008,Marcin Kowalik,68,17,"€100,000","€1,000,000",,office@blackpearls.vc
,Blackbird Ventures,https://blackbird.vc/,"Australia, New Zealand","Auckland, Melbourne, Sydney","Enterprise, Deep Tech & Hard Science, Healthcare, Hardware, Education, Consumer","Seed, Early Stage, Growth, IPO",2012,"Bill Bartee, Larry Marshall, Niki Scevak, Richard Baker",199,10,"$150,000","$7,000,000","$791,700,000",contact@blackbird.vc
,Blazar Capital,https://blazarcapital.com,Denmark,Copenhagen,"Consumer, E-Commerce, Food & Beverage, DTC",Series A,2017,"Pascar Sivam, Vasilij Brandt, Christian Arnstedt",30,5,,,"$29,600,000",hello@blazarcapital.com
,Blenheim Chalcot,https://www.blenheimchalcot.com/,"India, USA, United Kingdom, South Africa","Mumbai, London, Cape Town, St. Petersburg","Industrial, Government Technology, Internet & Mobile, Education, Fintech, Media, Proptech & Real Estate, Sports",Early Stage,1998,"Charles Mindenhall, Manoj Badale",58,24,,,"£400,000,000",info@blenheimchalcot.com
,Bleu Capital,https://www.bleucap.com/,USA,New York,"AI & ML, Marketplace, Consumer, Hardware, SaaS","Early Stage, Seed, Pre-Seed",2015,Jean Pierre Chessé,23,6,"$100,000","$500,000",,julien@bleucap.com
,Bling Capital,https://blingcap.com,USA,San Francisco,"Consumer, Internet & Mobile, Marketplace, Fintech, SaaS, Automation, Big Data & Analytics",Seed,2018,Benjamin Ling,81,2,,"$1,000,000","$125,900,000",
,Blisce,https://blisce.com,"USA, France","Paris, New York","Consumer, DTC","Late Stage, Growth",2013,Alexandre Mars,31,15,"$10,000,000","$30,000,000","$150,000,000",contact@blisce.com&subject=Contact
,Blockrocket,https://blockrocket.io,Germany,Frankfurt,Crypto & Blockchain,"Early Stage, Seed",2019,Benjamin Horvath,10,,"€100,000","€500,000",,hello@blockrocket.io
,Blume Ventures,https://blume.vc,India,Mumbai,"Biotech, E-Commerce, Deep Tech & Hard Science, Education, Fintech, Future of Work, Gaming, Healthcare, Media, Supply Chain & Logistics, Proptech & Real Estate, SaaS, Travel & Hospitality, Climate & Sustainability, Agriculture","Early Stage, Pre-Seed, Seed, Series A",2011,"Karthik Reddy, Rob Blum, Sanjay Nath",154,24,"$50,000","$250,000","$280,000,000",info@blume.vc
,bmp Ventures,https://www.bmp.com/,Germany,"Berlin, Magdeburg","Internet & Mobile, Life Sciences, Consumer, E-Commerce, Developer Tools, SaaS, Climate & Sustainability, Industrial","Seed, Early Stage, Late Stage, Series A, Growth",1997,Oliver Borrmann,250,120,"€1,500,000","€3,000,000","€508,800,000",info@bmp.com
,BMW i Ventures,https://bmwiventures.com,"USA, Germany","Mountain View, San Francisco, Munich","Hardware, Transportation, Climate & Sustainability, AI & ML, Manufacturing","Seed, Early Stage",2011,"Marcus Behrendt, Kasper Sage",109,26,,,"$930,000,000",
,BoldStart Ventures,https://boldstart.vc,USA,"New York, Miami","SaaS, Cybersecurity, Crypto & Blockchain, API, Developer Tools","Seed, Early Stage, Late Stage",2010,Ed Sim,176,41,"$500,000","$5,000,000","$192,000,000",
,Bon Angels,https://bonangels.net,South Korea,Seoul,"Gaming, Education, AI & ML, Proptech & Real Estate, Crypto & Blockchain, Healthcare, Health & Wellness, SaaS",Early Stage,2007,Simon Seokheun Kang,230,28,,,"$197,400,000",bonangels@bonangels.net
,Bonfire Ventures,https://www.bonfirevc.com/,USA,"Santa Monica, Santa Barbara","Crypto & Blockchain, Future of Work, Transportation, Supply Chain & Logistics, E-Commerce, SaaS, Enterprise, Government Technology, Industrial, Cloud, Healthcare",Seed,2017,"Mark Mullen, Jim Andelman",86,3,"$2,000,000","$3,000,000","$421,000,000",info@bonfirevc.com
,Bonsai Venture Capital,https://bonsaiventurecapital.com,"Turkey, Belgium, Spain, Saudi Arabia, Colombia","Riyadh, Brussels, Madrid, Istanbul, Bogotá, Medellín","Gaming, Fintech, Healthcare, Cybersecurity, Travel & Hospitality","Early Stage, Growth",2006,Alfonso De León,63,38,"€250,000","€2,500,000","€3,500,000",
,BoostVC,https://boost.vc,USA,San Mateo,"Aerospace & Space, Energy, Climate & Sustainability, Robotics, Crypto & Blockchain, Biotech, AR & VR",Pre-Seed,2012,"Adam Draper, Brayton Williams",423,132,,"$500,000","$85,200,000",apply@boost.vc
,Bossa Nova Investimentos,https://bossainvest.com,Brazil,São Paulo,"Internet & Mobile, E-Commerce, Crypto & Blockchain, Fintech, SaaS, Developer Tools, Advertising","Early Stage, Seed",2011,"João Kepler, Pierre Schurmann",668,46,"R$100,000","R$1,500,000","R$965,000,000",acesso@bossainvest.com
,Box Group,https://boxgroup.com,USA,New York,"Consumer, Enterprise, Fintech, Healthcare, Marketplace, Crypto & Blockchain, Climate & Sustainability","Seed, Pre-Seed, Series A",2008,David Tisch,642,178,"$250,000","$1,000,000","$255,000,000",hello@boxgroup.com
,Bpifrance,https://bpifrance-creation.fr,France,Paris,"SaaS, Marketplace, Deep Tech & Hard Science, Fintech, Consumer, Healthcare, Biotech","Seed, Series A, Series B",2012,Mailys Ferrere,34,5,"€200,000","€10,000,000","€700,000,000",F3A@bpifrance.fr
,Brandon Capital,https://brandoncapital.vc,"Australia, USA, United Kingdom","Melbourne, Sydney, San Francisco, London","Health & Wellness, Healthcare, Biotech","Early Stage, Late Stage, Seed",2006,"Chris Nave, Stephen Thompson",35,3,,,"$404,500,000",info@brandoncapital.com.au
,Breakout Ventures,https://www.breakout.vc/,USA,San Francisco,"Biotech, Healthcare, Life Sciences, Industrial, Climate & Sustainability","Early Stage, Seed",2016,"Lindy Fishburne, Julia Moore",26,2,,,"$112,500,000",contact@breakout.vc
,Brickyard,https://justlaybrick.com,USA,Chattanooga,"Marketplace, AI & ML, E-Commerce, Crypto & Blockchain, Marketing","Pre-Seed, Seed",2021,"Allan Davis, Barry Large, Cameron Doody, Matt Patterson, Ted Alling",5,,"$150,000","$300,000",,masons@justlaybrick.com
,Bridgelane,https://bridgelane.com.au/venture-capital,"Australia, Argentina","Sydney, Buenos Aires","AI & ML, Marketplace, Proptech & Real Estate","Early Stage, Seed, Series A",2009,Markus Kahlbetzer,18,3,,,"AU$40,000,000",info@bridgelane.com.au
,Brightly Ventures,https://brightlyventures.com,Sweden,Stockholm,"Fintech, Gaming, Healthcare, AI & ML",Early Stage,2018,Kerstin Cooley,29,2,,,"$570,000,000",john@brightlyventures.com
,BrightSpark Ventures,https://brightspark.com/en,Canada,"Montréal, Toronto","Internet & Mobile, Consumer, Hardware, SaaS","Early Stage, Seed, Pre-Seed",2000,"Mark Skapinker, Sophie Forest, Tony Davis",57,11,"$500,000","$1,500,000","$56,000,000",dealflow@brightspark.com
,Brightstone Venture Capital,https://brightstonevc.com,USA,Minneapolis,"Crypto & Blockchain, Cloud, Marketplace, Fintech, Enterprise, AI & ML, Life Sciences, Healthcare, Biotech, AR & VR","Early Stage, Seed",1985,"David Dalvey, David Dalvey, Jeff Cowan, Patrick O'Shaughnessy",35,8,"$1,000,000","$5,000,000","$114,000,000",plan@brightstonevc.com
,BRM Group,https://brm.com,"USA, Israel","Chicago, Tel Aviv-Yafo","Enterprise, Consumer, Healthcare, Fintech","Early Stage, Seed, Series A",1987,Eli Barkat,31,,"$2,000,000","$7,000,000",,info@perkowski-llc.com
,btov Partners,https://btov.vc,Germany,Berlin,"Consumer, Enterprise, SaaS, AI & ML, Marketplace, Internet & Mobile, Healthcare, Industrial, IoT, Cybersecurity","Early Stage, Seed, Series A",2000,"Founders Florian Schweitzer, Hermann Arnold, Jan Bomholt, Nicole Herzog, Peter Troxler, Philip Schnedler",228,32,"€250,000","€5,000,000","€579,300,000",berlin@btov.vc
,Bullpen Capital,https://bullpencap.com,USA,San Mateo,"Consumer, Healthcare, Gaming, Enterprise, DTC","Early Stage, Series A",2010,"Paul Martino, Richard Melmon",164,29,,,,
,Burda Principal Investments,https://burdaprincipalinvestments.com,"Germany, United Kingdom, Singapore, USA","Munich, Berlin, London, Singapore, New York","Cybersecurity, Fintech, Marketplace, Media, SaaS, DTC","Late Stage, Series B",2016,Christian Teichmann,53,6,,"$5,000,000",,investments@burda.com
,Butterfly Ventures,https://butterfly.vc,"Finland, Sweden","Helsinki, Oulu, Stockholm","Deep Tech & Hard Science, AI & ML, Healthcare, Biotech, SaaS","Seed, Early Stage",2012,"Antti Kosunen, Juho Risku, Matti Kanninen",42,7,"€400,000","€3,000,000","€30,000,000",juho@butterfly.vc
,BY Venture,https://byvp.com/,United Arab Emirates,Abu Dhabi,"Marketplace, Cybersecurity, Fintech, SaaS, DTC, E-Commerce, Enterprise, Gaming, Healthcare, Food & Beverage, Proptech & Real Estate, Big Data & Analytics","Early Stage, Late Stage",2015,"Gaith Yafi, Abdallah Yafi, Rami Jisr",81,12,,,"$37,000,000",info@byvp.com
,Byfounders,https://byfounders.vc,Denmark,Copenhagen,"Crypto & Blockchain, Healthcare, Food & Beverage, InsurTech, Gaming, Proptech & Real Estate, IoT, Climate & Sustainability, Fintech, Travel & Hospitality, SaaS, Legal, Marketing","Early Stage, Seed, Pre-Seed, Series A",2017,"Tommy Andersen, Eric Lagier",40,3,"€500,000","€4,000,000","€100,000,000",hello@byfounders.vc
,Cabra VC,https://cabra.vc,Latvia,Riga,"AR & VR, AI & ML, Productivity, Big Data & Analytics, Fintech, Enterprise","Seed, Early Stage, Growth",2016,"Alexey Alexanov, Shukhrat Ibragimov, Vladimir Cherepov",38,4,"$5,000,000","$10,000,000",,info@cabra.vc
,Caffeinated Capital,https://caffeinatedcapital.com,USA,San Francisco,"Consumer, Marketplace, Enterprise, Healthcare, Crypto & Blockchain, Climate & Sustainability","Early Stage, Seed",2009,Raymond Tonsing,127,9,,,"$250,800,000",
,Caixa Capital,https://caixacapitalrisc.es,Spain,"Madrid, Barcelona","Life Sciences, Climate & Sustainability, Industrial, AI & ML, Big Data & Analytics, IoT, Cybersecurity, Cloud, Enterprise, Fintech, InsurTech, Agriculture, Marketing, Supply Chain & Logistics","Seed, Series A",2004,Xavier Álvarez Forn,320,159,"€250,000","€2,000,000","€181,100,000",protecciondatos@caixacapitalrisc.es
,Calibrate Ventures,https://calibratevc.com,USA,Pasadena,"Robotics, AI & ML, Automation, Deep Tech & Hard Science, Supply Chain & Logistics, Productivity, Manufacturing","Seed, Series A",2017,"Jason Schoettler, Kevin Dunlap",39,7,"$1,000,000","$5,000,000","$175,000,000",
,Calm/Storm Ventures,https://calmstorm.vc,Austria,Vienna,"Health & Wellness, Healthcare","Early Stage, Seed, Pre-Seed",2020,"Lucanus Polagnoli, Michael Ströck",39,,"€50,000","€250,000","€20,000,000",hello@calmstorm.vc
,Canaan Partners,https://www.canaan.com/,USA,"San Francisco, Westport","Consumer, Fintech, Enterprise, Cloud, Healthcare, Internet & Mobile, Biotech","Early Stage, Late Stage",1987,"Eric Young, Harry T. Rein",737,148,"$1,000,000","$20,000,000","$5,800,000,000",lhahn@canaan.com
,Canary,https://canary.com.br/,Brazil,São Paulo,"Education, Fintech, Entertainment, Healthcare, Marketplace, Proptech & Real Estate, SaaS, InsurTech, Transportation, Legal, Agriculture, Marketing, Human Resources","Early Stage, Seed, Series A",2017,"Florian Hagenbuch, Julio Vasconcellos, Marcos De Toledo Leite, Mate Pencz, Patrick De Picciotto",82,9,"$250,000","$15,000,000","$3,000,000,000",info@canary.com.br
,Canvas Venture,https://www.canvas.vc/,USA,San Francisco,"Fintech, Enterprise, Supply Chain & Logistics, Marketplace, Healthcare",Series A,2013,"Rebecca Lynn, Paul Hsiao, Gary Little",87,11,"$5,000,000","$20,000,000","$825,000,000",info@canvas.vc
,Capital300 (3VC),https://three.vc/,Austria,Vienna,"AI & ML, Developer Tools, Deep Tech & Hard Science, Cybersecurity, AR & VR, Big Data & Analytics, Healthcare, Internet & Mobile","Series A, Series B, Series C",2018,"Peter Lasinger, Roman Scharf",20,2,"€1,000,000","€4,000,000","€200,000,000",hello@three.vc
,Capricorn Partners,https://capricorn.be,Belgium,Leuven,"Health & Wellness, Climate & Sustainability, Internet & Mobile","Early Stage, Growth",1993,Jos B. Peeters,88,23,,,"€328,700,000",capricorn@capricorn.be
,Capstone Partners,https://cspartners.co.kr/,South Korea,Seoul,"Internet & Mobile, Healthcare, Gaming, SaaS",Early Stage,2008,Eunkang Song,108,13,,,"$226,000,000",master@cspartners.co.kr
,Carao Ventures,https://caraov.com,"Dominican Republic, Colombia, Ecuador, Peru, Costa Rica",San José,"Robotics, Proptech & Real Estate, Marketplace, Consumer, Fintech","Pre-Seed, Seed",2012,"Adrian Garcia, Allan Boruchowicz",28,1,"$25,000","$1,750,000","$35,000,000",info@caraov.com.
,Carbon Ventures,https://carbonventures.vc,USA,New York,"Climate & Sustainability, Supply Chain & Logistics, Transportation, Robotics, AI & ML, Manufacturing, Energy, Agriculture","Seed, Series A",2017,"Jason Cahill, Joel Carben",14,3,"$500,000","$5,000,000","$5,500,000",invest@carbonventures.vc
,Carthona Capital,https://carthonacapital.com,Australia,Sydney,"SaaS, Fintech, Proptech & Real Estate, Crypto & Blockchain, Enterprise","Pre-Seed, Seed, Series A",2014,"Dean Dorrell, James Synge, Tonino Belmonte",82,13,,,"$400,000,000",pitch@carthonacapital.com
,Causeway Media Partners,http://causeway.vc/about,USA,Cambridge,"Media, Entertainment, Gaming, Health & Wellness, Sports",Late Stage,2013,"Wyc Grousbec, Bob Higgins, Mark Wan",32,7,"$5,000,000","$20,000,000","$340,000,000",info@causeway.vc
,Cavallo Ventures,https://www.cavallovc.com/,USA,San Francisco,"Climate & Sustainability, Biotech, Food & Beverage, Agriculture","Early Stage, Late Stage",2017,Wilbur-Ellis,37,1,,,"$10,100,000,000",+1 (415)-772-4000
,Cavalry Ventures,https://cavalry.vc,Germany,Berlin,"Consumer, Enterprise, AI & ML, Big Data & Analytics","Pre-Seed, Seed",2015,"Rouven Dresselhaus, Claude Ritter, Stefan Walter, Markus Fuhrmann, Marcel Hollerbach, Dominik Matyka",75,7,"€500,000","€2,000,000","€80,000,000",hello@cavalry.vc
,CCV Claremont Creek Ventures,https://claremontcreek.com/,USA,Oakland,"Healthcare, Fintech, Life Sciences, Biotech, Industrial, Energy","Seed, Early Stage",2005,"Nat Goldhaber, John Steuart, Randy Hawks",96,45,,,,+1 (510) 740-5001
,Ceyuan Ventures,http://www.ceyuan.com/en/index.html,China,"Beijing, Hong Kong","Government Technology, Marketplace, Internet & Mobile",Early Stage,2004,Bo Feng,203,48,,,"$282,000,000",info@ceyuan.com
,Chaac Ventures,https://chaacventures.com,USA,Santa Monica,"Media, Big Data & Analytics, Transportation, Entertainment, Social, Crypto & Blockchain, Deep Tech & Hard Science, Fintech, Health & Wellness","Early Stage, Seed",2015,Luke Armour,21,1,"$250,000","$1,000,000",,info@chaacventures.com
,Change Ventures,https://changeventures.com,Estonia,Tallinn,Internet & Mobile,"Pre-Seed, Seed, Series A",2016,Andris K. Berzins,26,1,"€400,000","€3,000,000","€60,800,000",info@changeventures.com
,Chanzo Capital,https://chanzocapital.com,"Ghana, USA, Mauritius","Accra, Atlanta, Port Louis","Fintech, E-Commerce, Media, Healthcare, Climate & Sustainability, Agriculture","Seed, Series A, Series B, Series C, Pre-Seed",2014,Andile Ngcaba,12,,"$50,000","$5,000,000",,emko@chanzocapital.com
,Chapter One Ventures,https://chapterone.com/,USA,Santa Monica,"Crypto & Blockchain, Consumer, Social, Fintech",Early Stage,2017,Jeff Morris Jr.,112,15,,"$1,000,000","$40,000,000",gm@chapterone.com
,Charge VC,https://charge.vc/,USA,New York,"Crypto & Blockchain, Transportation, Industrial, Fintech, DTC, Developer Tools, Internet & Mobile, API, Healthcare, Big Data & Analytics, AI & ML, Food & Beverage, Creator Economy","Seed, Early Stage, Pre-Seed",2015,"Brett Martin, Chris Habachy",56,14,"$250,000","$750,000","$3,500,000",
,Charles River Ventures,https://www.crv.com/,USA,"San Francisco, Palo Alto, Boston","Biotech, Consumer, Enterprise, Creator Economy, SaaS","Early Stage, Series A, Seed",1970,"Dave Salvant, Rick Burnes, Songe Laron",626,153,"$10,000,000","$20,000,000","$2,600,000,000",careers@crv.com
,Check24 Ventures,https://www.check24.vc/,Germany,Frankfurt,"Fintech, InsurTech, Marketplace, SaaS",Early Stage,2016,"Eckhard Juls, Henrich Blase, Matthias Orlopp",8,2,,"€1,000,000","€60,000,000",ventures@check24.de
,Cherry Ventures,https://www.cherry.vc/,"Germany, United Kingdom, Sweden","Berlin, London, Stockholm","Climate & Sustainability, Consumer, Fintech, Healthcare, Industrial, Mobility, SaaS","Pre-Seed, Seed",2012,Filip Felician Dames,165,14,"€300,000","€3,000,000","€695,000,000",deal@cherry.vc
,Cherubic Ventures,https://cherubic.com,"Taiwan, USA, China","Taipei, San Francisco, Shanghai","Consumer, Enterprise, Crypto & Blockchain, Healthcare","Early Stage, Seed",2014,"Matt Cheng,",157,13,"$500,000","$1,000,000","$210,900,000",admin@cherubic.com
,Chicago Ventures,https://chicagoventures.com,USA,Chicago,"Consumer, Education, Enterprise, Entertainment, Gaming, Healthcare, Travel & Hospitality, Supply Chain & Logistics, Media, Proptech & Real Estate, Robotics, Automation, Productivity, Government Technology, InsurTech, Creator Economy, Manufacturing, Legal, Agriculture, Fintech",Seed,2012,Stuart Larkins,156,47,"$1,500,000","$2,000,000","$1,500,000,000",info@chicagoventures.com
,Chile Global Ventures,https://chileglobalventures.cl,Chile,Santiago,"Entertainment, Education, Fintech, Food & Beverage, Supply Chain & Logistics, Proptech & Real Estate, Robotics, Climate & Sustainability, Travel & Hospitality, Agriculture, SaaS, Healthcare",Early Stage,2008,Felipe Matta Navarro,60,17,"$500,000","$1,500,000","$120,000,000",chileglobalventures@fch.cl
,Chingona Ventures,https://www.chingona.ventures/,USA,Chicago,"Fintech, Health & Wellness, Education",Pre-Seed,2019,Samara Hernandez,32,0,"$250,000","$1,000,000","$58,000,000",
,Chrysalix Energy Venture Capital,https://www.chrysalix.com/,"Canada, Netherlands","Vancouver, Delft","AI & ML, IoT, Robotics, Crypto & Blockchain, Big Data & Analytics, Transportation, Supply Chain & Logistics, Manufacturing, Agriculture, Construction","Early Stage, Series A, Seed",2001,Dr. Wal Van Lierop,84,12,"$2,000,000","$3,000,000","$25,000,000",info@chrysalix.com
,Cisco Investments,https://ciscoinvestments.com,USA,San Francisco,"Cloud, Enterprise, IoT, Productivity, Developer Tools, Cybersecurity",Late Stage,1993,"Leonard Bosack, Sandy Lerner",459,234,,"$50,000,000","$220,000,000",
,Clearstone Venture Partners,https://clearstone.com,USA,"Santa Monica, San Francisco","Fintech, Enterprise, Marketplace, Deep Tech & Hard Science, Automative, SaaS","Early Stage, Late Stage, Seed, Debt",1997,"William Elkus, Sumant Mandal",104,25,"$250,000","$1,000,000","$200,000,000",info@clearstone.com
,Cleo Capital,https://cleocap.com,USA,San Francisco,"Future of Work, Creator Economy, Consumer, Fintech, InsurTech, Proptech & Real Estate, Legal","Pre-Seed, Early Stage",2018,Sarah Kunst,44,,,,"$3,500,000",sarah@cleocap.com
,Clever Capital,https://clevercapital.eu/,Romania,Cluj-Napoca,"Fintech, Crypto & Blockchain",Early Stage,2017,Bianca Rusu,12,1,,,,contact@clevercapital.eu
,Cleverage VC,https://cleverage.vc/,Romania,Bucharest,Healthcare,Seed,2019,Alexandru Popescu,9,0,"€50,000","€200,000","€950,000",alexandru.popescu@cleverage.vc
,Collaborative Fund,https://collaborativefund.com,USA,New York,"Climate & Sustainability, Food & Beverage, Health & Wellness, Healthcare, Fintech, Agriculture","Seed, Early Stage, Late Stage, Series A, Series B",2010,Craig Shapiro,331,95,"$9,000,000","$25,000,000","$215,000,000",ian@collaborativefund.com
,Collider Ventures,https://collider.vc,Israel,Tel Aviv-Yafo,"Fintech, Crypto & Blockchain, Creator Economy, Developer Tools, Gaming",Early Stage,2018,"Adam Benayoun, Avishay Ovadia, Ofer Rotem",15,,,,"$8,500,000",invest@collider.vc
,CommerzVentures,https://commerzventures.com/,Germany,Frankfurt,"Fintech, InsurTech",Series A,2014,Patrick Meisberger,44,3,"€3,000,000","€20,000,000","€550,000,000",
,Company K Partners,http://kpartners.co.kr/wordpress/en/,South Korea,Seoul,"Internet & Mobile, Consumer, SaaS, Biotech, Manufacturing",Early Stage,2006,Hak-Beom Kim,415,28,,,,+82-2-568-8470
,Compound,https://compound.vc/,USA,New York,"AI & ML, Healthcare, Crypto & Blockchain, Robotics, Fintech, SaaS","Seed, Early Stage",2008,David Hirsch,215,90,"$500,000","$600,000","$142,000,000",info@compound.vc
,Concentric,https://concentric.vc/,"Denmark, United Kingdom","Copenhagen, London","Proptech & Real Estate, Crypto & Blockchain, Industrial, Transportation, Enterprise, Fintech",Early Stage,2013,"Denis Shafranik, Kjartan Rist",28,3,"€500,000","€5,000,000","€14,500,000",info@concentric.vc
,Conductive VC,https://conductive.vc/,USA,Palo Alto,"AI & ML, Crypto & Blockchain, Enterprise, SaaS, Industrial, IoT, Robotics, Automation, Hardware & Industrials, Fintech, Hardware",Late Stage,2017,"Carey Lai, Paul Yeh, Takashi Nishikawa",34,6,"$5,000,000","$10,000,000","$200,000,000",info@conductive.vc
,Confrapar,https://confrapar.com.br,Brazil,São Paulo,"Fintech, Marketplace, Robotics, Consumer, Education, Energy",Early Stage,2008,Kadu Guillaume,29,2,,,"R$70,000,000",comunicacao@confrapar.com.br
,Connect Ventures,https://connectventures.co,United Kingdom,London,"SaaS, Crypto & Blockchain, Enterprise, AR & VR, Creator Economy, Education","Seed, Pre-Seed",2012,"Pietro Bezza, Sitar Teli",127,27,"£200,000","£1,000,000","£80,000,000",
,Connetic Ventures,https://conneticventures.com,USA,"Pittsburgh, Chicago, Convington","Consumer, Fintech, Big Data & Analytics, Government Technology, SaaS","Pre-Seed, Seed",2014,Brad Zapp,136,17,"$250,000","$500,000","$25,000,000",info@connetic.ventures
,Contrarian Ventures,https://cventures.vc,"Lithuania, United Kingdom, Netherlands","Vilnius, London, Amsterdam","Transportation, Climate & Sustainability, Energy","Pre-Seed, Seed, Series A, Series B, Early Stage",2017,"Marc Wesselink, Nityen Lal, Ori Glezer, Rokas Peciulaitis, Tom Bronfeld",19,2,"€500,000",,"€101,000,000",info@cventures.vc
,Convexa,https://www.convexa.com/,Norway,Oslo,"Food & Beverage, Robotics, AI & ML, Consumer, Enterprise, Climate & Sustainability, SaaS",Early Stage,2000,Dr. Bjørge Gretland,22,3,,,,post@convexa.com
,Core Innovation Capital,http://corevc.com/,USA,"Los Angeles, San Francisco","Consumer, API, Fintech, Healthcare, InsurTech, Proptech & Real Estate","Early Stage, Seed",2011,Arjan Schütte,86,15,"$100,000","$10,000,000","$220,000,000",info@corevc.com
,Cornerstone VC,https://www.cornerstonevc.co/,United Kingdom,London,"Supply Chain & Logistics, Proptech & Real Estate, Infrastructure, Healthcare, Climate & Sustainability, Human Resources, Productivity, Future of Work, Enterprise, SaaS, Big Data & Analytics, Cybersecurity, Crypto & Blockchain, E-Commerce, Marketplace, Advertising, Marketing, Social","Pre-Seed, Seed",2016,"Edwin Appiah, Rodney Appiah, Wilfred Fianko",14,0,"£250,000","£1,000,000","£20,000,000",team@cornerstonevc.co
,Cortado Ventures,https://cortado.ventures/,USA,Oklahoma City,"Fintech, Biotech, Aerospace & Space, Supply Chain & Logistics, InsurTech, Climate & Sustainability, Enterprise, Energy, Agriculture","Series A, Seed, Pre-Seed",2020,"David Woods, Mike Moradi, Nathaniel Harding",32,0,"$200,000","$500,000","$20,000,000",investors@cortado.ventures
,Costanoa Ventures,https://costanoavc.com,USA,"Palo Alto, San Francisco","Fintech, AI & ML, SaaS, Future of Work, Devops","Early Stage, Seed, Series A",2012,Greg Sands,164,20,"$2,000,000","$5,000,000","$890,000,000",info@costanoavc.com
,Cota Capital,https://cotacapital.com,USA,San Francisco,"Media, Hardware, Internet & Mobile, SaaS","Seed, Early Stage, Late Stage",2015,"Babak Poushanchi, Bobby Yazdani",184,37,,,"$34,000,000",ir@cotacapital.com
,CoVenture,https://coventure.vc,USA,Miami,"E-Commerce, Media, Entertainment, DTC, SaaS",Early Stage,2014,Ali Hamed,56,16,"$25,000","$200,000",,info@coventure.vc
,CPT Capital,https://cptcap.com/,United Kingdom,London,"Biotech, Food & Beverage",Pre-Seed,2013,Jeremy Coller,49,,,,,contact@cptcap.com
,Cradle Fund,https://cradle.com.my,Malaysia,Kuala Lumpur,"Fintech, IoT, Internet & Mobile, Supply Chain & Logistics, Media, Automation, Cybersecurity, Travel & Hospitality, Future of Work, SaaS",Early Stage,2003,"Norman Matthieu Vanhaecke, Juliana Jan, Ahmad Kashfi, Eliza Elias, Harmender Singh",36,2,"RM 100,000","RM 1,000,000",,enquiries@cradle.com.my
,Craft Ventures,https://craftventures.com,USA,San Francisco,"SaaS, Marketplace, Enterprise",Series A,2017,David Sacks,259,22,,,"$1,100,000,000",jessica@craftventures.com
,CRE Venture Capital,https://cre.vc,USA,New York,"Supply Chain & Logistics, Fintech, Marketplace, Healthcare",Early Stage,2015,Pardon Makumbe,58,5,,,"$11,000,000",info@cre.vc
,Creandum,https://creandum.com,"United Kingdom, USA, Germany, Sweden","Stockholm, Berlin, London, San Francisco","Creator Economy, Crypto & Blockchain, Climate & Sustainability",Early Stage,2003,Staffan Helgesson,234,59,,,"$500,000,000",info@creandum.com
,Creathor,https://www.creathor.com/,"Germany, Switzerland","Bad Homburg, Zürich, Meilen","Automation, Industrial, Healthcare, Cloud, SaaS","Early Stage, Late Stage, Seed",2003,Gert Kohler,220,7,,,"$250,000,000",creathor@creathor.com
,Credo Ventures,https://credoventures.com,Czechia,"Prague, San Francisco","Healthcare, Internet & Mobile, Enterprise, Developer Tools","Early Stage, Seed, Series A, Series B",2009,Ondrej Bartos,53,11,"€50,000","€10,000,000","€170,000,000",info@credoventures.com
,Crosscut Ventures,https://crosscutventures.com,USA,Los Angeles,"Transportation, Social, Proptech & Real Estate, Media, Entertainment, Internet & Mobile, Health & Wellness, Gaming, Enterprise, E-Commerce, Crypto & Blockchain, Consumer, Sports, Advertising","Seed, Early Stage, Late Stage",2008,"Rick Smith, Brian Garrett, Brett Brewer",145,24,"$1,000,000","$3,500,000","$221,000,000",info@crosscut.vc
,Crosslink Capital,https://crosslinkcapital.com,USA,San Francisco,"Consumer, Enterprise, Cloud, Automation, AI & ML, Deep Tech & Hard Science","Seed, Early Stage",1989,"Michael Stark, Sy Kaufman",432,98,"$1,000,000","$9,000,000","$1,300,000,000",info@crosslinkcapital.com
,Crowberry Capital,https://crowberrycapital.com,Iceland,Reykjavík,"Enterprise, Big Data & Analytics, SaaS, Healthcare, AI & ML, DTC, Crypto & Blockchain, Cloud","Early Stage, Seed",2017,"Hekla Arnardóttir, Helga Valfells, Jenny Ruth Hrafnsdottir",18,1,,"$2,000,000","$90,000,000",hello@crowberrycapital.com
,Cultivation Capital,https://cultivationcapital.com,USA,"Greenville, St. Louis","Fintech, Healthcare, Life Sciences, Agriculture, SaaS","Early Stage, Seed, Growth",2012,"Matt Badler, Mark Bakken",216,30,"$100,000","$3,500,000","$25,500,000",info@cultivationcapital.com
,Cultivian Sandbox Ventures,https://cultiviansbx.com,USA,Chicago,"Climate & Sustainability, Biotech, AI & ML, Robotics, Automation, Manufacturing, Agriculture, SaaS",Early Stage,2008,"Amanda Donohue-Hansen, Steve Engelberg, Taryn Goodman Gallery, Ron Meeusen, Dan Phillips",40,8,"$1,000,000","$10,000,000","$248,000,000",contactus@cultiviansbx.com
,Cure Kids Ventures,https://curekidsventures.co.nz/,New Zealand,Auckland,"Healthcare, Health & Wellness","Early Stage, Seed",2008,,22,4,,,,info@curekidsventures.co.nz
,CV VC,https://cvvc.com,"Switzerland, Colombia, Lithuania","Cape Town, Zug, Vaduz",Crypto & Blockchain,"Seed, Early Stage",2018,Mathias Ruch,49,6,,,"$3,500,000",+41 41 7250880
,Cyber Agent Capital,https://www.cyberagentcapital.com/,"China, South Korea, Thailand, Japan, USA, Taiwan, Vietnam, Indonesia","Beijing, Jakarta, Shanghai, Shenzhen, San Francisco, Seoul, Tokyo, Bangkok, Taipei, Ho Chi Minh City","Fintech, Entertainment, SaaS, AI & ML, Education, AR & VR, Consumer, Proptech & Real Estate, DTC, IoT, Healthcare, Marketplace","Seed, Early Stage",2006,Hirofumi Kondo,249,40,,,"$185,800,000",cac_public@ext.cyberagent.co.jp
,Cycle Capital,https://cyclecapital.com,Canada,"Montréal, Toronto","Climate & Sustainability, Energy, Industrial, Agriculture, IoT","Seed, Early Stage, Growth",2005,Andrée-Lise Méthot,63,2,"$1,500,000","$3,000,000","$657,100,000",amethot@cyclecapital.net
,Czysta3,https://czysta3.vc/,Poland,Sleza,"IoT, Fintech, Internet & Mobile, Cloud, E-Commerce","Seed, Pre-Seed",2018,Radek Tadajewski,24,1,,"€1,000,000","€50,000,000",hello@czysta3.vc
,DAAL Ventures,https://daal.ventures/,Saudi Arabia,Al Khobar,"Marketplace, Fintech, SaaS, AI & ML, DTC, Big Data & Analytics, IoT",Early Stage,2018,Abdulrahman Alqahtani,16,3,,,,Info@daal.io
,DAG Ventures,https://dagventures.com,USA,Palo Alto,"Internet & Mobile, SaaS, Enterprise, Cybersecurity","Early Stage, Growth",2004,Tom Goodrich,256,101,"$10,000,000","$100,000,000","$1,300,000,000",info@dagventures.com
,Dalus Capital,https://daluscapital.com,Mexico,Mexico City,"Enterprise, Fintech, Education, Proptech & Real Estate, Healthcare, Productivity, Consumer, Climate & Sustainability, SaaS","Seed, Series A, Series B",2015,"Diego Serebrisky, Rogelio De Los Santos",41,7,"$500,000","$6,000,000","$50,000,000",info@daluscapital.com
,Damgaard Company,https://www.damgaard.com/,Denmark,Copenhagen,"SaaS, Enterprise, Marketplace, AI & ML, Cloud","Early Stage, Seed",2003,Preben Damgaard,19,10,,,,info@damgaard.com
,DAOL Investment,http://daolinvestment.com/,"South Korea, USA, China","Sŏngnam, Palo Alto, Shanghai","Entertainment, Media, Creator Economy, Internet & Mobile, Industrial, Biotech, Healthcare, Consumer, Crypto & Blockchain, SaaS","Early Stage, Late Stage, Seed",1981,Shin Jin Ho,2,1,,,"$37,000,000",webmaster@daolinvestment.com
,Darling Ventures,https://darlingventures.com,USA,San Francisco,"Big Data & Analytics, Automation, Crypto & Blockchain","Pre-Seed, Seed",2013,Daniel Darling,32,3,,"$500,000",,contact@darlingventures.com
,Data Collective,https://www.dcvc.com/,USA,"Palo Alto, San Francisco","Climate & Sustainability, Crypto & Blockchain, Cybersecurity, Aerospace & Space, AI & ML, Deep Tech & Hard Science, Enterprise, Healthcare, Industrial, Agriculture","Seed, Series A",2011,"Matt Ocko, Zack Bogue",469,135,,,"$725,000,000",
,Day One Ventures,https://dayoneventures.com,USA,San Francisco,"Crypto & Blockchain, Food & Beverage, Productivity, Legal, Human Resources","Pre-Seed, Seed, Series A",2017,Masha Bucher,65,13,"$100,000","$5,000,000","$72,600,000",pitch@dayoneventures.com
,DC Ventures,http://www.dcventures.vc/,"USA, Ireland, Argentina","Washington, Dublin, Buenos Aires","Fintech, E-Commerce, Media, IoT, Food & Beverage, Gaming, Social","Seed, Pre-Seed",2012,"Emily Sarah Hersh, Jonathan Rivas, Kyran Culhane",12,2,"$10,000","$100,000","$1,000,000",
,DCM,https://www.dcm.com/,"USA, China, Japan","Beijing, Tokyo, San Francisco","Internet & Mobile, Consumer, Social, Gaming, SaaS","Seed, Early Stage, Series A",1996,"David Chao, Dixon Doll,",400,56,"$500,000","$2,000,000","$25,000,000,000",businessplan@dcm.com
,Deeptech Ventures,https://deeptechventures.io,Switzerland,Zürich,"Deep Tech & Hard Science, Crypto & Blockchain",Early Stage,2017,Alexander Christen,27,1,,"$4,000,000",,
,Delta Partners ireland,https://www.deltapartners.com/,"Ireland, United Kingdom","Dublin, London","Healthcare, Internet & Mobile","Seed, Early Stage, Series A",1994,Maurice Roche,46,20,"€100,000","€3,000,000","€230,000,000",info@deltapartners.com
,DH Ventures,https://dhventures.vc/,"Singapore, Germany","Singapore, Berlin","E-Commerce, DTC, Marketplace, Industrial, Internet & Mobile, Food & Beverage, Consumer, Supply Chain & Logistics, Fintech","Seed, Early Stage, Late Stage",2021,Brendon Blacker,29,2,,,"$20,000,000",info@dhventures.vc
,Digevo Ventures,https://digevoventures.com,Chile,Las Condes,"AI & ML, Internet & Mobile, Gaming, Education, SaaS, Healthcare",Early Stage,2008,"Roberto Musso, Rodolfo Soria-Galvarro, Alfonso Cadiz, Rodrigo Musalemcarla Bustamante,",23,,,,,hello@digevoventures.com
,Digital Sky Technologies,https://dst-global.com/,"USA, United Kingdom, China","London, New York, Hong Kong, Beijing, San Francisco","Internet & Mobile, Productivity, Social, Enterprise, Fintech, SaaS","Late Stage, Series C",2009,"Yuri Milner, Saurabh Gupta, John Lindfors, Rahul Mehta, Tom Stafford",239,36,"$10,000,000","$100,000,000","$688,000,000",info@dst-global.com
,DILA Capital,https://dilacapital.com,Mexico,Mexico City,"Media, Productivity, Education, E-Commerce, Fintech, Internet & Mobile, Marketplace","Early Stage, Series A",2011,Alejandro Diez Barroso,35,2,,,"$85,000,000",info@dilacapital.com
,District Venture Capital,https://www.districtventurescapital.com/,"Canada, USA","Toronto, Calgary","Food & Beverage, Health & Wellness",Early Stage,2016,Arlene Dickinson,20,,"$2,000,000","$10,000,000","$100,000,000",contact@districtventurescapital.com
,DN Capital,https://dncapital.com,USA,San Mateo,"Fintech, SaaS, Media, E-Commerce, Marketplace, Internet & Mobile","Seed, Series A, Early Stage, Growth",2000,"Nenad Marovac, Steve Schlenker",264,58,,"$20,000,000","$844,000,000",info@dncapital.com
,Domain Associates,https://domainvc.com,USA,Jersey City,"Life Sciences, Healthcare",Early Stage,1985,Jesse Treu,470,281,,,"$1,200,000,000",contact@domainvc.com
,Downing Ventures,https://downingventures.com,United Kingdom,London,"Healthcare, Deep Tech & Hard Science, Enterprise","Early Stage, Growth",1986,Gideon Shmuel,203,51,,,"£10,000,000",
,Draper Cygnus,https://drapercygnus.vc,Argentina,Buenos Aires,"Deep Tech & Hard Science, Biotech, Aerospace & Space, IoT, AI & ML","Seed, Early Stage, Series A",2020,"Diego Gonzalez Bravo, Diego Steverlynck, Ignacio Plaza, Tim Draper",29,3,,,,info@cygnusvc.com
,Draper VC,https://draper.vc,USA,Silicon Valley,"Government Technology, Life Sciences, Biotech, Food & Beverage, Crypto & Blockchain, Education, Energy, Fintech, Healthcare, Mobility, Legal, Aerospace & Space",Seed,1985,Tim Draper,406,123,,,"$230,000,000",plans@draper.vc
,DreamIt Ventures,https://dreamit.com,USA,"Philadelphia, New York","Healthcare, Cybersecurity, Life Sciences, Hardware & Industrials","Seed, Early Stage",2008,"Steve Welch, David Bookspan",528,205,"$500,000",,"$54,800,000",
,Drive Capital,https://drivecapital.com,USA,Columbus,"Robotics, Future of Work, Education, AI & ML, Healthcare, Fintech, Cybersecurity","Early Stage, Late Stage",2012,Christopher Olsen,115,17,,,"$650,000,000",
,DSC Investment,http://dscinvestment.com/vol2/eng/,South Korea,Seoul,"Consumer, AI & ML, Fintech, Hardware & Industrials, Biotech, Health & Wellness",Seed,2012,Yoon Gun-Soo,53,4,,,"$150,000,000",+82 2-3453-3190
,Dune Ventures,https://dune.ventures/,USA,New York,Gaming,"Seed, Series A",2020,David Brillembourg Jr.,19,1,,,"$450,000,000",info@dune.ventures
,Dutch Founders Fund,https://dutchfoundersfund.com,Netherlands,Amsterdam,"Media, Biotech, Enterprise, Fintech, SaaS, Supply Chain & Logistics, Healthcare, Education, Climate & Sustainability, Marketplace, Crypto & Blockchain","Early Stage, Pre-Seed, Seed, Series A",2019,Hidde Hoogcarspel,29,3,,,"€62,000,000",basrieter@dutchfoundersfund.com
,Earlybird Venture Capital,https://earlybird.com,Germany,"Berlin, Munich","Biotech, Crypto & Blockchain, Cybersecurity, E-Commerce, Education, Enterprise, Productivity, Fintech, Gaming, IoT, Healthcare, Supply Chain & Logistics, AI & ML, Marketplace, Media, Proptech & Real Estate, Travel & Hospitality, DTC, Robotics, Transportation, Legal, SaaS","Early Stage, Late Stage, Seed",1997,"Benjamin Wilkening, Cem Sertoglu, Christian Nagel, Hendrik Brandis, Roland Manger, Rolf Mathies",158,42,"€200,000","€15,000,000","€2,000,000,000",info@earlybird.com
,East Ventures,https://east.vc,"Singapore, Indonesia, Japan","Singapore, Jakarta, Tokyo","AI & ML, Cybersecurity, E-Commerce, Fintech, Health & Wellness, Supply Chain & Logistics, DTC, Education, Agriculture","Seed, Growth",2009,"Batara Eto, Taiga Matsuyama, Willson Cuaca",514,49,,,"$1,100,000,000",info@east.vc
,EchoVC Partners,https://echovc.com,"Nigeria, Kenya, United Kingdom","Lagos, Nairobi, London","Fintech, DTC, Media, Entertainment, Transportation, Energy","Seed, Early Stage",2011,Eghosa Omoigui,41,7,"$50,000","$20,000,000","$41,000,000",founders@echovc.com
,Eclipse Ventures,https://eclipse.vc/,USA,Palo Alto,"Proptech & Real Estate, Consumer, Healthcare, Industrial, Supply Chain & Logistics, Transportation, Aerospace & Space, Manufacturing, Infrastructure, Energy",Early Stage,2015,Lior Susan,120,18,"$3,000,000","$4,000,000","$510,000,000",admin@eclipse.vc
,EduCapital,https://educapital.fr,France,Paris,Education,"Late Stage, Series B, Seed, Series A",2017,Marie-Christine Levet,24,2,"€10,000,000","€50,000,000","€145,000,000",contact@educapital.fr
,Edventures,https://nmedventures.com/,Egypt,Giza,Education,"Early Stage, Seed",2017,Dalia Ibrahim,12,2,,,,info@nmedventures.com
,Egypt Ventures,https://egyptventures.com,Egypt,Cairo,"Internet & Mobile, Education, Big Data & Analytics, IoT, Marketplace, AI & ML, Productivity, Transportation, Healthcare","Seed, Early Stage, Late Stage",2017,"Mounir Nakhla, Mohamed Aboulnaga.",20,3,,,,info@egyptventures.com
,Element Venture,https://elementventures.vc/,United Kingdom,London,"Fintech, Enterprise, Crypto & Blockchain",Early Stage,2019,Michael Mcfadgen,13,0,,,"£130,000,000",info@elementventures.vc
,Elemental Excelerator,https://elementalexcelerator.com,USA,"Honolulu, Palo Alto","Transportation, Climate & Sustainability, Energy, Agriculture",Early Stage,2012,"Dawn Lippert, Jill Sims",130,20,,,"$60,500,000",hello@elementalexcelerator.com
,Elevate Capital,https://elevate.vc,USA,Hillsboro,"SaaS, Healthcare, Hardware, IoT, Climate & Sustainability, Fintech, Crypto & Blockchain","Seed, Pre-Seed, Series A",2016,Nitin Rai,61,7,"$25,000","$2,000,000","$220,000,000",hello@elevate.vc
,Elevation Capital,https://elevationcapital.com/,"USA, India","Salt Lake City, Bangalore, Gurgaon","Consumer, DTC, Crypto & Blockchain, Enterprise, SaaS, Fintech, Supply Chain & Logistics","Seed, Series A, Series B, Series C",2002,Ravi Adusumalli,250,32,"$2,000,000","$5,000,000","$2,000,000,000",info@elevationcapital.com
,Elevation Partners,https://elevation.com,USA,San Francisco,"Media, SaaS","Early Stage, Late Stage, Seed, Private Equity",2005,"Bret Pearlman, Fred Anderson, Marc Bodnick, Paul Hewson, Roger Mcnamee",20,13,"$25,000,000","$300,000,000",,info@elevation.com
,Elevator Ventures,https://elevator-ventures.com,"Austria, Russia, Hungary, Serbia, Bulgaria, Albania, Croatia, Ukraine, Slovakia, Romania","Vienna, Tuzla","Fintech, E-Commerce, SaaS, Infrastructure, Agriculture","Series A, Series B",2018,"Hannes Cizek, Maximilian Schausberger",14,3,,"€3,000,000",,office@elevator-ventures.com
,Emerald Technology Ventures,https://emerald-ventures.com,"Switzerland, Canada, Singapore","Zürich, Toronto, Singapore","Industrial, Agriculture, Energy","Early Stage, Late Stage, Seed, Series A, Series B",2000,Gina Domanig,60,9,"$10,000,000","$20,000,000","$340,700,000",info@emerald-ventures.com
,Emergence Capital,https://www.emcap.com/,USA,"San Mateo, San Francisco","Consumer, Internet & Mobile, Enterprise, AI & ML, Cloud, Future of Work, SaaS","Late Stage, Series A",2003,Gordon Ritter,285,78,,,"$575,000,000",hello@emcap.com
,EmergeVest HK Ltd.,https://emergevest.com/,"China, Singapore, United Kingdom, USA","Hong Kong, Singapore, Aylesbury, Cayman Island","Fintech, Enterprise",Early Stage,2013,Heath Zarin,28,8,"$500,000","$2,000,000","$750,000,000",info@emergevest.com
,Emil Capital Partners,https://emilcapital.com,USA,Greenwich,"Health & Wellness, Education, Consumer, DTC, Food & Beverage","Early Stage, Seed",2009,Andreas Guldin,41,8,"$500,000","$3,000,000",,info@emilcapitalpartners.com
,Endeavour Vision,https://endeavourvision.com,"Switzerland, USA","Geneva, Minneapolis","Health & Wellness, Healthcare","Early Stage, Late Stage",2000,"Bernard Vogel, Damien Tappy, Sven Lingjaerde",125,78,"$10,000,000","$30,000,000","$810,000,000",+41 22 544 6000
,Endeit Capital BV,https://endeit.com/,"Sweden, Netherlands, Germany","Hamburg, Stockholm, Amsterdam","Internet & Mobile, AI & ML",Growth,2006,Hubert Deitmers,47,28,"€5,000,000","€5,000,000","€303,000,000",info@endeit.se
,Endiya,https://endiya.com,India,"Bangalore, Hyderābād","Healthcare, Deep Tech & Hard Science, Fintech, SaaS, Life Sciences, Consumer, Internet & Mobile, AI & ML, Crypto & Blockchain, Cybersecurity, Education","Series A, Seed",2015,Sateesh Andra,49,5,"$500,000","$1,500,000","$39,000,000",contact@endiya.com
,Endure Capital,https://endurecap.com,"Egypt, Netherlands, USA, United Arab Emirates","Cairo, Amsterdam, Palo Alto, Dubai","Healthcare, E-Commerce, Marketplace, SaaS","Early Stage, Seed",2015,Tarek Fahim,46,4,,"$14,000,000","$80,000,000",contact@endurecap.com
,Eniac Ventures,https://eniac.vc,USA,New York,"Enterprise, Consumer, Deep Tech & Hard Science, Fintech, Healthcare, Crypto & Blockchain, Climate & Sustainability","Early Stage, Seed",2009,"Hadley Harris, Nihal Mehta, Tim Young, Vic Singh",244,53,"$350,000","$3,000,000","$300,400,000",
,Enterprise Equity Venture Capital Group,https://www.enterpriseequity.ie/,Ireland,"Dublin, Cork","Media, Healthcare",Early Stage,1987,Dan Flinter,88,18,,"€2,000,000",,info@enterpriseequity.ie
,Enterprise Ireland,https://enterprise-ireland.com,"Ireland, Germany, Hungary, Denmark, France, Netherlands, Italy, Sweden, Spain, Czechia, United Kingdom, Belgium, Poland, Brazil, USA, Canada, United Arab Emirates, Australia, China, Japan, Singapore, Vietnam, India, South Korea, Saudi Arabia, Nigeria, South Africa, Kenya","Dublin, Düsseldorf, Budapest, Paris, Amsterdam, Milan, Stockholm, Madrid, Prague, London, Brussels, Warsaw, São Paulo, Austin, Toronto, New York, Dubai, Sydney, Hong Kong, Tokyo, Singapore, Ho Chi Minh City, Beijing, Mumbai, Seoul, Riyadh, Lagos, Johannesburg, Nairobi, Shannon, København","Life Sciences, Industrial","Pre-Seed, Seed, Series A, Series B, Series C",1998,,686,78,,"€50,000","€216,100,000",equitydept@enterprise-ireland.com
,Entrepreneurs Roundtable Accelerator,https://eranyc.com,USA,New York,"Enterprise, Consumer, Internet & Mobile, Fintech, SaaS, E-Commerce, Healthcare, Education, Proptech & Real Estate, Supply Chain & Logistics, IoT, Media, Marketing",Seed,2011,"Charlie Kemper, Jonathan Axelrod, Murat Aktihanoglu",330,31,"$100,000",,"$1,000,000,000",
,Eos Venture Partners,https://eosventurepartners.com,"United Kingdom, USA","London, New York, Los Angeles, Philadelphia","InsurTech, Cybersecurity, Fintech",Series A,2016,"Carl G. Bauer-Schlichtegroll, Sam Evans, Jonathan Kalman, Zack Powell",20,1,"$8,000,000","$12,000,000","$85,000,000",connect@eosventurepartners.com
,EQ2 Ventures,https://eq2ventures.com,United Arab Emirates,Dubai,"Advertising, E-Commerce, Fintech, Healthcare, Education, Marketplace","Seed, Series A, Series B",2015,Patrick Thiriet,32,1,,,"$5,100,000",info@eq2ventures.com
,EQT Ventures,https://eqtventures.com,"USA, France, Germany, United Kingdom, Sweden","San Francisco, Paris, Berlin, London, Stockholm","Cybersecurity, Biotech, Social, Media, E-Commerce, AR & VR, AI & ML, Fintech, Gaming, Internet & Mobile, Developer Tools, Manufacturing, Automative, SaaS","Late Stage, Early Stage",2016,"Hjalmar Winbladh, Kees Koolen, Lars Jörnow",153,13,"€2,000,000","€50,000,000","€1,400,000,000",hello@eqtventures.com
,ESP Capital,https://espcapital.net,"Vietnam, USA, Singapore","Ho Chi Minh City, Dover, Singapore","Proptech & Real Estate, Healthcare, Education, DTC, Transportation, Travel & Hospitality, Entertainment",Early Stage,2017,Nam Nguyen,14,2,,,"$1,500,000",contact@espcapital.net
,Eurazeo,https://www.eurazeo.com/en/businesses/private-equity/venture-capital,"USA, Brazil, United Kingdom, Spain, France, Luxembourg, Germany, Italy, Singapore, China, South Korea","New York, São Paulo, London, Madrid, Paris, Luxembourg, Frankfurt, Milan, Berlin, Singapore, Shanghai, Seoul","DTC, Cloud, Climate & Sustainability, Consumer, Enterprise, Healthcare, Fintech, Food & Beverage, Internet & Mobile, Industrial, Travel & Hospitality, Life Sciences, Proptech & Real Estate, Advertising, Marketing, SaaS","Early Stage, Series C, Seed, Series A, Series B",2001,"Michel David-Weill, Virginie Morgon",220,50,,,"€3,250,000,000",accueil@eurazeo.com
,Evolution Equity Partners,https://evolutionequity.com,"USA, Switzerland","New York, Palo Alto, Zürich","SaaS, Cybersecurity, Enterprise, AI & ML, Internet & Mobile, Social, Cloud","Seed, Early Stage, Late Stage, Series A, Series B, Growth",2008,"Richard Seewald, Dennis Smith",60,12,"$2,000,000","$10,000,000","$400,000,000",info@evolutionequity.com
,Exor,https://www.exor.com/,USA,New York,"AI & ML, Education, Travel & Hospitality, SaaS, Fintech, DTC","Seed, Pre-Seed",2018,Diego Piacentini,9,0,"$150,000",,,
,Expara Ventures,https://www.expara.com/,"Thailand, Vietnam","Bangkok, Ho Chi Minh City","Food & Beverage, IoT, E-Commerce, Healthcare, Travel & Hospitality, Social, Marketplace, Government Technology, Cloud, Proptech & Real Estate, Fintech, AI & ML, Health & Wellness, Gaming, Climate & Sustainability, Education, Hardware, Biotech, API, SaaS, Media, Agriculture, Drones",Early Stage,2003,Douglas Abrams,77,9,,,,inquiries@expara.com
,Exto Partners,https://extopartners.com/,Australia,Rushcutters Bay,"Education, Industrial, Health & Wellness, Marketplace, Creator Economy, Big Data & Analytics",Late Stage,2003,"Peter Hammond, Wiliam Deane",22,7,,,,info@extopartners.com
,Extreme Venture Partners,https://evp.vc,Canada,Toronto,"Internet & Mobile, Big Data & Analytics, IoT","Seed, Pre-Seed",2007,"Imran Bashir, Ken Teslia, Ray Sharma, Sunil Sharma",72,14,"$250,000","$1,000,000",,submit@extremevp.com
,F-Prime Capital Partners,https://fprimecapital.com/,"United Kingdom, USA","Cambridge, London, San Francisco","Enterprise, Fintech, Healthcare",Early Stage,1969,Stephen Knight Md,466,135,,,"$30,000,000",info@fprimecapital.com
,F2 Capital,https://www.f2vc.com/,Israel,Tel Aviv-Yafo,"Deep Tech & Hard Science, AI & ML, Cybersecurity, Fintech, InsurTech, Big Data & Analytics",Seed,2016,Eddy Shalev,24,7,,"$4,000,000","$250,000,000",contact@f2vc.com
,Faber Ventures,https://www.faber-ventures.com/,Portugal,Lisbon,"AI & ML, Big Data & Analytics, Climate & Sustainability, Crypto & Blockchain, Deep Tech & Hard Science","Early Stage, Seed, Pre-Seed",2013,"Alexandre Barbosa, Diogo Mónica",36,,"€100,000","€1,500,000",,pitch@faber.vc
,Fabric Ventures,https://fabric.vc,"Luxembourg, United Kingdom","Luxembourg, London","Crypto & Blockchain, Fintech, Media, Healthcare, Developer Tools, Internet & Mobile, Education, Future of Work","Seed, Pre-Seed, Series A",2012,Anil Hansjee,71,11,"$30,000,000",,"$140,000,000",info@fabric.vc
,Fast Track Venture,http://fast-track.asia/,South Korea,Seoul,"Education, Food & Beverage, Proptech & Real Estate, DTC, Consumer, Supply Chain & Logistics",Seed,2012,"Jiwoong Park, Daniel Shin, Chester Roh",10,1,,,"$11,000,000",sol@fast-track.asia
,Fastbreak Ventures,https://fastbreak.co,Canada,Toronto,"Proptech & Real Estate, Healthcare, Fintech","Pre-Seed, Seed",2013,"Matt Saunders, Alan Lysne",41,8,,,"$6,000,000",
,Felix Capital,https://felixcap.com,United Kingdom,London,"Marketplace, DTC, Consumer, Health & Wellness, Sports","Early Stage, Late Stage",2014,"Antoine Nussenbaum, Frederic Court",97,7,"£1,000,000","£10,000,000","£1,200,000,000",info@felixcap.com
,Female Founders Fund,https://femalefoundersfund.com/,USA,New York,"Enterprise, Consumer, Healthcare, Fintech",Seed,2013,Anu Duggal,61,13,"$500,000","$750,000",,hello@femalefoundersfund.com
,Fenbushi Capital,https://www.fenbushicapital.vc/index_en.html,"USA, China, Singapore","Shanghai, Singapore, New York, San Francisco","Crypto & Blockchain, Healthcare, Supply Chain & Logistics, DTC, Fintech","Seed, Early Stage",2015,Bo Shen,186,18,"$100,000","$3,000,000","$15,000,000",contact@fenbushi.vc
,ff Venture Capital,https://ffvc.com,USA,New York,"Cybersecurity, AI & ML, Cloud, Enterprise, Fintech, Education, Consumer, Big Data & Analytics, Robotics, E-Commerce, Gaming, SaaS","Early Stage, Seed, Series A, Series B, Debt",2008,"John Frankel, Mariusz Adamski",355,28,"$300,000","$700,000","$289,100,000",office@ffvc.com
,Fidelity Ventures,https://fisv.com/,United Kingdom,London,"Enterprise, API, SaaS, Crypto & Blockchain, Developer Tools, InsurTech","Early Stage, Late Stage",1969,Ramin Nia,111,44,,,"£250,000,000",ventures@fidelityventures.com
,Fifty Years,https://fiftyyears.com,USA,San Francisco,"Deep Tech & Hard Science, Healthcare, Hardware, Robotics, Climate & Sustainability, SaaS, Crypto & Blockchain","Pre-Seed, Seed",2015,"Ela Madej, Seth Bannon",117,5,,,"$140,000,000",hello@fifty.vc
,Finch,https://www.finchcapital.com/,Netherlands,Amsterdam,"Fintech, InsurTech, Proptech & Real Estate, Healthcare",Seed,2013,"Hans de Back, Radboud Vlaar",59,5,"€2,000,000","€10,000,000","€300,000,000",info@finchcapital.com
,Finlab,https://finlab.de/en/index,Germany,Frankfurt,"Crypto & Blockchain, Fintech","Early Stage, Seed",2005,Christian Angermayer,26,6,,"€3,000,000",,info@finlab.de
,Finnvera,https://finnvera.fi,Finland,Kuopio,"Healthcare, Productivity, Entertainment, Fintech",Early Stage,1999,Mika Johansson,23,23,,,,
,First Momentum Ventures,https://firstmomentum.vc,Germany,Karlsruhe,"Enterprise, AI & ML, Cloud, API, SaaS, Marketplace","Pre-Seed, Seed, Early Stage",2015,"Alexander Kaiser, Andreas Fischer, Benedikt Stolz, Karl Lorey, Sebastian Bohmer",31,,"€250,000","€1,000,000","€250,000,000",founders@firstmomentum.vc
,First Round Capital,https://firstround.com/,USA,"San Francisco, New York, Philadelphia","Consumer, Enterprise, Fintech, Healthcare, Hardware","Seed, Early Stage, Series A",2004,"Howard Morgan, Josh Kopelman, Todd Jackson",854,189,"$750,000","$4,000,000","$738,000,000",info@firstround.com
,FirstMark Capital,https://firstmarkcap.com,USA,New York,"Consumer, Enterprise, Fintech, Marketplace, SaaS, Crypto & Blockchain, Big Data & Analytics","Seed, Early Stage, Late Stage",2008,"Amish Jani, Gerald Poch, Lawrence Lenihan, Rick Heitzmann",334,52,"$250,000","$10,000,000","$2,200,000,000",info@firstmarkcap.com
,Fitz Gate Ventures,https://fitzgate.com,USA,Houston,"SaaS, E-Commerce, AI & ML, Media, Travel & Hospitality",Early Stage,2015,"Jim Cohen, Mark Poag",29,2,"$500,000",,"$25,000,000",mark@fitzgate.com
,Five Seasons Ventures,https://fiveseasons.vc,France,Paris,"Food & Beverage, Consumer, DTC","Series A, Early Stage",2016,"Ivan Farneti, Niccolo Manzoni,",34,7,"€2,000,000","€4,000,000",,info@fiveseasons.vc
,FiveV Capital,https://fivevcapital.com,"Australia, New Zealand","Sydney, Darlinghurst","SaaS, AI & ML, E-Commerce, InsurTech, Fintech","Series A, Series B",2016,"Adrian Mackenzie, Srdjan Dangubic",24,10,"AU$1,000,000","AU$10,000,000","AU$250,000,000",info@fivevcapital.com
,FJ Labs,https://fjlabs.com,USA,New York,"Internet & Mobile, Gaming, Crypto & Blockchain, Fintech, SaaS","Pre-Seed, Series A, Seed, Series B, Late Stage",2016,"Fabrice Grinda, Jose Martin",964,250,"$400,000",,"$175,000,000",team@fjlabs.com
,Flare Capital,https://www.flarecapital.com/,USA,Boston,Healthcare,Early Stage,2013,"Michael Greeley, Bill Geary",70,11,,,"$350,000,000",+1 (617)-607-5060
,Floodgate,https://floodgate.com,USA,Palo Alto,"Consumer, Crypto & Blockchain, Enterprise, Fintech, Healthcare",Early Stage,2006,"Ann Miura-Ko, Michael Maples Jr",430,164,,"$100,000","$131,000,000",
,Fly Ventures,https://fly.vc,Germany,Berlin,"Big Data & Analytics, Cybersecurity, Developer Tools, Fintech, InsurTech, Supply Chain & Logistics, Climate & Sustainability, Healthcare","Seed, Early Stage, Pre-Seed",2016,Gabriel Matuschka,41,3,"€1,000,000","€5,000,000","€53,000,000",hello@fly.vc
,Forbion,https://forbion.com,"Netherlands, Germany, Singapore","Munich, Singapore, Naarden","Biotech, Healthcare, Life Sciences","Early Stage, Late Stage",2006,"Sander Slootweg, Martien Van Osch, Bart Bergstein",87,33,,,"€1,800,000,000",info@forbion.com
,Force Over Mass,https://fomcap.com,"United Kingdom, Belgium","London, Antwerp","AI & ML, Robotics, Big Data & Analytics, Crypto & Blockchain, Cloud, E-Commerce, Fintech, InsurTech, Gaming, Healthcare, Industrial, Legal, Supply Chain & Logistics, Marketplace, Consumer, SaaS, Cybersecurity","Seed, Series A, Series B",2013,Martijn De Wever,160,28,,,"£115,000,000",clientservices@fomcap.com
,Forefront Venture Partners,https://forefrontvp.com,USA,Boca Raton,"Consumer, SaaS","Early Stage, Seed, Series A",2014,Phil Nadel,106,31,"$5,000,000","$30,000,000",,
,Forerunner Ventures,https://forerunnerventures.com,USA,San Francisco,"DTC, Consumer, Healthcare, Education, Creator Economy","Seed, Series A, Growth",2010,Kirsten Green,242,56,,,"$1,000,000,000",investments@forerunnerventures.com
,Forestay Capital,https://forestay.vc,Switzerland,Geneva,"Deep Tech & Hard Science, Enterprise, SaaS","Series A, Series B, Series C",2017,Frederic Wohlwend,22,2,"$10,000,000","$20,000,000",,contact@forestay.vc
,Fortune Capital,https://www.fortunevc.com,China,"Shenzhen, Beijing, Changsha, Guangzhou, Wuhan, Chengdu, Hangzhou, Suzhou, Nanjing, Tianjin, Qingdao, Xi’an, Zhengzhou, Fuzhou, Xiamen, Hefei, Dongguan","Internet & Mobile, Media, Government Technology, Enterprise, Healthcare, Manufacturing, Energy","Series A, Series B",2000,"Liu Zhou, Liu Day",660,130,,,,fortune@fortunevc.com
,Forward Partners,https://forwardpartners.com,United Kingdom,London,"E-Commerce, Marketplace, AI & ML, Crypto & Blockchain","Seed, Series A",2013,Nicholas Brisbourne,104,22,"£200,000","£2,000,000","£60,000,000",nic@forwardpartners.com
,Forward VC,https://www.forwardvc.com/,Netherlands,Den Haag,"DTC, Fintech, Healthcare, SaaS, Big Data & Analytics, Marketing","Seed, Series A",2016,"Ruud Dekker, Vincent Wols",43,,"$50,000","$500,000",,
,Foundation Capital,https://foundationcapital.com,USA,Palo Alto,"Enterprise, Fintech, Consumer, Crypto & Blockchain","Early Stage, Late Stage",1995,"Bill Elmore, Kathryn Gould",674,158,"$1,000,000","$10,000,000","$3,900,000,000",info@foundationcapital.com
,Founder Collective,https://foundercollective.com,USA,Cambridge,"IoT, Internet & Mobile, Hardware, E-Commerce, Health & Wellness, Crypto & Blockchain, Enterprise, Consumer, Advertising",Seed,2009,"Andy Palmer, Anthony Goldbloom, Bill Trenchard, Caterina Fake, Chris Dixon, David Frankel, Elliot Cohen, Eric Paley, Jack Groetzinger, James Tamplin, Micah Rosenbloom, Nadia Boujarwah, Noah Glass, Noah Jessop, Parul Singh, Raj De Datta, Zach Klein",460,128,"$400,000","$2,000,000","$185,000,000",contact@foundercollective.com
,Founders Factory,https://foundersfactory.com,United Kingdom,London,"Fintech, Education, Travel & Hospitality, AI & ML, Media, DTC, Healthcare, Climate & Sustainability, Crypto & Blockchain",Seed,2015,"Brent Hoberman, George Northcott, Henry Lane Fox, Jim Meyerle, Julia Brucher",117,12,,"£250,000","£13,600,000",hello@foundersfactory.com
,Fountain Healthcare Partners,https://fh-partners.com,"USA, Ireland","New York, Dublin","Biotech, Life Sciences","Early Stage, Seed",2005,Aidan King,27,8,"€10,000,000","€50,000,000","€240,600,000",info@fh-partners.com
,Four Rivers Group,https://fourriversgroup.com,USA,San Francisco,"Cloud, SaaS, Biotech, Automation, Fintech, Cybersecurity, Big Data & Analytics",Late Stage,2007,"Farouk Ladha,",54,24,,,"$139,000,000",
,Freestyle,https://freestyle.vc/,USA,San Rafael,"IoT, SaaS, Big Data & Analytics, Enterprise, Consumer",Seed,2009,"David Samuel, Jenny Lefcourt",203,63,"$1,500,000","$3,000,000","$385,000,000",
,Freigeist,https://freigeist.com,Germany,Bonn,"Transportation, Food & Beverage, Aerospace & Space, Healthcare, Internet & Mobile, Manufacturing, Energy","Early Stage, Seed",2017,Frank Thelen,32,7,,,,office@freigeist.com
,Frog Capital,https://frogcapital.com,United Kingdom,London,"SaaS, Infrastructure, Big Data & Analytics, Industrial, Fintech, Proptech & Real Estate, Education",Late Stage,2008,Mike Reid,53,21,"£5,000,000","£20,000,000","£388,700,000",reception@frogcapital.com
,Frontier,https://frontiervc.com/,USA,Lehi,"AR & VR, Fintech, Healthcare, Energy",Early Stage,2002,David Cremin,164,51,,,"$101,000,000",info@frontiervc.com
,Frontline Ventures,https://frontline.vc,"Ireland, United Kingdom","Dublin, London","AI & ML, SaaS, Automation, Creator Economy, Crypto & Blockchain, Cybersecurity, Legal, Marketing","Early Stage, Seed",2012,Elaine Collins,8,2,"$250,000","$2,500,000","$83,800,000",
,Fuel Ventures,https://fuel.ventures/,United Kingdom,London,"Marketplace, SaaS","Pre-Seed, Seed, Series A",2014,Mark Pearson,133,11,"£150,000","£3,000,000","£80,000,000",oliver@fuel.ventures
,Future Energy Ventures,https://fev.vc,"Germany, Israel, USA","Essen, San Francisco","IoT, Crypto & Blockchain, AI & ML, Cybersecurity, Energy",Series A,2020,Jan Lozek,65,5,,,,ventures@eon.com
,Future Shape,https://www.futureshape.com/,France,Paris,"Food & Beverage, Transportation, Healthcare, Robotics, Consumer, Deep Tech & Hard Science, Agriculture, Fintech","Early Stage, Seed, Series A",2014,Tony Fadell,50,19,"€10,000,000","€50,000,000",,hello@futureshapellc.com
,FuturePlay,https://futureplay.co,South Korea,Seoul,"Healthcare, IoT, AI & ML, Crypto & Blockchain, Education, Proptech & Real Estate, Robotics, Fintech, Food & Beverage, AR & VR, Energy",Early Stage,2013,Ryu Joong Hee,164,20,,,"$8,900,000",apply@futureplay.co
,Galen Partners,https://galen.com,USA,Stamford,"Biotech, Healthcare","Late Stage, Private Equity",1990,Bruce Wesson,27,12,"$10,000,000","$30,000,000","$70,000,000",djhans@galen.com
,Gambit Ventures,https://gambit.co,USA,New York,Big Data & Analytics,Early Stage,2016,"Keith Petri, Lev Ekster",13,1,"$25,000","$150,000",,info@gambit.co
,Gapminder VC,https://gapminder.vc/,Netherlands,Amsterdam,"SaaS, AI & ML, Big Data & Analytics, Marketing, Cybersecurity, Healthcare, Fintech","Seed, Series A",2017,"Dan Mihaescu, Sergiu Rosca",45,1,,"€1,500,000","€45,000,000",contact@gapminder.vc
,GE Ventures,https://ge-ventures.com,"Liechtenstein, United Arab Emirates","Dubai, Fürstentum","E-Commerce, Fintech, Food & Beverage, Crypto & Blockchain, Proptech & Real Estate, Enterprise, DTC, SaaS, Travel & Hospitality",Late Stage,2020,"Dominik A. Lener, Shailesh Nair",14,2,,,,contact@ge-ventures.com
,Gecad Ventures,https://gecad.com,Romania,Bucharest,"Cybersecurity, Fintech, AI & ML, AR & VR, Transportation, IoT, Agriculture",Early Stage,1992,Radu Georgescu,28,13,,,,office@gecad.com
,Geekdom Fund,https://geekdomfund.com/,USA,San Antonio,"Enterprise, SaaS, Robotics, Crypto & Blockchain","Pre-Seed, Seed",2014,Michael Girdley,56,13,"$50,000","$500,000",,info@geekdomfund.com
,Gelt VC,https://gelt.vc,USA,"Los Angeles, New York, San Francisco, Ann Arbor","AI & ML, AR & VR, API, Big Data & Analytics, Automation, Climate & Sustainability, Cloud, Consumer, Creator Economy, Cybersecurity, Deep Tech & Hard Science, Developer Tools, E-Commerce, Education, Enterprise, Fintech, Industrial, Media, Future of Work, Food & Beverage, Gaming, Health & Wellness, IoT, Proptech & Real Estate, Robotics, Transportation, Hardware & Industrials","Pre-Seed, Seed, Series A",2016,"Keith Wasserman, Damian Langere",51,13,"$25,000","$250,000","$7,900,000",turner@gelt.vc
,General Catalyst,https://generalcatalyst.com,"USA, United Kingdom","San Francisco, Palo Alto, New York, Boston, London","Consumer, Enterprise, AI & ML, Cloud, Marketplace, SaaS, Developer Tools","Early Stage, Late Stage, Seed",2000,"David Fialkow, David Orfao, Joel Cutler",1094,174,"$500,000","$2,000,000","$8,600,000,000",gcinfo@generalcatalyst.com
,Genesis Block Ventures,https://www.gbv.capital/,,"Grand Cayman, Midland, Cayman Islands",Crypto & Blockchain,"Seed, Early Stage",2020,Leslie Tam,250,2,,,"$200,000,000",contact@gbv.capital
,Genesis Partners,https://www.genesispartners.com/,Israel,Herẕliyya,"Internet & Mobile, Media, Entertainment, Hardware, SaaS","Seed, Early Stage, Late Stage",1996,"Eddy Shalev, Eyal Kishon",113,37,"$2,000,000","$5,000,000","$604,000,000",hadar@genesispartners.com
,Geodesic Capital,https://www.geodesiccap.com/,"USA, Japan","Minato, San Mateo","Big Data & Analytics, AI & ML, Travel & Hospitality, Media, Marketplace, Cybersecurity, InsurTech, SaaS","Late Stage, Growth",2015,"John Roos, Ashvin Bachireddy",67,13,,,"$335,000,000",info@geodesiccap.com
,Georgian,https://georgian.io/,Canada,Toronto,"Fintech, AI & ML","Series B, Series C, Growth",2008,"John Berton, Justin Lafayette, Simon Chong",113,26,"$25,000,000","$75,000,000","$2,000,000,000",info@georgian.io
,GGV Capital,https://ggvc.com,"USA, Singapore, China","San Francisco, Singapore, Shanghai, Beijing","Enterprise, Social, Internet & Mobile, Biotech, Consumer, DTC, SaaS","Early Stage, Late Stage",2000,"Hany Nada, Joel Kellman, Scott Bonham, Thomas Ng",113,19,"$5,000,000","$25,000,000","$7,800,000,000",jrichards@ggvc.com
,Glilot Capital Partners,https://glilotcapital.com,Israel,Tel Aviv-Yafo,"Cybersecurity, Cloud, Devops, SaaS","Seed, Series B, Growth",2010,"Arik Kleinstein, Kobi Samboursky",73,13,,,"$607,000,000",info@glilotcapital.com
,Global Founders Capital,https://globalfounderscapital.com,"USA, Canada, United Kingdom, Germany, France, Sweden, Italy, Turkey, Israel, United Arab Emirates, Singapore, Indonesia, China, Brazil, Mexico","San Francisco, New York, Los Angeles, Toronto, London, Berlin, Munich, Paris, Stockholm, Milan, Istanbul, Tel Aviv-Yafo, Singapore, Dubai, Jakarta, Beijing, Mexico City, São Paulo","Consumer, SaaS, Enterprise, Internet & Mobile, IoT, E-Commerce, Productivity, Supply Chain & Logistics, InsurTech","Seed, Early Stage, Pre-Seed",2013,Oliver Samwer,868,59,"$1,000,000",,"$1,600,000,000",contact@globalfounderscapital.com
,Global Ventures,https://global.vc,"Egypt, United Arab Emirates","Dubai, Cairo, Abu Dhabi","Fintech, Healthcare, Education, InsurTech, Cybersecurity, Crypto & Blockchain, Supply Chain & Logistics, Future of Work, E-Commerce, Agriculture","Early Stage, Growth",2018,Noor Sweid,48,4,,,"$100,000,000",Info@global.vc
,Globis Capital Partners,https://www.globiscapital.co.jp/en/,Japan,Tokyo,"Consumer, Enterprise, Internet & Mobile","Early Stage, Late Stage, Seed",2006,"Jun Hosoya, Paul Packer, Yoshito Hori",156,35,,,"$830,000,000",info-gcp@globis.co.jp
,GMG Ventures,https://www.gmgventures.co/,United Kingdom,London,"Media, Entertainment, AI & ML, Enterprise, Deep Tech & Hard Science","Seed, Series A, Series B",2017,Alan Hudson,43,6,,,"£42,000,000",+44 (0)20 3353 4128
,GoAhead Ventures,https://www.goaheadvc.com/,USA,San Francisco,"AI & ML, AR & VR, Transportation, Cybersecurity, Healthcare, E-Commerce, Education, IoT, Life Sciences, Gaming, Food & Beverage, Supply Chain & Logistics, SaaS, Proptech & Real Estate, Marketplace, Automative","Pre-Seed, Seed, Early Stage",2007,"Clancey Stahr, Phil Brady",148,33,"$200,000","$1,000,000","$120,000,000",pitch@goaheadvc.com
,Gobi Partners,https://gobi.vc,"Malaysia, Hong Kong, Thailand, China, Indonesia, Pakistan, Philippines, Singapore","Kuala Lumpur, Hong Kong, Bangkok, Beijing, Ho Chi Minh City, Jakarta, Lahore, Manila, Shanghai, Singapore","AI & ML, Biotech, Crypto & Blockchain, E-Commerce, Education, Food & Beverage, Hardware, Healthcare, Supply Chain & Logistics, Marketplace, Media, SaaS, Transportation, AR & VR, Agriculture, Automative, Sports, Fintech","Seed, Early Stage, Series A",2002,Thomas Tsao,183,12,"$1,600,000",,"$430,500,000",mail@gobi.vc
,Golden Gate Ventures,https://goldengate.vc,"Singapore, Indonesia, Vietnam","Jakarta, Singapore, Ho Chi Minh City, Hanoi","Fintech, Supply Chain & Logistics, E-Commerce, Entertainment, Marketplace, SaaS, Healthcare, Deep Tech & Hard Science, Enterprise, Education","Seed, Series A",2011,"Jeffrey Paine, Paul Bragiel, Vinnie Lauria",107,9,"$125,000","$750,000","$280,000,000",hello@goldengate.vc
,Golden Palm Investments,https://www.gpalminvestments.com/,Ghana,Accra,"Fintech, Marketplace, Healthcare",Early Stage,2008,Erharuyi Idemudia,32,5,,,,info@gpalminvestments.com
,Golden Ventures,https://www.golden.ventures/,Canada,Toronto,"Consumer, Crypto & Blockchain, Education, Gaming, Fintech, Food & Beverage, Life Sciences, Media, Manufacturing, Sports",Seed,2011,Matt Golden,140,14,"$500,000","$2,000,000","$230,900,000",info@golden.ventures
,Good News Ventures,https://goodnewsventures.com,Canada,Ontario,"SaaS, Enterprise, Crypto & Blockchain, AI & ML, IoT, Manufacturing","Early Stage, Seed, Pre-Seed",2017,"Marat Mukhamedyarov, Mohan Markandaier, Mona Kung",42,3,"$50,000","$5,000,000",,info@goodnewsventures.com
,Goodwell Investments,https://goodwell.nl,"Netherlands, Kenya","Nairobi, Amsterdam","Internet & Mobile, Agriculture, Fintech",Early Stage,2005,Wilhelmus Van Der Beek,58,15,"$250,000","$5,000,000","$70,000,000",info@goodwell.nl
,Google Ventures,https://www.gv.com/,"USA, United Kingdom","Mountain View, San Francisco, Boston, New York, London","Consumer, Enterprise, Life Sciences, Marketplace, Transportation, Productivity","Seed, Pre-Seed, Series A, Early Stage, Late Stage",2009,Bill Maris,987,225,"$2,000,000","$30,000,000","$100,000,000",
,Gradient Ventures,https://www.gradient.com/,USA,Santa Clara,"AI & ML, Education, Fintech, Supply Chain & Logistics, Travel & Hospitality, Consumer, InsurTech, Healthcare, Life Sciences, Productivity, Enterprise, Crypto & Blockchain, Cybersecurity","Seed, Early Stage, Series A, Pre-Seed",2017,Anna Patterson,163,23,,,"$6,300,000",
,Graduate Entrepreneur,https://graduate.nl,Netherlands,Rotterdam,"AI & ML, Marketplace, Legal","Pre-Seed, Seed, Series A",2021,Auke Van Den Hout,16,,"€76,000","€2,000,000","€56,000,000",
,Granatus Ventures,https://granatusventures.com,"Singapore, United Kingdom, Armenia","Singapore, London, Yerevan","Social, Internet & Mobile, Big Data & Analytics, Cloud","Seed, Early Stage, Series A",2013,"Manuk Hergnyan, Pierre Hennes, Yervand Sarkisyan",16,2,,,"$40,000,000",info@granatusventures.com
,Granite Ventures,https://granitevc.com,USA,San Francisco,"SaaS, Education, Consumer, Social, Internet & Mobile, Cloud, Enterprise","Seed, Series A, Early Stage, Series B",1992,"Chris Hollenbeck, Jackie Berterretche, Standish O'Grady",169,56,"$500,000","$4,000,000","$500,000,000",info@granitevc.com
,Graph Ventures,https://graphventures.com,USA,Palo Alto,"Crypto & Blockchain, Consumer, Developer Tools, Fintech, Education, SaaS, Enterprise","Early Stage, Seed",2011,"Julio Vasconcellos, Matt Wyndowe, Omar Siddiqui, Razmig Hovaghimian, Sarah Smith, Sebastien De Halleux, Serkan Piantino",229,77,,,,
,Grayhawk Capital,https://grayhawkcapital.us,USA,Scottsdale,"Cloud, SaaS, Enterprise, Cybersecurity, Fintech, IoT, Productivity","Early Stage, Late Stage, Series A, Growth",1999,"Brian N. Burns, John C. Bentley, Sherman I. Chu",40,9,"$2,000,000","$2,500,000","$525,000,000",info@grayhawkcapital.us
,Great North Venture,https://greatnorthventures.com/,USA,St. Cloud,"Enterprise, Consumer, Proptech & Real Estate, Healthcare, Life Sciences, Transportation, Education, E-Commerce, Supply Chain & Logistics, Travel & Hospitality, Fintech","Seed, Series A, Early Stage",2017,"Rob Weber, Ryan Weber",44,8,"$10,000","$250,000","$40,000,000",
,Great Oaks,http://www.greatoaksvc.com/,USA,New York,"E-Commerce, SaaS, Cloud, Consumer, Marketplace, Education, Healthcare, Enterprise, Fintech","Series A, Seed",2005,Andrew K. Boszhardt Jr,300,103,"$50,000","$500,000","$80,000,000",info@greatoaksvc.com
,GreenHouse Capital,https://greenhouse.capital/,Nigeria,Ikeja,"E-Commerce, Fintech, Developer Tools, Education",Early Stage,2016,"Bunmi Akinyemiju, Kunmi Demuren",39,2,"$500,000",,,info@greenhouse.capital
,Greycroft Partners,https://www.greycroft.com/,USA,"New York, Los Angeles","Consumer, Enterprise, Fintech, SaaS, Internet & Mobile, Healthcare, AI & ML, Automation, Cloud","Early Stage, Series A, Private Equity",2006,"Alan Patricof, Dana Settle, Ian Sigalow",737,115,"$1,000,000","$10,000,000","$2,000,000,000",info@greycroft.com
,Greylock Partners,https://greylock.com/,USA,"San Francisco, Burlington","Enterprise, Consumer, Crypto & Blockchain","Seed, Series A, Series B",1965,Bill Elfers,813,245,"$100,000","$10,000,000","$4,600,000,000",businessplans@greylock.com
,Grove Ventures,https://grovevc.com,Israel,Tel Aviv-Yafo,"AI & ML, Cloud, IoT, Deep Tech & Hard Science, Big Data & Analytics, Internet & Mobile, Developer Tools, Devops, SaaS","Early Stage, Seed",2016,Dov Moran,23,1,"$3,000,000","$4,000,000","$415,000,000",contact@grovevc.com
,Growth Capital,https://growthcapitalventures.co.uk,United Kingdom,"London, Aycliffe","Fintech, SaaS, Proptech & Real Estate","Pre-Seed, Seed",2015,"Norm Peterson, Craig Peterson",14,,"£1,000","£250,000","£2,100,000",enquiries@growthcapitalventures.co.uk
,H/L Ventures,https://h-l.vc,USA,New York,"Education, Future of Work, Food & Beverage, Climate & Sustainability, DTC, Health & Wellness, Proptech & Real Estate, Energy","Seed, Series A, Series B",2009,Oliver. B Libby,60,5,"$500,000","$1,500,000","$2,000,000",
,H2 Ventures,https://h2.vc/,Australia,Sydney,"AI & ML, Fintech, Big Data & Analytics",Early Stage,2013,"Ben Heap, Toby Heap",55,2,,,"AU$250,000,000",contact@h2.vc
,Haatch,https://haatch.com/,United Kingdom,Stamford,"Fintech, Enterprise, SaaS, Productivity, Health & Wellness, Future of Work, Marketplace","Pre-Seed, Seed",2013,"Scott Weavers-Wright OBE, Fred Soneya, Elaine Weavers-Wright",54,2,"£150,000","£2,000,000",,hello@haatch.com
,Hala Ventures,https://halavc.com,Saudi Arabia,Al Khobar,"InsurTech, Marketplace, Fintech, Food & Beverage, API, Education, Media, Productivity",Late Stage,2018,Hussain Almarhoon,31,2,,,"$24,000,000",Info@halavc.com
,Harmony Partners,https://harmonyvp.com,USA,New York,"Government Technology, Enterprise, Automation, SaaS",Growth,2010,Mark Lotke,111,59,"$30,000,000","$50,000,000","$385,000,000",+1 (332) 373-2300
,Hawke Ventures,https://hawkeventures.com,USA,Los Angeles,"E-Commerce, Advertising, Marketing","Pre-Seed, Seed, Early Stage",2018,"Drew Leahy, Erik Huberman, Paige Craig, Tony Delmercado",14,,"$50,000","$2,000,000","$30,600,000",associate@hawkemedia.com
,HAX,https://hax.co/,"China, Japan, USA","Shenzhen, Tokyo, San Francisco","Deep Tech & Hard Science, Robotics, Industrial, Infrastructure",Pre-Seed,2012,Duncan Turner,369,21,,"$250,000","$5,000,000",makeit@hax.co
,HB Investment,https://www.hbvc.co.kr/,South Korea,Seoul,"Biotech, Internet & Mobile, SaaS",Early Stage,1999,Park Ha-Jin,175,17,,,"$19,000,000",hbvc@hbvc.co.kr
,HBM Partners,https://hbmpartners.com,Switzerland,Zug,Healthcare,"Late Stage, Growth",2001,Andreas Wicki,191,109,"$5,000,000","$50,000,000","$96,000,000",
,HCVC,https://www.hcvc.co/,"USA, France","San Francisco, Paris","SaaS, Healthcare, Energy, Biotech, Automation, Crypto & Blockchain, AI & ML, Sports, Robotics","Seed, Series A, Pre-Seed",2014,Alexis Houssou,,,,,"$80,000,000",contact@hardwareclub.co
,Heartcore Capital,https://heartcore.com,"Denmark, Germany, France, USA, Austria, Sweden, Spain, Hungary, Poland, United Arab Emirates","Copenhagen, Berlin, Paris, Lisbon, Stockholm","Travel & Hospitality, Education, Entertainment, Food & Beverage, Health & Wellness, Productivity, Consumer, Gaming, InsurTech, Energy","Early Stage, Seed, Pre-Seed, Series A",2007,"Jimmy Fussing Nielsen, Christian Lindegaard Jepsen,",210,51,"€300,000","€6,000,000",,contact@heartcore.com
,Heavybit,https://www.heavybit.com/,USA,San Francisco,"SaaS, Cloud, Enterprise, Developer Tools","Series A, Pre-Seed, Seed",2013,Tom Drummond,88,24,"$500,000","$5,000,000","$30,000,000",
,Hella Ventures,https://hellaventures.com,USA,Sunnyvale,"Transportation, Deep Tech & Hard Science, Industrial, Supply Chain & Logistics, Manufacturing","Series A, Series B, Series C",2015,Jason Waterman,12,2,"$500,000","$10,000,000",,info@hellaventures.com
,HenQ,https://henq.vc/,Netherlands,Amsterdam,"Enterprise, Fintech, Internet & Mobile, SaaS, Cloud, E-Commerce","Early Stage, Seed, Series A",2004,"Coen Van Duiven, Herman Hintzen",22,9,"€500,000","€5,000,000","€155,000,000",applications@henq.vc
,Hercules Technology Growth Capital,https://www.htgc.com/,"USA, United Kingdom","Palo Alto, Boston, New York, Washington, San Diego, Chicago, London, Westport","Life Sciences, Biotech, Consumer, DTC, Media, Education, Hardware, Internet & Mobile, Agriculture, Energy","Seed, Series A, Series B, Early Stage",2003,"Manuel A. Henriquez, Roy Y. Liu, Scott Harvey",209,131,"$1,000,000","$10,000,000","$15,000,000,000",info@htgc.com
,Heritage Ventures,https://www.heritageventures.eu/,Ireland,Dublin,"Marketplace, SaaS, Fintech, Crypto & Blockchain",Early Stage,2016,,7,,,,,info@heritageventures.eu
,Hetz Venture,https://www.hetz.vc/,Israel,Tel Aviv-Yafo,"API, Developer Tools, AI & ML, Enterprise, Deep Tech & Hard Science, Cybersecurity, Cloud","Early Stage, Seed",2017,Judah Taub,30,1,,,"$123,000,000",contact@hetz.vc
,HG Ventures,https://hgventures.com/,USA,Indianapolis,"Internet & Mobile, Climate & Sustainability, IoT, Fintech, AI & ML, Transportation, Industrial, Infrastructure, Energy","Early Stage, Growth",2018,Kip Frey,27,0,"$1,000,000","$10,000,000",,anston@hgaccelerator.com
,High-Tech Gründerfonds,https://htgf.de,Germany,"Berlin, Bonn","Life Sciences, Industrial","Seed, Early Stage",2005,Alexander Von Frankenberg,670,160,"€1,000,000","€3,000,000","€1,600,000,000",info@htgf.de.
,Highland Capital Partners,https://hcp.com,"USA, United Kingdom, Switzerland","Palo Alto, Boston, London, Geneva",Fintech,"Early Stage, Late Stage, Seed, Series A",1988,"Bob Higgins, Paul Maeder",488,145,"$5,000,000","$200,000,000","$2,800,000,000",laurel@hcp.com
,Highland Europe,https://highlandeurope.com,"Switzerland, United Kingdom","Geneva, London","Internet & Mobile, SaaS",Late Stage,2012,Fergal Mullen,56,19,"€10,000,000","€75,000,000","€2,100,000,000",
,Hillhouse Capital Group,https://www.hillhouseinvestment.com/,"China, Singapore, USA, United Kingdom","Beijing, Shanghai, Singapore, Hong Kong, New York, London","Healthcare, DTC, Consumer, Enterprise, Manufacturing",Early Stage,2005,"Ben Li, Zhang Lei",403,62,,,"$10,600,000,000",contactus@hillhouseinvestment.com
,HIMangel,https://himangel.com,Egypt,Cairo,"Marketplace, Food & Beverage, DTC, Gaming, SaaS, Healthcare, Manufacturing, Agriculture, Sports","Early Stage, Seed",2017,"Khaled Ismail., Motaz Elewa",18,1,,,,aismail@himangel.com
,Hiventures,https://hiventures.hu/,Hungary,Budapest,"Media, Gaming, Big Data & Analytics, Consumer, Education, Fintech, InsurTech, Food & Beverage, Supply Chain & Logistics, Marketplace, Healthcare, Travel & Hospitality, Agriculture, SaaS","Pre-Seed, Seed, Series A",2017,Bence Katona,280,69,"€50,000","€3,000,000",,rsid@hiventures.hu
,Horizons Ventures,https://horizonsventures.com,China,Hong Kong,"AI & ML, Biotech, Consumer, Internet & Mobile, SaaS","Early Stage, Seed, Late Stage, Series A",1999,"Debbie Chang, Li Ka-Shing, Solina Chau",298,41,,,,general@horizons.com.hk
,Hoxton Ventures,https://hoxtonventures.com,United Kingdom,London,"Consumer, Deep Tech & Hard Science, AI & ML, Healthcare","Seed, Series A, Pre-Seed",2013,"Hussein Kanji, Rob Kniaz",107,17,"£500,000","£5,000,000","£215,000,000",businessplans@hoxton.vc
,Hummingbird Ventures,https://hummingbird.vc,"Belgium, United Kingdom","Antwerp, London","Crypto & Blockchain, Healthcare, Fintech, Marketplace, Gaming, Hardware, SaaS","Seed, Series A, Series B",2000,Barend Van Den Brande,92,11,"$500,000","$5,000,000","$455,000,000",hello@hummingbird.vc
,HV Capital,https://hvcapital.com,Germany,"Munich, Berlin","Consumer, Enterprise, Fintech, Education, Internet & Mobile, Healthcare, DTC, Transportation","Seed, Early Stage",2000,Lars Langusch,385,81,"€500,000","€5,000,000","€2,300,000,000",info@hvcapital.com
,Hyde Park Venture Partners,https://hydeparkvp.com,USA,"Chicago, Indianapolis","SaaS, Enterprise, Marketplace","Early Stage, Seed, Pre-Seed, Series A",2011,"Guy Turner, Ira Weiss",165,36,"$100,000","$200,000","$190,000,000",greg@hydeparkvp.com
,Hyperplane Venture Capital,https://hyperplane.vc,USA,Boston,"Automation, AI & ML",Early Stage,2014,"Brendan Kohler, John Murphy, Vivjan Myrto",76,7,"$250,000","$3,000,000","$135,000,000",VivjanMyrto@hyperplane.vc
,I2BF Global Ventures,https://i2bf.com,USA,New York,"Climate & Sustainability, Biotech, Aerospace & Space",Early Stage,2006,"Ilya Golubovich,",102,12,,,,info@i2bf.com
,Icebreaker,https://www.icebreaker.vc/,"Estonia, Finland, Sweden","Helsinki, Tallinn, Stockholm","Cybersecurity, IoT, Travel & Hospitality, Advertising, AI & ML, Big Data & Analytics, Proptech & Real Estate, AR & VR, Automation, Developer Tools, Media, Entertainment, Automative, Energy, Human Resources, Legal, SaaS, Hardware, E-Commerce, Education","Pre-Seed, Early Stage",2016,Lasse Lehtinen,54,,"€150,000","€800,000","€126,000,000",info@icebreaker.vc
,Ideavelopers,http://www.ideavelopers.com/,Egypt,Cairo,"Marketplace, Healthcare, Education, DTC",Early Stage,2004,Ziad Mokhtar,16,10,"$1,000,000","$4,000,000","$50,000,000",info@ideavelopers.com
,IDG Capital,https://en.idgcapital.com/,"USA, United Kingdom, South Korea, Vietnam, China","Boston, New York, London, Beijing, Guangzhou, Hong Kong, Shanghai, Macau, Seoul, Hanoi, Ho Chi Minh City, Shenzhen","Media, Healthcare, Consumer, Entertainment, Climate & Sustainability, Energy","Early Stage, Late Stage, Seed, Pre-Seed, Series A",1992,Jim Breyer,1416,149,"$1,000,000","$100,000,000","$2,900,000,000",cooperation@idgcapital.com
,iGan Partners,https://iganpartners.com,Canada,Toronto,"Healthcare, AI & ML","Seed, Series A",2011,Sam Ifergan,37,8,"$1,000,000","$5,000,000","$350,000,000",info@iganpartners.com
,Ignia,https://igniaunlocked.mx/,"Mexico, USA","Mexico City, San Francisco","Crypto & Blockchain, AI & ML, Fintech, E-Commerce, Marketplace, Education, Hardware, SaaS","Early Stage, Late Stage",2007,"Michael Chu, Álvaro Rodríguez Arregui",27,6,"$2,000,000","$5,000,000",,info@ignia.vc
,Ignition Partners,https://ignition.vc,USA,"Bellevue, San Francisco","Cybersecurity, Enterprise, Cloud, SaaS","Seed, Series A, Early Stage",2000,"Frank Artale, John Connors, Jonathan Roberts, Nick Sturiale",312,91,,,"$1,000,000,000",info@ignitionpartners.com
,Iliad Partners,https://iliad-partners.com,United Arab Emirates,"Dubai, Abu Dhabi","Fintech, Proptech & Real Estate, Supply Chain & Logistics, Mobility, Education, Enterprise",Seed,2014,Christos Mastoras,5,,"$300,000","$1,000,000","$23,000,000",info@iliad-partners.com
,Imaginary Ventures,https://imaginary.co/,USA,New York,"Consumer, DTC, Food & Beverage, Marketplace, E-Commerce",Early Stage,2017,Natalie Massenet,57,6,,,"$500,000,000",hello@imaginary.co
,IMM Investment,http://imm.co.kr/,South Korea,Seoul,"Biotech, Healthcare, E-Commerce, Education, Gaming, Manufacturing, SaaS","Series A, Series B, Growth",1999,Timothy Chang,50,4,,,"$24,800,000",imm@imm.co.kr
,Impact Enterprise Fund,https://impactenterprisefund.co.nz,New Zealand,Auckland,"Climate & Sustainability, Education, Healthcare, Agriculture",Early Stage,2018,"Akina, New Ground Capital, Impact Ventures",10,,,,"$8,000,000",info@ief.co.nz
,Impulse Ventures,https://impulseventures.com,Czechia,Prague,"E-Commerce, SaaS, Cybersecurity","Seed, Series A",2020,"Ondrej Tomek, Samuel Huba",8,3,"€500,000","€2,000,000","€650,000,000",pitch@impulseventures.com
,Inbox Capital,https://www.inboxcap.com/,Sweden,Stockholm,"Fintech, Healthcare, Sports, Social, Enterprise, SaaS",Growth,1985,Martin Wattin,72,11,,,"$32,000,000",Jessica.ljungqvist@inboxcap.com
,Index Ventures,https://indexventures.com,"USA, United Kingdom","San Francisco, London, New York","AI & ML, Entertainment, Fintech, Healthcare, Media, SaaS, Productivity, Cybersecurity, Developer Tools","Seed, Pre-Seed, Series A, Series B",1996,"David Rimer, Giuseppe Zocco, Neil Rimer",1069,227,"$1,000,000","$10,000,000","$12,400,000,000",+1 (415) 471 1700
,Industrifonden,https://industrifonden.com,Sweden,Stockholm,"Life Sciences, Deep Tech & Hard Science, Biotech, Healthcare, Industrial, Energy, Enterprise","Early Stage, Seed, Series A",2017,Jacob Key,268,131,"$1,000,000","$5,000,000","$6,900,000",info@industrifonden.com
,Industry Ventures,https://industryventures.com,"USA, United Kingdom","San Francisco, Alexandria, Washington, London","SaaS, Enterprise, Any","Early Stage, Late Stage, Seed",2000,Hans Swildens,325,101,,"$250,000","$3,000,000,000",info@industryventures.com
,Ingressive Capital,https://ingressivecapital.com,Nigeria,Lagos,"Fintech, Devops, Transportation, Biotech, Supply Chain & Logistics, Proptech & Real Estate, API, Cloud, Automative, Agriculture","Pre-Seed, Seed",2017,Maya Horgan Famodu,34,1,,"$400,000","$10,000,000",investments@ingressive.co
,InHealth Ventures,https://inhealth.vc,"United Kingdom, USA","London, Cleveland, Boston, Hyderābād, San Francisco, New York, Oxford, Redwood City, Washington, Minneapolis, Tel Aviv-Yafo","Healthcare, Biotech, Life Sciences","Pre-Seed, Seed, Series A",2016,Ivan Bradbury,12,,"$500,000","$3,000,000",,info@inhealth.vc
,Innovacom,https://innovacom.com/?lang=en,France,"Paris, Marseille","Hardware, Consumer, Big Data & Analytics, SaaS","Early Stage, Late Stage, Seed",1988,Jérôme Lecoeur,55,30,"€400,000","€6,000,000","€602,800,000",info@innovacom.com
,Innovation Nest,https://innovationnest.com,Poland,Kraków,"Enterprise, SaaS","Early Stage, Series A, Seed",2010,Piotr Wilam,66,20,"€100,000","€1,000,000","€16,500,000",partners@nnovationnest.com
,Innovation Works,https://innovationworks.org,USA,Pittsburgh,"Life Sciences, Hardware, Manufacturing, SaaS",Seed,1999,Lisa Greenleaf,729,77,"$50,000","$150,000","$3,300,000,000",info@innovationworks.org
,Innoventures,https://innoventures.me,Egypt,Cairo,"Internet & Mobile, E-Commerce, Productivity, Food & Beverage, Big Data & Analytics, AI & ML, Healthcare, Climate & Sustainability, Enterprise, SaaS",Seed,2011,"Ahmed Mikkawi, Ashraf El-Sharkawy, Sameh Shaheen",18,10,,"$81,000","$100,000,000",info@innoventures.me
,Inovia Capital,https://inovia.vc,"Canada, USA, United Kingdom","Montréal, Toronto, Calgary, San Francisco, London","Internet & Mobile, SaaS, Robotics, Crypto & Blockchain, Cybersecurity, Healthcare","Early Stage, Late Stage",2007,Chris Arsenault,284,52,,,"$2,100,000,000",info@inovia.vc
,Inovo Venture Partners,https://inovo.vc/,"Poland, Netherlands, Luxembourg","Amsterdam, Luxembourg, Warsaw","Developer Tools, AI & ML, Deep Tech & Hard Science, Healthcare, SaaS, Enterprise",Seed,2011,Tomasz Swieboda,38,2,"€500,000","€4,000,000","€54,000,000",bohdan@inovo.vc
,Insight Venture Partners,https://www.insightpartners.com/,USA,New York,"Crypto & Blockchain, Cybersecurity, Devops, E-Commerce, Education, Fintech, Government Technology, Healthcare, Supply Chain & Logistics, Proptech & Real Estate, Future of Work, AI & ML, API, Food & Beverage, Marketplace, Legal, Infrastructure","Early Stage, Late Stage, Seed, Series A, Growth",1995,"Jeff Horing, Jerry Murdock",932,184,"$15,000,000","$20,000,000","$46,100,000,000",growth@insightpartners.com
,Insignia Ventures Partners,https://insignia.vc,Singapore,Singapore,"Consumer, Crypto & Blockchain, Education, Enterprise, Fintech, Gaming, Healthcare, Supply Chain & Logistics, Marketplace, Proptech & Real Estate","Early Stage, Growth",2017,Yinglan Tan,102,2,"$100,000","$10,000,000","$320,000,000",hello@insignia.vc
,Institutional Venture Partners,https://www.ivp.com/,USA,San Francisco,"Media, SaaS, Enterprise, Internet & Mobile, Crypto & Blockchain, Productivity, Fintech, Big Data & Analytics, Social",Late Stage,1980,Reid Dennis,369,128,"$1,000,000","$7,000,000","$7,400,000,000",
,Insurtech Gateway,https://insurtechgateway.com,"United Kingdom, Australia","London, Brisbane","InsurTech, Fintech","Seed, Series B, Series A",2016,"Robert Lumley, Stephen Brittain",34,3,,,"$3,200,000,000",opensesame@insurtechgateway.com
,Intel Capital,https://intelcapital.com,USA,Santa Clara,"Cloud, AR & VR, Gaming, Hardware, Manufacturing","Early Stage, Seed, Series A",1991,"Les Vadasz, Peter Levin",1517,473,"$500,000","$50,000,000","$12,500,000,000",intel.capital@intel.com
,InterVest,http://www.intervest.co.kr/en,South Korea,Seoul,"E-Commerce, Supply Chain & Logistics, Healthcare, Fintech, Education, AI & ML, IoT, AR & VR, Crypto & Blockchain",Seed,1999,"Chung-Hee Woo, Tae-Yong Lee",25,,,,"$60,000,000",admin@intervest.co.kr
,InterWest Partners,https://interwest.com,USA,Santa Clara,"Biotech, Life Sciences, Advertising, E-Commerce, Big Data & Analytics, Cloud, SaaS, Consumer, Internet & Mobile, Social",Early Stage,1979,Keval Desai,561,286,"$10,000,000","$15,000,000","$260,000,000",
,Intonation Ventures,https://www.intonationventures.com/,USA,New York,"Consumer, Gaming, Entertainment, Sports, Health & Wellness, Marketplace","Pre-Seed, Seed, Series A",2020,Zibo Gao,14,3,"$25,000","$250,000","$2,000,000",zibo@intonationventures.com
,InveN Capital,https://invencapital.cz,Czechia,Prague,"Transportation, IoT, Climate & Sustainability, Energy",Late Stage,2014,Petr Mikovec,22,3,"€2,000,000","€30,000,000","€50,000,000",contact@invencapital.cz
,Inventure,https://inventure.vc/,"Finland, Sweden","Helsinki, Stockholm","SaaS, Deep Tech & Hard Science, AI & ML, Healthcare, Education, Gaming, Devops, Cybersecurity, IoT, Consumer, InsurTech, Hardware, AR & VR, Food & Beverage, Enterprise, Marketplace, Big Data & Analytics, Manufacturing, Marketing, Automative, Telecommunications","Seed, Series A",2005,"Kevin Lösch, Sami Lampinen, Timo Tirkkonen",71,21,"$100,000","$10,000,000","$230,000,000",hello@inventure.vc
,Inventures Investment Partners,https://www.inventures.fund/,Belgium,Brussels,"Enterprise, SaaS, Transportation","Early Stage, Seed",2011,"Charles-Albert De Radzitzky, Gilles Van Der Meerschen, Guillaume Desclée, José Zurstrassen, Olivier De Duve",40,3,"€500,000","€2,500,000","€90,000,000",info@inventures.fund
,Inventus Capital Partners,https://inventuscap.com,USA,San Mateo,"E-Commerce, Marketplace, AI & ML, Enterprise, Cloud, Fintech","Early Stage, Seed, Series A",2005,"John Dougery, Kanwal Rekhi, Samir Kumar",34,10,,"$3,000,000","$113,500,000",
,Investia,https://investiaco.com/,Egypt,Cairo,"Fintech, Supply Chain & Logistics",Early Stage,2013,Samir El Alaily,2,,,,,info@investiaco.com
,Investinor,https://investinor.no/en/,Norway,"Trondheim, Oslo","Climate & Sustainability, Internet & Mobile, Energy, Healthcare, Marine","Early Stage, Seed, Pre-Seed",2008,Terje Eidesmo,120,35,"$50,000","$300,000","$822,000,000",post@investinor.no
,Invivo Capital,https://invivo.capital/,Spain,Barcelona,"Biotech, Healthcare, Life Sciences",Early Stage,2019,Luís Pareras,8,,"€500,000","€2,000,000","€44,400,000",info@invivo.capital
,IQ Capital,https://iqcapital.vc,United Kingdom,Cambridge,"AI & ML, IoT, Cybersecurity, Big Data & Analytics, Fintech, InsurTech, Healthcare, SaaS, Marketplace","Seed, Series A, Growth",2006,Kerry Baldwin,146,33,"£500,000","£10,000,000","£125,000,000",hello@iqcapital.vc
,IrishAngels,https://irishangels.com,USA,Chicago,"Healthcare, Media, Food & Beverage, SaaS","Early Stage, Seed, Pre-Seed",2012,"Gale Wilkinson, Jordan Curnes",100,10,"$150,000","$400,000","$50,000,000",info@irishangels.com
,Iron Wolf Capital,https://ironwolfcapital.com,"Lithuania, United Kingdom","Vilnius, London","AI & ML, IoT, SaaS, Deep Tech & Hard Science, Fintech, Marketplace","Seed, Series A",2018,Žygimantas Susnys,15,,"€250,000","€2,000,000",,info@ironwolfcapital.com
,ITOCHU Technology Ventures,https://www.techv.co.jp/en/,Japan,Tokyo,"Consumer, Enterprise, Internet & Mobile","Early Stage, Late Stage, Seed",2000,Shinzo Nakano,134,43,,"$5,000,000","$336,700,000",
,J&T Ventures,https://www.jtventures.cz/,Czechia,Prague,"Fintech, Proptech & Real Estate, IoT, Industrial","Seed, Series A, Early Stage",2014,Bob Tetiva,22,4,"€250,000","€2,500,000","€40,000,000",info@jtventures.cz
,J12 Ventures,https://www.j12ventures.com/,"Sweden, Finland, United Kingdom","Stockholm, London, Helsinki","Cybersecurity, SaaS, Marketplace, Crypto & Blockchain, Climate & Sustainability, Supply Chain & Logistics, Big Data & Analytics, Developer Tools, Media, Entertainment, Enterprise, DTC","Early Stage, Seed, Pre-Seed",2020,Luca Banderet,33,1,,,"$49,700,000",hi@j12ventures.com
,JCS Investment LTD,https://old.jcs.com.gh/,Ghana,Accra,"Healthcare, Health & Wellness, Energy, Agriculture",Early Stage,2004,Patricia Safo,,,"$50,000","$250,000",,info@jcs.com.gh
,JME Capital,https://www.jme.vc/,Spain,Madrid,"Fintech, Human Resources, Transportation, Productivity, Automation, Crypto & Blockchain, Supply Chain & Logistics","Early Stage, Seed, Series A",2009,Javier Alarcó,89,20,,,"$115,300,000",backme@jme.vc
,JMI Equity,https://www.jmi.com/,USA,"Baltimore, San Diego, Washington","Cloud, Education, Proptech & Real Estate, Healthcare, Energy, InsurTech, Legal, Government Technology, Infrastructure, Marketing, Fintech, Non-Profit, Sales","Series A, Series B, Series C",1992,"Charles Noell, Harry Gruner",163,68,"$15,000,000","$125,000,000","$4,800,000,000",lcontrella@jmi.com
,Johnson Venture Partners,http://www.jvpfund.com/,USA,Atlanta,"Consumer, Life Sciences, Healthcare, Food & Beverage, Media, SaaS, AI & ML, Manufacturing","Seed, Early Stage",2006,Matt Johnson,34,5,"$50,000","$500,000","$500,000",info@jvpfund.com
,Jump Capital,https://jumpcap.com,USA,"Chicago, New York","SaaS, Fintech, Media, Internet & Mobile, Enterprise","Series A, Series B",2012,Sach Chitnis,223,35,"$1,000,000","$10,000,000","$350,000,000",info@jumpcap.com
,Jungle Ventures,https://jungle.vc,Singapore,Singapore,"Consumer, Fintech, Cloud, E-Commerce, InsurTech, Big Data & Analytics","Early Stage, Late Stage, Seed, Series A, Series B",2012,"Amit Anand, Anurag Srivastava",46,9,"$500,000","$20,000,000","$1,200,000,000",info@jungle-ventures.com
,K2 Venture Capital,https://k2-vc.com/,Thailand,Bangkok,"Fintech, InsurTech, Big Data & Analytics, AI & ML, IoT, Crypto & Blockchain",Early Stage,2017,Stanley Wang,5,2,,,"$20,000,000",info@k2-vc.com
,Kalaari Capital,https://kalaari.com,India,Bangalore,"Climate & Sustainability, Consumer, Creator Economy, Crypto & Blockchain, E-Commerce, Education, Fintech, Food & Beverage, Transportation, Healthcare, Social, Travel & Hospitality, Deep Tech & Hard Science, SaaS, Supply Chain & Logistics, Sports","Seed, Series A",2006,"Vani Kola, Rajesh Raju",194,45,"$500,000","$5,000,000","$600,000,000",+91 80-6715-9600
,Kalon Venture Partners,https://kalonvp.com,South Africa,Johannesburg,"Transportation, AR & VR, AI & ML, SaaS, Productivity, Marketing",Growth,2016,Clive Butkow,19,1,,,"$17,500,000",info@kalonvp.com
,Kama Flow,https://kamaflow.com,Russia,"Moscow, Novosibirsk","Big Data & Analytics, Industrial, Climate & Sustainability, Internet & Mobile","Early Stage, Pre-Seed, Seed",2013,Eduard Adamyan,14,1,,,"$3,500,000,000",info@kamaflow.com
,Kamet Ventures,https://kametventures.com,"France, United Kingdom, Israel","Tel Aviv-Yafo, Paris, London","InsurTech, Healthcare, Health & Wellness, Transportation",Early Stage,2016,"Stéphane Guinet, Nicolas Bosc, Michael Niddam",37,4,,,"$11,500,000",
,Kapor Capital,https://kaporcapital.com,USA,Oakland,"Education, Food & Beverage, Health & Wellness, Media, Climate & Sustainability, Energy, Fintech","Seed, Pre-Seed, Series A, Early Stage, Late Stage",1999,"Freada Kapor Klein, Mitchell Kapor",245,51,"$100,000","$250,000","$125,000,000",info@kaporcapital.com
,Karlin Ventures,http://karlinvc.com/,USA,Los Angeles,"Enterprise, SaaS, Marketplace",Early Stage,2012,Tx Zhuo,57,27,"$250,000","$2,000,000","$76,000,000",info@karlinvc.com
,Karma VC,https://karma.vc,Estonia,Tallinn,Deep Tech & Hard Science,"Seed, Series A, Early Stage",2016,"Margus Uudam, Tommi Uhari, Kristijan Laanemaa",18,4,,"€5,000,000","€170,000,000",good@karma.vc
,Kaszek Ventures,https://kaszek.com/,"Argentina, Mexico, Uruguay, Brazil","Buenos Aires, Mexico City, Montevideo, São Paulo","Biotech, Media, DTC, E-Commerce, Marketplace, Fintech, Healthcare, Travel & Hospitality, InsurTech, Supply Chain & Logistics, Proptech & Real Estate, SaaS, Enterprise, Transportation, Food & Beverage, Advertising","Seed, Series A, Series B, Series C",2011,"Hernan Kazah, Nicolas Szekasy",195,21,"$500,000","$5,000,000","$2,000,000,000",info@kaszek.com
,Kaya Ventures,https://www.kaya.vc/,Czechia,Prague,"E-Commerce, Consumer, Fintech, Future of Work, Healthcare, SaaS, Climate & Sustainability, Mobility, Agriculture","Pre-Seed, Seed, Series A",2010,Madeline Darcy,34,3,"€5,000,000","€10,000,000","€500,000,000",info@kaya.vc
,Kernel Capital,https://kernel-capital.com,Ireland,"Belfast, Cork","AI & ML, Biotech, Healthcare, Cybersecurity, Education, SaaS","Early Stage, Seed",1999,Niall Olden,76,14,"€500,000","€2,000,000","€158,000,000",+353 (0)21 4928974
,Kharis Capital,https://khariscapital.com/,"Switzerland, Belgium, Luxembourg","Brussels, Hong Kong, Luxembourg, Zug",Consumer,Early Stage,2015,Daniel Grossmann,29,2,,,"€90,000,000",info@khariscapital.com
,Khosla Ventures,https://khoslaventures.com,USA,"San Mateo, San Francisco","Consumer, Enterprise, Education, Health & Wellness, Food & Beverage, Robotics, Advertising, Agriculture, Fintech","Seed, Early Stage, Late Stage",2004,Vinod Khosla,1158,287,,,"$15,000,000,000",kv@khoslaventures.com
,Kibo,https://kiboventures.com/,"Spain, Portugal","Madrid, Lisbon, Barcelona","Social, API, Fintech, Travel & Hospitality, Transportation, SaaS, Cloud, AI & ML, Big Data & Analytics, E-Commerce, Consumer, Enterprise, Proptech & Real Estate, Marketplace","Seed, Series A",2012,"Aquilino Peña, Javier Torremocha, José María Amusátegui",63,20,"€2,000,000","€5,000,000","€1,500,000,000",hello@kiboventures.com
,Kima Ventures,https://kimaventures.com,France,Paris,"Internet & Mobile, Productivity, Entertainment, Fintech","Early Stage, Seed, Series A",2010,"Jeremie Berrebi, Xavier Niel",832,89,"€150,000",,,join@kimaventures.com
,Kindred Capital,https://kindredcapital.vc,United Kingdom,London,"SaaS, Hardware, Marketplace, Deep Tech & Hard Science, Enterprise, Consumer","Seed, Pre-Seed",2015,"Leila Zegna, Mark Evans, Russell Buckley",68,4,"£500,000","£1,500,000","£195,893,530",hello@kindredcapital.vc
,Kinetic Ventures,https://kineticventures.com,USA,"Atlanta, Washington, Chevy Chase","Enterprise, Transportation, SaaS, Climate & Sustainability","Early Stage, Late Stage, Seed",1985,Carol Deslandes,65,18,"$1,000,000","$5,000,000","$150,000,000",kinetic@kineticventures.com
,Kingson Capital,https://kingsoncapital.com,"South Africa, USA","Johannesburg, San Francisco, Durban","AI & ML, Big Data & Analytics, Healthcare, Consumer, SaaS, Crypto & Blockchain, Climate & Sustainability",Early Stage,2016,Gavin Reardon,8,3,,,,gavin@kingsoncapital.com
,KK Fund,https://www.kkfund.co/,"Singapore, South Korea, Vietnam","Ho Chi Minh City, Seoul, Singapore","Internet & Mobile, Crypto & Blockchain, IoT, Entertainment, Fintech, Education, Human Resources, Mobility, Healthcare, Proptech & Real Estate",Seed,2015,Koichi Saito,37,3,"$400,000","$500,000","$20,000,000",info@kkfund.co
,Kleiner Perkins,https://kleinerperkins.com,"USA, China","Shanghai, San Francisco","Consumer, Fintech, Enterprise, Deep Tech & Hard Science, Healthcare, Internet & Mobile, Life Sciences, SaaS, Cybersecurity, Manufacturing, Infrastructure","Seed, Pre-Seed, Early Stage, Late Stage, Series A",1972,"Brook Byers, Eugene Kleiner, Frank Caufield, Tom Perkins",1354,318,"$500,000","$15,000,000","$9,200,000,000",plans@kpcb.com
,Knife Capital,https://knifecap.com,"South Africa, United Kingdom","London, Cape Town","Cloud, AI & ML, Education, IoT, SaaS, Food & Beverage","Late Stage, Growth",2010,Andrea Bohmert,41,12,,,"£50,000,000",info@knifecap.com
,Knoll Ventures,https://knollventures.com,USA,Atlanta,"Enterprise, SaaS","Pre-Seed, Seed, Early Stage, Growth",2018,"Andrew Dorman, David Dorman, Richard Fraim",49,12,"$500,000","$3,000,000","$51,800,000",info@knollventures.com
,Kogito Ventures,https://kogito-ventures.com,Poland,Warsaw,"E-Commerce, Fintech, Marketplace, Enterprise, SaaS, Industrial","Pre-Seed, Seed, Series A",2016,Łukasz Obuchowicz,29,3,"€500,000","€2,000,000","€30,000,000",biuro@kogito-ventures.com
,Koopeo Ventures,https://www.koopeoventures.com/en/home-english/,"Czechia, Slovakia","Prague, Brno, Bratislava","Fintech, E-Commerce, Internet & Mobile","Early Stage, Seed, Pre-Seed",2016,"Petr Špaček, Libor Daněk, Vladimír Šťastný",14,6,"$2,000","$625,000","$41,500,000",info@koopeoventures.com
,Korea Investment Partners,http://partners.koreainvestment.com/,"South Korea, China, USA, Singapore","Sunnyvale, Seoul, Singapore, Shanghai, Beijing, Chengdu, Guangzhou","Biotech, Healthcare, Entertainment, Media, Gaming, Consumer, Internet & Mobile, Fintech, Marketplace, IoT, AI & ML, Automation, Industrial, Hardware","Series A, Series B, Series C",1986,"Mahn Soon, Dong Yeob",354,5,"$2,000,000","$5,000,000",,
,KPTL,https://kptl.com.br/?lang=en,Brazil,"São Paulo, Belo Horizonte","Media, Healthcare, Government Technology, Crypto & Blockchain, DTC, Energy, Agriculture, Fintech",Early Stage,2020,"Bruno Profeta, Christiane Bechara, Eduardo Sperling, Gustavo Junqueira, Paulo Tomazela, Renato Ramalho, Rogerio Carvalho Neto",112,21,,,,
,Kraken Ventures,https://krakenventures.com,"USA, Canada, United Kingdom, Israel, United Arab Emirates",San Francisco,"Fintech, Crypto & Blockchain, SaaS, Cybersecurity, Developer Tools, Big Data & Analytics, AI & ML, Enterprise","Series A, Seed",2021,Brandon Gath,22,,"$500,000","$2,000,000","$65,000,000",info@krakenventures.com
,Kurma Partners,https://kurmapartners.com,France,Paris,"Biotech, Life Sciences, Healthcare","Early Stage, Seed, Late Stage",2009,Thierry Laugel,91,10,"€10,000,000",,"€534,000,000",contact@kurmapartners.com
,Kusto Vietnam,https://kusto.com.vn/en/,Vietnam,Ho Chi Minh City,"Construction, Supply Chain & Logistics, Proptech & Real Estate, Social","Growth, Late Stage",2005,Yerkin Tatishev,,,,,"$50,000,000",contact@kusto.com.vn
,Laconia Capital Group,https://laconiacapitalgroup.com,"USA, Canada","New York, Philadelphia, Boston","Enterprise, SaaS","Early Stage, Seed",2014,"Jeffrey Silverman, Geri Kirilova, David Arcara",37,9,"$500,000","$1,000,000","$5,000,000",info@laconiacapitalgroup.com.
,Lair East Labs,https://laireastlabs.com,USA,New York,"Enterprise, Deep Tech & Hard Science, Hardware, Consumer, Entertainment, Health & Wellness, Food & Beverage, Education, Transportation, Marketing","Early Stage, Seed, Pre-Seed",2017,"Lee Lin, Michelle Wang, Seamon Chan, Yipeng Li",31,2,"$75,000","$150,000","$35,000,000",info@laireastlabs.com
,Lakestar,https://lakestar.com,Switzerland,Zürich,"Fintech, Healthcare, Infrastructure, Industrial, Deep Tech & Hard Science, Gaming, Media, Climate & Sustainability","Seed, Growth, Early Stage",2012,Mika Salmi,177,37,,,"$735,000,000",
,Lanta Digital Ventures,https://lantacapital.com,Spain,Barcelona,"Internet & Mobile, Advertising, E-Commerce, Gaming, Media, Social, Healthcare, Big Data & Analytics","Seed, Early Stage",2013,Ángel García,9,4,,,"$1,200,000",investors@lantacapital.com
,Lavrock Ventures,https://lavrockvc.com,USA,McLean,"Government Technology, Deep Tech & Hard Science, Big Data & Analytics, Enterprise, SaaS",Series A,2015,"Daniel Hanks, Jim Hunt, Steve Smoot",19,3,"$2,000,000","$4,000,000","$45,000,000",info@lavrockvc.com
,LB Ventures,http://lbinvestment.com/,"South Korea, China","Seoul, Shanghai","Hardware, Healthcare, Consumer, Entertainment, Gaming, Manufacturing","Seed, Early Stage, Growth",1996,Ki-Ho Park,231,83,"$1,000,000","$50,000,000","$700,000,000",lbadmin@lbinvestment.com
,LDV Capital,https://www.ldv.co/,USA,New York,"Deep Tech & Hard Science, AI & ML, Big Data & Analytics, Robotics, Automative, Healthcare, Manufacturing, Supply Chain & Logistics, AR & VR","Pre-Seed, Seed",2012,Evan Nisselson,31,8,"$500,000","$1,200,000",,
,Leaders Fund,https://leaders.vc,Canada,"Toronto, Alpharetta","SaaS, Cloud, Cybersecurity, Enterprise, Supply Chain & Logistics, AI & ML","Seed, Early Stage, Series A, Series B",2016,"David Stein, Steve Debacco, Gideon Hayden",34,9,,,"$100,000,000",
,Lean FUND,http://www.leanfund.com/,Belgium,Louvain,"Productivity, SaaS, Supply Chain & Logistics, Climate & Sustainability, Sports","Early Stage, Seed, Pre-Seed",2013,"Benoit Lips, Jean Dessain, Toon Vanagt",12,1,"€25,000","€100,000","€33,000,000",contact@leanfund.com
,Learn Capital,https://www.learn.vc/,USA,San Mateo,"Health & Wellness, Education, Fintech",,2008,Evan Baehr,182,54,,,"$50,000,000",
,Left Lane Capital,https://leftlanecap.com,USA,Brooklyn,"Fintech, Marketplace, Education, Food & Beverage, E-Commerce, SaaS, Healthcare, Gaming, Entertainment, Supply Chain & Logistics, Crypto & Blockchain, IoT","Early Stage, Late Stage",2019,Dan Ahrens,55,3,,,"$2,000,000,000",info@leftlanecap.com
,Lehrmann Ventures,https://lehrmannventures.com/,Denmark,Copenhagen,"E-Commerce, SaaS, Marketplace, Other","Early Stage, Seed",2019,Jan Dal Lehrmann,35,12,"$100,000","$5,000,000",,
,Lemnos,https://lemnos.vc/,USA,San Francisco,"Transportation, Travel & Hospitality, AI & ML, Automation, Hardware, Aerospace & Space, Supply Chain & Logistics, Food & Beverage, Robotics, Manufacturing, Energy, Construction, Agriculture","Pre-Seed, Seed, Early Stage",2011,"Helen Zelman Boniske, Jeremy Conrad",73,25,"$250,000","$500,000","$71,900,000",info@lemnoslabs.com
,Lerer Hippeau,https://lererhippeau.com,USA,New York,"Big Data & Analytics, Cybersecurity, E-Commerce, Education, Health & Wellness, Crypto & Blockchain, Fintech, Food & Beverage, Future of Work, Productivity, Hardware, Robotics, Healthcare, Marketing, Media, Entertainment, Proptech & Real Estate, Supply Chain & Logistics","Early Stage, Late Stage, Pre-Seed, Seed, Series A, Series B",2010,"Kenneth Lerer, Ben Lerer, Eric Hippeau",657,245,,,"$667,800,000",contact@lererhippeau.com
,Leta Capital,https://leta.vc,United Kingdom,George Town,"Enterprise, Automation, SaaS, AR & VR, Big Data & Analytics","Series A, Series B, Early Stage, Seed",2012,Alex Chachava,40,6,"£2,000,000","£5,000,000","£165,000,000",info@leta.vc
,Level2 Ventures,https://level2.vc/,Netherlands,Amsterdam,"AI & ML, Automation, Climate & Sustainability, SaaS, Marketplace, Enterprise","Pre-Seed, Seed, Series A",2021,"Piotr Pawłowski, Adam Rudowski",11,,"€250,000","€1,500,000","€2,200,000",pitch@level2.vc
,Lifeline Ventures,https://lifelineventures.com,Finland,Helsinki,"Climate & Sustainability, Consumer, Gaming, Hardware, Healthcare, Fintech, SaaS","Early Stage, Seed, Late Stage",2009,Timo Ahopelto,95,29,,"€7,000,000","€207,100,000",info@lifelineventures.com
,Lightbank,https://lightbank.com,USA,Chicago,"Consumer, Enterprise, Biotech, Healthcare, Crypto & Blockchain, Fintech, Marketplace","Seed, Series A, Series B, Series C",2010,Eric Lefkofsky,192,88,"$1,000,000","$3,000,000","$180,000,000",info@lightbank.com
,Lighthouse Ventures,https://lhv.vc,Czechia,Prague,"Fintech, AI & ML, E-Commerce, SaaS, Marketplace, InsurTech","Early Stage, Seed",2019,Michal Zalesak,33,1,"€200,000","€2,300,000","€24,000,000",contact@lhv.vc
,Lightrock India,https://lr-india.com,"India, United Kingdom","Bangalore, London","Healthcare, Future of Work, Education, Transportation, Food & Beverage, Climate & Sustainability, Big Data & Analytics, Infrastructure, Agriculture","Late Stage, Growth",2011,"Kartik Srivatsa, Thomas Hyland",48,6,"$10,000,000","$50,000,000",,contact.india@lightrock.com
,Lightspeed Venture Partners,https://lsvp.com,"USA, Israel","Tel Aviv-Yafo, San Francisco","Consumer, Enterprise, Health & Wellness, Crypto & Blockchain, Fintech, DTC, Education, Media, Social, SaaS, Big Data & Analytics, Biotech, Infrastructure","Early Stage, Seed",2000,"Barry Eggers, Christopher Schaepe, Peter Nieh, Ravi Mhatre",1169,207,"$1,000,000","$50,000,000","$18,900,000,000",info@lsvp.com
,Lightstone Ventures,https://lightstonevc.com,"USA, Ireland, Singapore","Boston, Dublin, Singapore, San Francisco","Healthcare, Biotech, Life Sciences","Early Stage, Late Stage, Seed",2012,Christopher M. Owens,105,40,,,"$375,000,000",+1 (650)-388-3676
,Lombardstreet Ventures,https://lombardstreet.io,USA,"San Mateo, San Francisco","Crypto & Blockchain, Fintech, SaaS, Marketplace","Pre-Seed, Early Stage, Seed",2016,"Luigi Bajetti, Massimo Sgrelli",58,7,,,,hello@lombardstreet.io
,Lool Ventures,https://lool.vc,Israel,Tel Aviv-Yafo,"SaaS, AI & ML","Early Stage, Seed",2011,"Avichay Nissenbaum, Yaniv Golan",24,7,"$5,000,000","$10,000,000","$100,000,000",info@lool.vc
,LRM,https://www.lrm.be/en,Belgium,Hasselt,"Climate & Sustainability, Internet & Mobile, Enterprise, Proptech & Real Estate, Energy",Seed,1994,,136,17,,,"€10,000,000",info@lrm.be
,LT Capital,https://ltcapital.vc,Poland,"Kraków, Warsaw","AI & ML, Cybersecurity, Robotics, AR & VR, Biotech, SaaS, Marketplace, IoT","Seed, Series A",2017,Łukasz Świercz,26,1,,"€250,000","€60,000,000",contact@ltcapital.vc
,Luminar Ventures,https://luminarventures.com,"Sweden, Norway, Germany, Vietnam","Stockholm, Asker, Hanoi, Munich","Human Resources, Fintech, Gaming, Enterprise, AI & ML, Automation, API, InsurTech","Pre-Seed, Seed, Series A",2012,Martin Henricson,58,4,,,"€132,700,000",info@luminarventures.com
,Lumira Ventures,https://lumiraventures.com,"Canada, USA","Toronto, Montréal, Vancouver, Boston","Biotech, Healthcare","Late Stage, Early Stage",1989,Peter Van Der Velden,83,19,"$500,000","$1,000,000","$764,500,000",+1 (416) 213 4223
,Lunar Ventures,https://lunar.vc,Germany,Berlin,"AI & ML, Cybersecurity, Crypto & Blockchain, Big Data & Analytics, Health & Wellness","Early Stage, Seed",2017,"Mick Halsband, Dr. Elad Verbin, Luis Shemtov",18,,"€300,000","€1,000,000","€40,000,000",hello@lunarventures.eu
,Lundbeckfondon,https://lundbeckfonden.com/en,Denmark,Copenhagen,Life Sciences,Early Stage,1954,Grete Lundbeck,4,,,"DKK1,300,000","DKK75,000,000",application@lundbeckfonden.com
,Lux Capital,https://luxcapital.com,USA,New York,"Deep Tech & Hard Science, Robotics, Manufacturing, AI & ML, Biotech, Infrastructure, Energy, Fintech, Hardware, AR & VR, Transportation, Crypto & Blockchain, Aerospace & Space","Seed, Early Stage",2000,Peter Hébert,437,66,"$100,000",,"$1,500,000,000",info@luxcapital.com
,LVenture Group,https://lventuregroup.com,Italy,Rome,"Big Data & Analytics, Education, Developer Tools, Entertainment, Travel & Hospitality, IoT, Fintech, Food & Beverage, Healthcare",Early Stage,2012,Luigi Capello,91,11,"€200,000","€250,000",,info@lventuregroup.com
,M13,https://m13.co/,USA,"Santa Monica, New York","Consumer, Education, Fintech, Food & Beverage, Healthcare, SaaS, Media, DTC, Crypto & Blockchain, Future of Work, Proptech & Real Estate, Supply Chain & Logistics, Transportation","Seed, Early Stage, Series A",2016,Carter Reum,196,52,"$4,000,000","$7,000,000","$684,500,000",team@m13.co
,M25,https://m25vc.com/,USA,Chicago,"Big Data & Analytics, IoT, Consumer, E-Commerce, Education, Legal, Enterprise, Entertainment, Media, Sports, Fintech, Food & Beverage, Healthcare, Hardware, Marketing, Proptech & Real Estate, Transportation, Supply Chain & Logistics","Pre-Seed, Seed",2015,Mike Asem,131,19,"$500,000","$3,000,000","$32,000,000",
,Maccabee Ventures,https://maccabee.vc,USA,New York,"Enterprise, Fintech, Cybersecurity, AI & ML, AR & VR, SaaS, Healthcare, Proptech & Real Estate","Pre-Seed, Seed",2019,"Bruce Taragin, Moshe Bellows",20,,"$50,000","$150,000",,mbellows@maccabee.vc
,Macdoch Ventures,https://macdochventures.com/,Australia,Sydney,"SaaS, Transportation, Supply Chain & Logistics, Media, Marketplace, Internet & Mobile","Pre-Seed, Seed",2011,Michael Robinson,38,12,"$500,000","$750,000","$4,000,000",
,Magma Partners,https://magmapartners.com,"USA, Mexico, Colombia","Santa Monica, Guadalajara, San Andrés","Consumer, Cybersecurity, DTC, Fintech, Health & Wellness, InsurTech, Supply Chain & Logistics, Marketplace, Media, Proptech & Real Estate, SaaS, Education, Social, Food & Beverage","Pre-Seed, Seed, Series A",2014,"Diego Philippi, Francisco Sáenz Rica, Nathan Lustig",99,3,"$25,000","$5,000,000","$67,500,000",info@magmapartners.com
,Magma Venture Partners,https://www.magmavc.com/,Israel,Tel Aviv-Yafo,"Cloud, Cybersecurity, Big Data & Analytics, SaaS, Media",Early Stage,1999,Yahal Zilka,48,18,"$50,000","$7,000,000","$274,000,000",info@magmavc.com
,Maki.vc,https://maki.vc,Finland,Helsinki,"Deep Tech & Hard Science, DTC, Biotech, E-Commerce","Pre-Seed, Seed, Series A",2018,"Ilkka Kivimaki, Pirkka Palomaki",53,1,"€200,000","€2,000,000","€180,000,000",lets@maki.vc
,ManchesterStory Group,https://manchesterstory.com/,USA,West Des Moines,"Healthcare, Fintech, InsurTech",Early Stage,2016,"David Miles, Matt Kinley",34,3,,,"$80,700,000",info@manchesterstory.com
,Maniv Mobility,https://maniv.com,"Israel, USA","Tel Aviv-Yafo, New York","Supply Chain & Logistics, Robotics, Transportation, Automative, Mobility","Early Stage, Seed",2015,Michael Granoff,37,2,,,,info@maniv.com
,Manutara Ventures,https://manutaraventures.com,Chile,Las Condes,"Biotech, Fintech, SaaS",Early Stage,2016,"Cristian Olea Simunovic, Ricardo Donoso",13,1,"$200,000","$1,000,000","$10,000,000",info@manutaravc.com
,Market One Capital,https://moc.vc,"Luxembourg, Poland, Spain","Warsaw, Barcelona","SaaS, Marketplace, Marketing, Big Data & Analytics, Cloud, Fintech",Seed,2017,Marcin Zabielski,57,19,"€200,000","€1,500,000","€45,000,000",marketing@moc.vc
,Martlet Capital,https://martletcap.com,United Kingdom,Cambridge,"Deep Tech & Hard Science, Life Sciences, Enterprise","Early Stage, Seed, Pre-Seed",2011,Paul Bailey,65,7,"£250,000",,"£3,500,000",contactus@martletcap.com
,Maslin Capital,https://maslincapital.com,Bangladesh,Dhaka,"Social, Internet & Mobile, Education, Healthcare, Climate & Sustainability, Agriculture",Early Stage,2016,Wali Ul Maroof Matin,,,,"৳1,000,000","৳100,000,000",info@maslincapital.com
,MassChallenge,https://masschallenge.org,"USA, Israel, Mexico, Switzerland, South Korea, Australia, China, Colombia, France, Poland, Ireland, Taiwan, Thailand, United Kingdom, Spain, Russia, Morocco","Boston, Texas City","Fintech, Healthcare, Cybersecurity, Climate & Sustainability",Early Stage,2010,"John Harthorne, Akhil Nigam",2103,562,,"$2,000,000","$8,600,000,000",info@masschallenge.org
,Matchstick Ventures,https://www.matchstick.vc/,USA,Minneapolis,"API, Marketplace, Crypto & Blockchain, Supply Chain & Logistics, Fintech, Proptech & Real Estate, SaaS","Pre-Seed, Seed",2015,"Ryan Broshar, Natty Zola",56,,"$500,000","$1,500,000","$90,000,000",ryan@matchstickventures.com
,Material Impact,https://materialimpact.com,USA,Boston,"Climate & Sustainability, Food & Beverage, Robotics, AI & ML, AR & VR, Healthcare, Transportation",Early Stage,2015,"Adam Sharkawy, Carmichael Roberts",33,3,,,"$325,000,000",info@materialimpact.com
,Math Venture Partners,https://mathventurepartners.com,USA,Chicago,"SaaS, Big Data & Analytics, Marketplace, E-Commerce","Early Stage, Seed",2014,Mark Achler,86,17,"$100,000","$2,000,000","$74,000,000",
,Matrix Partners,https://matrixpartners.in,"India, USA, China","Bangalore, Delhi, Mumbai, San Francisco, Boston, Palo Alto, Beijing, Shanghai","Healthcare, Fintech, Enterprise, SaaS, E-Commerce, Media, Social, Gaming, Travel & Hospitality, Transportation, Education","Seed, Series A, Series B",1977,Paul J. Ferri,626,145,"$100,000","$10,000,000","$2,600,000,000",info@matrixpartners.in
,Matrix Partners China,https://www.matrixpartners.com.cn/en,China,"Shanghai, Beijing","SaaS, Deep Tech & Hard Science, Healthcare, Consumer, DTC, Enterprise","Early Stage, Series A",1977,"Bo Shao, David Su, David Zhang, Yee Lee",661,44,"$1,000,000","$10,000,000","$1,700,000,000",info@matrixpartners.com.cn
,Maven Ventures,https://mavenventures.com,USA,Palo Alto,"Crypto & Blockchain, Healthcare, Climate & Sustainability, Future of Work","Early Stage, Seed",2013,Jim Scheinman,84,13,"$750,000","$1,000,000","$70,000,000",hello@mavenventures.com
,Maveron,https://www.maveron.com/,USA,Seattle,"Consumer, Food & Beverage, Fintech, Transportation, Marketplace","Early Stage, Seed",1998,Dan Levitan,383,140,"$100,000","$8,000,000","$225,000,000",maveron@maveron.com
,Mayfield Fund,https://www.mayfield.com/,"USA, India","Mumbai, San Francisco","Enterprise, Consumer, Internet & Mobile, SaaS, Cloud, Crypto & Blockchain, Semiconductors","Seed, Series A",1969,"Thomas J. Davis, Wally Davis",625,183,"$500,000","$12,000,000","$2,600,000,000",info@mayfield.com
,Mekong Capital,https://mekongcapital.com,Vietnam,"Hanoi, Ho Chi Minh City","Food & Beverage, Consumer, Education, Supply Chain & Logistics, Healthcare, Proptech & Real Estate, Biotech",Growth,2001,Christopher Freund,48,37,,,"$490,800,000",info@mekongcapital.com
,Menlo Ventures,https://menlovc.com,USA,San Francisco,"Consumer, Enterprise, Healthcare, Internet & Mobile, Marketplace, Cloud, SaaS, Fintech, Life Sciences, Productivity","Seed, Early Stage, Late Stage, Series A",1976,"Chaz Pratt, Henry Dubose Montgomery",725,168,"$250,000","$20,000,000","$3,700,000,000",investors@menlovc.com
,Mercury Fund,https://mercuryfund.com,USA,"Idah, Austin, Ann Arbor","SaaS, Enterprise, Marketplace, Supply Chain & Logistics, Fintech, Crypto & Blockchain, Manufacturing, Energy","Early Stage, Seed, Series A",2013,"Aziz Gilani, Blair Garrou, Dan Watkins",209,22,"$250,000","$4,000,000","$200,000,000",info@mercuryfund.com
,Meritech Capital Partners,https://meritechcapital.com,USA,"Palo Alto, San Francisco, New York","Consumer, Enterprise, Fintech, Healthcare, Big Data & Analytics, SaaS","Late Stage, Series A, Series B, Series C",1999,"Mike Gordon, Paul Madera, Rob Ward",314,125,"$10,000,000","$25,000,000","$2,800,000,000",info@meritechcapital.com
,Metaplanet,https://metaplanet.com/,Estonia,Tallinn,"AI & ML, Biotech, Crypto & Blockchain, Healthcare, Robotics, Aerospace & Space, Transportation","Seed, Series A, Early Stage",2011,Jaan Tallinn,153,8,,,,
,Metavallon,https://metavallon.vc,Greece,Athens,"Big Data & Analytics, Healthcare, Fintech, Internet & Mobile","Early Stage, Pre-Seed, Seed",2018,Alexandra Choli,29,1,"€200,000","€1,000,000","€32,000,000",contactus@metavallon.vc
,MGH7 Venture Capital,https://mgh7.com,Italy,Milan,"SaaS, Media, Travel & Hospitality, Food & Beverage, Consumer, Entertainment",Seed,2015,"Francesco Mantegazzini, Andrea Mantegazzini",10,3,,,,fmantegazzini@mgh7.com
,MGV Capital Group,https://mgvcapital.com/,USA,San Antonio,"Fintech, Consumer, Internet & Mobile, Enterprise, SaaS",Early Stage,2020,Mariano Gonzalez,25,0,"$50,000","$500,000","$5,000,000",info@mgvcapitalgroup.com
,MH Carnegie,https://mhcarnegie.com,Australia,Moore Park,"Healthcare, Consumer, Proptech & Real Estate, Hardware & Industrials","Seed, Series A, Series B",2010,Mark Carnegie,9,1,,,"AU$200,000,000",enquiries@mhcarnegie.com
,Microtraction,https://www.microtraction.com/,Nigeria,Lagos,"Healthcare, Fintech","Early Stage, Pre-Seed, Seed, Series A",2017,"Yele Bademosi, Chris Schultz",22,,"$100,000",,,yele@microtraction.com
,Middle Game Ventures,https://www.middlegamevc.com,"Luxembourg, USA, United Kingdom, Ireland","Washington, Luxembourg, Dublin, London","Fintech, Crypto & Blockchain, SaaS","Series B, Early Stage",2016,"Michael Meyer, Pascal Bouvier",22,0,,,"€300,000,000",hello@middlegamevc.com
,Milano Investment Partners,https://www.milanoinvestment.com/,Italy,Milan,"Deep Tech & Hard Science, Food & Beverage, Consumer, DTC","Early Stage, Seed, Series A, Late Stage",2017,"Angelo Moratti, Igor Pezzilli, Paolo Gualdani, Stefano Guidotti",19,,,,,info@milanoinvestment.com
,Miroma Ventures,https://miromaventures.com,"USA, United Kingdom","London, Los Angeles","Food & Beverage, E-Commerce, Social, Media, Consumer, DTC, Marketing","Seed, Series A, Series B",2010,Marc Boyan,23,5,"$250,000","$5,000,000",,info@miromaventures.com
,MMC Ventures,https://mmc.vc,United Kingdom,London,"Cloud, Enterprise, AI & ML, Consumer, Healthcare, Fintech","Seed, Series A",2000,Bruce Macfarlane,202,44,"£1,000,000","£7,000,000","£383,000,000",fundenquiries@mmc.vc
,Modus Capital,https://modus.vc,USA,New York,"Fintech, Healthcare, SaaS, AR & VR, Social","Early Stage, Seed, Series A, Late Stage",2016,Kareem Elsirafy,12,3,"$50,000","$1,000,000","$125,000,000",comms@modus.vc
,Mohr Daviddow Ventures,https://mdv.com,USA,San Mateo,"Big Data & Analytics, Internet & Mobile, Cloud, Social, Enterprise, Healthcare, Climate & Sustainability, Fintech","Early Stage, Seed, Series A, Late Stage",1983,"Bill Davidow, Lawrence G. Mohr Jr.",304,81,"$250,000","$1,000,000","$1,300,000,000",info@mdv.com
,Molten Ventures,https://moltenventures.com,"Ireland, United Kingdom","Dublin, London","Cloud, Enterprise, SaaS, AI & ML, Deep Tech & Hard Science, Hardware, Healthcare, Health & Wellness, Consumer",Series A,2006,Martin Davis,319,128,,,"$205,600,000",info@molten.vc
,Moment Ventures,https://momentventures.com,USA,Palo Alto,"Future of Work, Food & Beverage, Supply Chain & Logistics, Healthcare, Enterprise, Big Data & Analytics","Early Stage, Seed, Pre-Seed",2013,"Ammar Hanafi, Clint Chao",42,9,,,,funding@momentventures.com
,Monashees,https://monashees.com,Brazil,São Paulo,"AI & ML, E-Commerce, Enterprise, Education, Fintech, Food & Beverage, IoT, Healthcare, Supply Chain & Logistics, Marketplace, Internet & Mobile, Legal, Agriculture, Advertising","Series A, Series B, Series C",2005,"Eric Acher, Fabio Igel",104,26,"$500,000","$5,000,000","$280,000,000",contact@monashees.com.br
,Moneta Ventures,https://www.moneta.vc/,USA,"Folsom, Austin","Cloud, Healthcare, Internet & Mobile, Consumer, AI & ML, Biotech, Proptech & Real Estate, Automation, Enterprise, SaaS","Seed, Early Stage",2014,Lokesh Sikaria,53,7,"$1,000,000","$5,000,000","$300,000,000",
,Monk's Hill Ventures,https://monkshill.com,Singapore,Singapore,"Healthcare, Fintech, E-Commerce, Education, Social, Human Resources, Cybersecurity, Advertising, Robotics, Supply Chain & Logistics, Devops, Big Data & Analytics, Gaming, AI & ML","Early Stage, Series A",2014,"Kuo-Yi Lim, Peng Ong",72,8,"$1,000,000","$3,000,000","$80,000,000",info@monkshill.com
,Montage Ventures,https://montageventures.com,USA,Palo Alto,"E-Commerce, Marketplace, Healthcare, Consumer, DTC, Fintech","Seed, Series A, Pre-Seed",2013,Todd Kimmel,109,23,"$250,000","$1,000,000","$17,500,000",info@montageventures.com
,Monterro,https://www.monterro.com/,Sweden,Stockholm,"Enterprise, SaaS",Growth,1979,Peter Wolpert,35,10,,,"$700,000,000",monterro@monterro.com
,Moonfire,https://www.moonfire.com/,United Kingdom,London,"Crypto & Blockchain, AR & VR, AI & ML, Fintech, Gaming, Health & Wellness, Education, Future of Work","Early Stage, Seed, Pre-Seed",2019,Mattias Ljungman,36,,"$100,000","$1,500,000","$60,000,000",opportunities@moonfire.com
,Moonshots Capital,https://moonshotscapital.com,USA,"Austin, Los Angeles","Internet & Mobile, Fintech, Cybersecurity, Gaming, Transportation, Media","Seed, Early Stage",2017,"Kelly Perdew, Craig Cummings",129,33,"$750,000","$3,000,000","$36,000,000",kelly@moonshotscapital.com
,Morgenthaler Ventures,http://www.morgenthaler.com/,USA,"Boston, Boulder, Cleveland, San Francisco, Princeton","Consumer, Hardware, SaaS, Developer Tools, Devops, Cloud, Enterprise, AI & ML, Marketplace, Fintech, Healthcare","Seed, Early Stage",1968,David Morgenthaler,347,102,,,"$1,300,000,000",inquiries@morgenthaler.com
,Morningstar ventures,https://morningstar.ventures/,United Arab Emirates,Dubai,"Crypto & Blockchain, Gaming, Fintech",Early Stage,2020,"Danilo S. Carlucci, Arut Nazaryan",93,1,,,"$4,200,000",hello@morningstar.ventures
,Morpheus Ventures,https://morpheus.com,USA,Los Angeles,"Big Data & Analytics, AI & ML, Robotics, SaaS, Transportation, Proptech & Real Estate, Health & Wellness, Automation",Early Stage,2016,"Mark Dyne, Joseph Miller, Murray Markilles,",41,4,,,"$200,000,000",bluepill@morpheus.com
,Mount Morning Capital,https://www.chenshancapital.com/,China,Beijing,"Deep Tech & Hard Science, AI & ML, Big Data & Analytics, Cloud, IoT","Early Stage, Late Stage",2016,Jian Jiang,29,1,,,"$44,500,000",start@chenshancapital.com
,Mountain Nazca,https://nazca.vc/,"Mexico, USA","Mexico City, Coral Gables","Biotech, E-Commerce, Fintech, Food & Beverage, InsurTech, Supply Chain & Logistics, Proptech & Real Estate, Aerospace & Space, Big Data & Analytics, Education, Healthcare","Pre-Seed, Seed, Series A, Series B",2014,"Stiven Rodriguez, Mateo Jaramillo",33,,,,"$63,500,000",
,Movac,https://www.movac.co.nz/,New Zealand,Wellington,"E-Commerce, Enterprise, SaaS, Deep Tech & Hard Science, Healthcare, InsurTech, Aerospace & Space","Series A, Series B, Series C, Seed",1998,Phil Mccaw,35,11,,"$6,000,000","$250,000,000",fiona@movac.co.nz
,Movens Capital,https://movenscapital.com,Poland,Warsaw,"AI & ML, Fintech, SaaS, Marketplace, Industrial, Deep Tech & Hard Science, Consumer","Seed, Series A",2018,"Artur Banach, Michał Olszewski",24,2,"€250,000","€1,000,000","€12,700,000",contact@movenscapital.com
,MSA Capital,https://www.msacap.com/,"China, Singapore, Saudi Arabia, United Arab Emirates, Bahrain","Beijing, Shanghai, Singapore, Riyadh, Abu Dhabi, Manama","Health & Wellness, Consumer, Enterprise","Seed, Early Stage, Late Stage",2014,Jenny Zeng,76,13,,,"$837,000,000",info@msacap.com
,Mundi Ventures,https://mundiventures.com,Spain,"Madrid, Barcelona","InsurTech, Fintech, Deep Tech & Hard Science, Climate & Sustainability, Cybersecurity, Healthcare","Early Stage, Late Stage, Series A, Series B",2016,Rajeev Singh-Molares,87,8,"€5,000,000","€10,000,000","€250,000,000",contact@mundiventures.com
,Narra Ventures,https://narravc.com/,Philippines,Manila,"Consumer, Government Technology, SaaS, Semiconductors","Seed, Series A, Series B",2002,Paco Sandejas,9,,,,,+63 (2) 552-1175
,Naspers,https://naspers.com,South Africa,Cape Town,"Supply Chain & Logistics, Fintech, Travel & Hospitality, Education, Healthcare, Social, Internet & Mobile","Early Stage, Late Stage",1915,Attorney W. A. Hofmeyr,113,,,,"$125,000,000",communications@naspers.com
,Nation 1 VC,https://nation1.vc,Czechia,Prague,"Healthcare, Travel & Hospitality, SaaS, Hardware, AR & VR, DTC, Enterprise, Supply Chain & Logistics, Cloud","Seed, Pre-Seed",2019,"Marek Moravec, Martin Bodocky, Petra Koncelikova",22,2,"€100,000","€1,500,000","€35,000,000",info@nation1.vc
,Nauta Capital,https://nautacapital.com,Spain,Madrid,"Enterprise, SaaS, Deep Tech & Hard Science","Early Stage, Seed, Series A",2016,Jose Del Barrio,156,34,"$1,000,000","$3,000,000","$190,000,000",london@nautacapital.com
,Navegar,https://navegar.com.ph,Philippines,Makati City,"Healthcare, Food & Beverage, E-Commerce, Supply Chain & Logistics, Fintech","Late Stage, Growth",2012,Javier Infante,4,1,"$20,000,000","$30,000,000","$197,000,000",info@navegar.com.ph
,New Enterprise Associates,https://www.nea.com/,USA,"San Francisco, New York, Timonium","Enterprise, Consumer, Life Sciences, AI & ML, Education, Fintech","Seed, Early Stage, Growth",1977,"Chuck Newhall, Frank A. Bonsal, Jr., Richard Kramlich",2051,556,"$1,000,000","$10,000,000","$21,300,000,000",LPRelations@nea.com
,New Leaf Venture Partners,https://www.nlvpartners.com,USA,New York,"Life Sciences, Healthcare","Early Stage, Late Stage",2005,"Vijay Lathi, Ron Hunt",247,163,,,"$1,300,000,000",info@nlvpartners.com
,New Stack Ventures,https://newstack.com,USA,Chicago,"Enterprise, SaaS, Supply Chain & Logistics, Fintech, Proptech & Real Estate, Healthcare, E-Commerce","Pre-Seed, Seed",2015,Nick Moran,51,4,"$500,000","$1,500,000","$42,600,000",team@newstack.vc
,New York Life Ventures,https://www.nylventures.com/,USA,New York,"Health & Wellness, Enterprise, InsurTech, AI & ML, Cloud, Fintech, SaaS","Early Stage, Series A, Series B, Series C",2012,Joel Albarella,32,7,"$5,000,000",,"$200,000,000",info@nylventures.com
,Newion,https://newion.com,Netherlands,Amsterdam,"E-Commerce, SaaS, Enterprise, Big Data & Analytics","Early Stage, Seed, Series A",2000,Patrick Polak,38,17,"€1,000,000","€3,000,000","€150,000,000",info@newion.com
,Newtown Partners,https://newtownpartners.com,South Africa,Cape Town,"Supply Chain & Logistics, Fintech, IoT, AR & VR, Agriculture, AI & ML, Robotics","Seed, Series A, Early Stage",2009,Heather Lowe,19,3,,,"$2,300,000",info@newtownpartners.com
,NEXEA Venture Capital,https://www.nexea.co/,Malaysia,Kuala Lumpur,"Travel & Hospitality, Marketplace, E-Commerce, Education, Big Data & Analytics, IoT, Fintech, SaaS","Seed, Early Stage",2015,"Ben Lim, Noomi Fessler",35,1,"RM 50,000","RM 1,000,000",,analyst@nexea.co
,Next Coast Ventures,https://nextcoastventures.com,USA,Austin,"Health & Wellness, Marketplace, Future of Work, Consumer, Enterprise, DTC, SaaS",Early Stage,2015,Mike Smerklo. Thomas Ball,102,18,,,"$310,000,000",info@nextcoastventures.com
,Next Road Ventures,https://nextroad.vc,Poland,Warsaw,"SaaS, Marketplace, Fintech, Industrial, Big Data & Analytics","Seed, Series A",2019,Ewa Chronowska,16,,,"€1,000,000","€1,000,000",office@nextroad.vc
,Next World Capital,https://www.nextworldcap.com/,"USA, France, United Kingdom","San Francisco, Paris, London","Internet & Mobile, Developer Tools, SaaS, Deep Tech & Hard Science, Enterprise, Big Data & Analytics, IoT","Series B, Series C",2008,"Ben Fu, Craig Hanson",58,12,"$5,000,000","$10,000,000","$135,000,000",
,Next47,https://next47.com/,"USA, China, Germany, Israel, France, United Kingdom","Palo Alto, Paris, Lehi, Munich, London, Herẕliyya, Berlin, Beijing","AI & ML, Automation, Cybersecurity, IoT, Robotics, Transportation, AR & VR, Enterprise","Late Stage, Early Stage",2016,Lak Ananth,121,22,"$5,000,000","$35,000,000","$100,000,000",+1 (650)-587-4558
,NextGen Venture Partners,https://nextgenvp.com,USA,"Baltimore, Boston","E-Commerce, Fintech, Future of Work, Healthcare, Proptech & Real Estate","Early Stage, Late Stage",2012,Jon Bassett,121,26,"$1,000,000","$5,000,000","$63,700,000",info@nextgenvp.com
,Nexus Venture Capital,https://nexusvp.com/,"India, USA","Mumbai, Bangalore, San Francisco","Enterprise, Consumer, SaaS, Internet & Mobile, Healthcare, Media, Fintech, Devops, Education, Gaming, E-Commerce","Early Stage, Seed, Series A",2006,Sandeep Singhal,120,28,"$500,000","$10,000,000","$1,400,000,000",
,NFT Ventures,https://nftventures.com,Sweden,Stockholm,"Crypto & Blockchain, Fintech, E-Commerce, InsurTech, Proptech & Real Estate",Early Stage,2014,Pär Roosvall,73,19,,,,info@nftventures.com
,NFX,https://nfx.com,"USA, Israel","San Francisco, Herẕliyya, Palo Alto","Healthcare, Gaming, Proptech & Real Estate, Fintech, Marketplace, Crypto & Blockchain","Pre-Seed, Seed",2015,"Morgan Beller, Gigi Levy-Weiss",469,99,"$500,000","$4,000,000","$150,000,000",qed@nfx.com
,NGP Capital,https://ngpcap.com,"USA, China, India, Finland, Switzerland","Palo Alto, Helsinki, Geneva, Beijing","Cybersecurity, Cloud, AI & ML, Robotics, Supply Chain & Logistics, Manufacturing, SaaS","Late Stage, Growth",2005,"John Gardner, Paul Asel",203,76,"$8,000,000","$12,000,000","$1,400,000,000",team@ngpcap.com
,Night Ventures,https://nightventures.com,USA,Dallas,"Consumer, Fintech, SaaS, Crypto & Blockchain, Healthcare",Early Stage,2021,Reed Duchscher,29,1,,,"$20,000,000",
,Nina Capital,https://www.nina.capital/,Spain,Barcelona,"Healthcare, Deep Tech & Hard Science","Pre-Seed, Seed, Series A",2019,Marta-Gaia Zanchi,34,1,"€250,000","€500,000","€63,600,000",info@nina.capital
,NoBa Capital,https://www.nobacapital.com/,United Kingdom,London,"Future of Work, Enterprise, SaaS",Early Stage,2019,Kevin Fuller,15,4,"£1,500,000","£2,000,000","£3,000,000",info@nobacap.com
,Noetic Fund,https://noeticfund.com,Canada,Toronto,"Health & Wellness, Biotech, Healthcare","Series A, Seed",2020,"Sa'Ad Shah, Warren Wright",31,6,,,"$200,000,000",info@noeticfund.com
,Norfund,https://norfund.no,Norway,Oslo,"Climate & Sustainability, Fintech, Enterprise",Early Stage,1998,Tellef Thorleifsson,204,117,,,"$3,100,000,000",post@norfund.no
,Northzone,https://northzone.com,"USA, United Kingdom, Sweden","London, Stockholm, New York","Consumer, Crypto & Blockchain, Enterprise, Fintech, Gaming, Healthcare","Early Stage, Seed, Series A, Series B",1996,Bjorn Stray,305,106,"$1,000,000","$25,000,000","$1,500,000,000",
,Norwest Venture Partners,https://nvp.com,"USA, India, Israel","Palo Alto, San Francisco, Mumbai, Herẕliyya","Consumer, Enterprise, Healthcare, AI & ML, Biotech, DTC, E-Commerce, Education, Fintech, Food & Beverage, Marketplace, Media, SaaS, Proptech & Real Estate, Infrastructure","Late Stage, Early Stage, Growth",1961,"Jeff Crowe, Jon Kossow, Promod Haque, Sohil Chand",854,180,"$1,000,000","$25,000,000","$12,600,000,000",businessplan@nvp.com
,Noshaq,https://noshaq.be,Belgium,Liège,"DTC, E-Commerce, Supply Chain & Logistics, Fintech, Life Sciences, Food & Beverage, Gaming, Industrial, Media, Proptech & Real Estate, Transportation, Energy",Early Stage,1985,Gaëtan Servais,474,3,,,"€115,000,000",info@meusinvest.be
,Nostetta Ventures,https://nostettaventures.com,Finland,Kuopio,"Healthcare, Productivity, Climate & Sustainability, Food & Beverage, Biotech",Early Stage,2013,Heidi Ahonen,11,1,,"€10,000,000",,
,Notion Capital,https://notion.vc,United Kingdom,London,"SaaS, Cloud, Developer Tools, Devops, API, Deep Tech & Hard Science, AI & ML, Creator Economy, Fintech, InsurTech",Early Stage,2009,Stephen Chandler,193,33,"£2,000,000","£20,000,000","£275,000,000",info@notion.vc
,Novartis Venture Fund,https://www.nvfund.com/,Switzerland,Basel,"Life Sciences, Biotech",Seed,1996,Bart Dzikowski,324,163,,,"$720,000,000",info.nvf@nvfund.com
,Novastar Ventures Ltd,https://www.novastarventures.com/,"Kenya, Nigeria, United Kingdom","Nairobi, Lagos, London","Fintech, Supply Chain & Logistics, Healthcare, InsurTech, Education, SaaS",Early Stage,2014,"Steve Beck, Andrew Carruthers",20,1,"$200,000","$7,000,000","$200,000,000",info@novastarventures.com
,NXTP Ventures,https://nxtp.vc,Argentina,Buenos Aires,"Cloud, SaaS, E-Commerce, Fintech, Marketplace, AI & ML, Enterprise","Seed, Pre-Seed, Series A",2011,"Ariel Arrieta, Gonzalo Costa, Marta Cruz",255,25,"$500,000","$3,000,000","$98,500,000",info@nxtp.vc
,NZ Growth Capital Partners,https://www.nzgcp.co.nz/,New Zealand,"Auckland, Wellington","Deep Tech & Hard Science, SaaS, Agriculture, Healthcare","Early Stage, Seed, Series A, Series B",2002,Annabel Cotton,155,1,,,,info@nzgcp.co.nz
,Oak Investment Partners,https://oakvc.com,USA,"Norwalk, Stamford, San Francisco","Fintech, Healthcare, Internet & Mobile, Consumer, Climate & Sustainability","Early Stage, Late Stage, Series A",1978,Ed Glassmeyer,401,119,"$15,000,000","$100,000,000","$2,700,000,000",infoct@oakvc.com
,Oasis Capital,https://oasiscap.vc/,USA,Cambridge,"Marketplace, Deep Tech & Hard Science, Fintech, Aerospace & Space","Early Stage, Seed",2021,Ahmed Morad,5,,,,,admin@oasiscap.vc
,Oasis Capital,https://oasiscapitalghana.com/,Ghana,"Abidjan, Accra","Education, Travel & Hospitality, Proptech & Real Estate, Food & Beverage, Healthcare",Early Stage,2009,Matthew Boadu Adjei Adjei,19,1,"$500,000","$5,000,000",,info@oasiscapitalghana.com
,Obvious Venture,https://obvious.com/,USA,San Francisco,"Climate & Sustainability, AI & ML, Fintech, Education, Future of Work, Healthcare","Early Stage, Seed",2014,"Ev Williams, James Joaquin, Vishal Vasishth",158,34,,,"$461,000,000",info@obvious.com
,Ocean Azul Partners,https://oceanazulpartners.com,USA,Coral Gables,"Deep Tech & Hard Science, Enterprise, SaaS, Hardware","Early Stage, Seed, Series A",2017,"Bill Pruitt, Salo Sredni",41,3,"$200,000","$2,000,000","$40,000,000",
,Octopus Ventures,https://octopusventures.com,"United Kingdom, USA","New York, London","Healthcare, Fintech, Consumer, Enterprise, SaaS, Deep Tech & Hard Science","Seed, Series A, Series B",2007,Simon Rogerson,393,81,"£1,000,000","£10,000,000","£1,200,000,000",press@octopusgroup.com
,One Better Ventures,https://1bv.co,USA,Raleigh,"Health & Wellness, DTC, Consumer","Late Stage, Growth",2013,"John Replogle, Doug Haensel, Jim Geikie",17,2,,,"$5,100,000",info@1bv.co
,One Ventures,https://one-ventures.com.au,Australia,Sydney,"Healthcare, Enterprise, SaaS, Life Sciences, Fintech, Marketplace",Late Stage,2006,"Anne-Marie Birkill, Arthur Brennand, Bruno Yoshimura",54,3,"AU$10,000,000","AU$20,000,000","AU$645,000,000",entrepreneurs@one-ventures.com
,One Way Ventures,https://onewayvc.com,USA,"Boston, San Francisco","Supply Chain & Logistics, Transportation, Fintech, AI & ML, Future of Work, Robotics","Seed, Early Stage",2017,Semyon Dukach,77,5,"$500,000","$1,500,000","$85,500,000",info@onewayvc.com
,Open Circle Capital,https://opencirclecapital.lt,Lithuania,Vilnius,"Deep Tech & Hard Science, Robotics, AI & ML, Hardware, IoT, E-Commerce, Fintech, Healthcare, Life Sciences",Early Stage,2017,Audrius Milukas,16,2,"€100,000","€500,000",,"hello@opencirclecapital.lt,"
,Openspace Ventures,https://openspace.vc,"Singapore, Indonesia, Vietnam, Thailand, Philippines","Singapore, Jakarta, Ho Chi Minh City, Bangkok, Manila","Consumer, Health & Wellness, SaaS, Media, Education, Agriculture, Fintech","Early Stage, Series A, Series B",2014,"Hian Goh, Shane Chesson",79,5,"$15,000,000","$20,000,000","$425,000,000",ideas@openspace.vc
,OpenView Venture,https://openviewpartners.com/,USA,Boston,SaaS,Growth,2006,Scott Maxwell,146,46,,,"$450,000,000",info@openviewpartners.com
,Optum Ventures,https://optumventures.com,"USA, United Kingdom","Boston, London",Healthcare,Early Stage,2017,Larry Renfro,73,4,,,"$250,000,000",hello@optumventures.com
,Orange Ventures,https://ventures.orange.com/,"France, Senegal","Paris, Dakar","Enterprise, Fintech, Cybersecurity, Consumer, Health & Wellness, Healthcare, Other","Series B, Series C",2015,Laetitia Gazel Anthoine,45,6,,"€20,000,000","€350,000,000",digital.ventures@orange.com
,OrbiMed Advisors,https://www.orbimed.com/,USA,Boulder,Life Sciences,"Seed, Late Stage, Early Stage",2006,David Cohen,785,378,,,"$3,500,000,000",Companies@OrbiMed.com
,Osage Venture Partners,https://osageventurepartners.com/,USA,Bala Cynwyd,"Big Data & Analytics, Government Technology, Enterprise, SaaS",Early Stage,1990,"Nate Lentz, Robert Adelson",119,35,"$1,000,000","$4,000,000","$331,000,000",ovp@osagepartners.com
,Outrun Ventures,https://outrunventures.com,United Kingdom,London,"Fintech, InsurTech, Proptech & Real Estate, Cybersecurity, Crypto & Blockchain","Seed, Series A",2019,Chris Adelsbach,140,0,,,"£50,500,000",
,Overline,https://overline.vc/,USA,Atlanta,"Fintech, Proptech & Real Estate, Productivity, Marketing, Healthcare, Aerospace & Space, Food & Beverage, Crypto & Blockchain, Robotics, DTC","Pre-Seed, Seed",2020,"Michael Cohn, Sean O'Brien",28,,"$250,000","$1,500,000","$40,000,000",
,OVO Fund,https://ovofund.com,USA,"Palo Alto, San Francisco","AI & ML, E-Commerce, Consumer, Developer Tools, Fintech, Health & Wellness, Media, DTC, Crypto & Blockchain",Pre-Seed,2014,"Eric Chen, Jiggs Davis",103,34,"$250,000","$500,000","$53,000,000",info@ovofund.com
,Owl Ventures,https://owlvc.com,USA,San Francisco,"Education, Future of Work","Seed, Early Stage, Growth, Late Stage",2014,Ian Chiu,107,11,"$5,000,000","$50,000,000","$1,000,000,000",info@owlvc.com
,P101,https://www.p101.it,Italy,Milan,"Cybersecurity, E-Commerce, Education, Fintech, Food & Beverage, Healthcare, Supply Chain & Logistics, Internet & Mobile, Transportation, Proptech & Real Estate, Travel & Hospitality, SaaS",Early Stage,2013,Andrea Di Camillo,75,20,"€1,000,000","€5,000,000","€209,200,000",info@p101.it
,Pacific Channel,https://pacificchannel.com,New Zealand,Auckland,"Climate & Sustainability, Automation, Food & Beverage, Industrial, Deep Tech & Hard Science",Early Stage,2004,Brent Ogilvie,35,6,,,,enquiries@pacificchannel.com
,Pallasite Ventures,https://pallasiteventures.com,"USA, Canada","Chicago, Vancouver, Boston, Denver, San Francisco","Biotech, Consumer, Fintech, Hardware, Marketplace, Healthcare, SaaS",Early Stage,2012,David Light,60,3,"$100,000","$1,500,000","$50,000,000",info@pallasiteventures.com
,Panache Ventures,https://panache.vc,Canada,"Montréal, Vancouver, Toronto, Calgary","AI & ML, Crypto & Blockchain, Cybersecurity, Devops, Media, E-Commerce, Fintech, Gaming, Healthcare, InsurTech, IoT, Supply Chain & Logistics, SaaS, Health & Wellness, Education, Climate & Sustainability, Energy","Seed, Pre-Seed",2017,Mike Cegelski,98,3,"$250,000","$1,000,000","$58,000,000",info@panache.vc
,Pangaea Ventures,https://pangaeaventures.com,"Canada, USA","Vancouver, Phoenix","Climate & Sustainability, Biotech, Advanced Materials","Late Stage, Early Stage",2000,"Chris Erickson, Purnesh Seegopaul",60,5,"$500,000","$1,500,000","$162,000,000",chris@pangaeaventures.com
,Pantera Capital,https://panteracapital.com,USA,"New York, Miami, San Juan, San Francisco","Crypto & Blockchain, Fintech, Consumer, Enterprise","Early Stage, Late Stage, Seed, Series A, Series B",2013,Dan Morehead,217,37,"$1,000,000","$40,000,000","$1,300,000,000",invest@panteracapital.com
,Paradigm,https://www.paradigm.xyz/,USA,San Francisco,Crypto & Blockchain,Early Stage,2018,"Fred Ehrsam, Matt Huang",78,4,,,"$2,500,000,000",info@paradigm.xyz
,Paradigm Shift,https://www.paradigmshift.vc/,"India, USA","Bangalore, San Francisco","SaaS, Crypto & Blockchain, AR & VR, Fintech, AI & ML, Climate & Sustainability","Pre-Seed, Seed",2020,"Govind Mundhra, Dhruv Washishth, Surabhi Washishth",9,0,,,,
,Partech,https://partechpartners.com/,"USA, Germany, France, Senegal","San Francisco, Paris, Berlin, Dakar","Food & Beverage, SaaS, E-Commerce, Marketplace, Consumer, Fintech, Health & Wellness, InsurTech, Cybersecurity, Media, Supply Chain & Logistics, Transportation, Developer Tools, Travel & Hospitality, Infrastructure, Energy","Seed, Early Stage, Late Stage",1982,"John Sung Kim, Thomas G. Mckinley, Vincent Worms",200,22,"$200,000","$75,000,000","$96,000,000",edelaveau@partechpartners.com
,Partners Resolute,https://partnersresolute.com,USA,"New York, Colorado Springs, Chicago","SaaS, DTC, Media, Marketplace",Early Stage,2015,Judd Morgenstern,44,,,,,
,Passion Capital,https://passioncapital.com,United Kingdom,London,Internet & Mobile,"Pre-Seed, Seed",2011,Eileen Burbidge,183,41,,,"£69,000,000",info@passioncapital.com
,Patagonia Ventures,https://patagoniaventures.com,Argentina,Buenos Aires,"E-Commerce, Media, AR & VR, Marketplace, Internet & Mobile, Gaming, Entertainment, SaaS, Fintech, InsurTech",Seed,2009,Damian Voltes,26,15,,,"$20,000,000",info@patagoniaventures.com
,Patamar Capital,https://patamar.com,"Indonesia, India, Vietnam, Singapore, USA, Sri Lanka","Colombo, Ho Chi Minh City, San Francisco, Bangalore, Jakarta, Singapore","Fintech, Internet & Mobile, Agriculture, Healthcare, Education",Early Stage,2011,Geoff “Chester” Woolley,40,8,,,"$150,000,000",info@patamar.com
,Peak,https://peak.capital/,Netherlands,Amsterdam,"SaaS, Marketplace","Pre-Seed, Seed, Series A, Series B",2007,Johan Van Mil,69,13,"€250,000","€4,000,000","€66,000,000",opportunity@peakcapital.nl
,Pear,https://www.pear.vc/,USA,San Francisco,"Consumer, SaaS, Internet & Mobile, Fintech, Deep Tech & Hard Science, Healthcare, Climate & Sustainability, Crypto & Blockchain","Seed, Early Stage",2013,"Pejman Nozad, Mar Hershenson",302,62,"$500,000","$3,000,000","$5,000,000",info@pear.vc
,Pembroke VCT,https://pembrokevct.com,United Kingdom,London,"Health & Wellness, Education, Media, Food & Beverage","Late Stage, Growth",2013,Andrew Wolfson,75,14,,,"£56,000,000",info@pembrokevct.com
,People Ventures,https://peopleventures.vc,Denmark,Copenhagen,"SaaS, Healthcare, Enterprise","Early Stage, Seed, Pre-Seed",2017,"Christian Tost, Claus Zibrandtsen, Jan Ankjaer Jensen",19,,"€250,000","€750,000",,hello@peopleventures.vc
,Peppermint VenturePartners,https://www.pvp.health/,Germany,Berlin,"Healthcare, Health & Wellness",Early Stage,2000,Klaus Stoeckemann,21,12,,,"€51,000,000",info@peppermint-vp.com
,Peterson Ventures,https://petersonventures.com,USA,Salt Lake City,"SaaS, Healthcare, Fintech, Marketplace","Pre-Seed, Seed",2008,Joel Peterson,222,19,"$250,000","$2,500,000","$253,000,000",contact@petersonventures.com
,Phaze Venture,https://phazeventures.com,Oman,Muscat,"Supply Chain & Logistics, Marketplace, SaaS, Cloud, Mobility, Enterprise, Big Data & Analytics","Pre-Seed, Seed, Series A",2018,"Abdullah Al-Shaksy, Mohammed Al-Wahaibi, Masoud Al-Rawahi",15,1,,,"$30,000,000",info@phaze.ventures
,Pillar VC,https://pillar.vc,USA,Boston,"Biotech, Crypto & Blockchain, Consumer, Enterprise, Healthcare","Pre-Seed, Seed",2016,"Jamie Goldstein, Russ Wilcox, Sarah Hodges, Yvonne Hao",101,8,"$50,000","$4,000,000","$169,000,000",contact@pillar.vc
,PJC,https://www.pjc.vc/,USA,"Boston, New York","AI & ML, Enterprise, Consumer, SaaS","Pre-Seed, Seed, Series A",2001,"David Martirano, Governor Gina Raimondo",68,7,,,"$35,000,000,000",info@pjc.vc
,Playfair Capital,https://playfaircapital.com,United Kingdom,London,"Advertising, Big Data & Analytics, AI & ML, Automation, E-Commerce, Energy, Fintech, Gaming, Healthcare, IoT, Supply Chain & Logistics, Marketplace, Internet & Mobile, Proptech & Real Estate, SaaS, Social, Travel & Hospitality","Pre-Seed, Seed",2013,Chris Smith,111,29,"£100,000","£500,000","£32,000,000",hello@playfaircapital.com
,Playground Global,https://playground.global/,USA,Palo Alto,"AI & ML, Deep Tech & Hard Science, Life Sciences, Biotech, Healthcare, Automation, Robotics, Aerospace & Space","Seed, Series A, Series B, Early Stage",2015,"Andy Rubin, Peter Barrett",96,19,"$1,000,000","$20,000,000","$825,000,000",info@playground.global
,Plug and Play Tech Center,https://plugandplaytechcenter.com,"USA, Canada, Brazil, United Arab Emirates, Netherlands, Belgium, Spain, Switzerland, Morocco, Germany, Turkey, South Africa, Italy, France, China, Japan, South Korea","Chicago, Cleveland, Detroit, São Paulo, Topeka, Toronto, Abu Dhabi, Amsterdam, Antwerp, Barcelona, Basel, Ben Guerir, Cairo, Geneva, Hamburg, Istanbul, Johannesburg, Madrid, Milan, Munich, Paris, Bangkok, Beijing, Kyōto, Ōsaka, Seoul, San Francisco","DTC, Enterprise, Fintech, Food & Beverage, Healthcare, InsurTech, IoT, Media, Transportation, Hardware, Proptech & Real Estate, Supply Chain & Logistics, Climate & Sustainability, Travel & Hospitality, Agriculture, Energy","Early Stage, Series A, Series B, Series C",2006,"Ali Safavi, Jackie Hernandez, Saeed Amidi",1447,140,"$50,000","$250,000","$45,500,000",investment@plugandplaytechcenter.com
,Point Nine Capital,https://www.pointnine.com/,Germany,Berlin,"Marketplace, SaaS, Consumer","Early Stage, Seed, Series A",2011,"Christoph Janz, Kolja Hebenstreit, Pawel Chudzinski",286,70,"€500,000","€5,000,000","€315,000,000",info@pointnine.com
,Polaris Partners,https://polarispartners.com,USA,"Boston, San Francisco, New York","Healthcare, Biotech","Early Stage, Seed, Late Stage, Series A, Series B",1996,"Jon Flint, Mark Jacobson, Steve Arnold, Terrance Mcguire",658,167,"$500,000","$5,000,000","$4,500,000,000",partnership@polarispartners.com
,Polymath Ventures,https://polymathv.com,"Colombia, Mexico","Bogotá, Mexico City","SaaS, Healthcare, Marketplace, Transportation, E-Commerce, Fintech","Early Stage, Seed, Late Stage",2011,Wenyi Cai,19,4,"$25,000","$250,000","$50,000,000",hola@polymathv.com
,Polytech Ecosystem Ventures,https://www.polytechventures.ch/,Switzerland,Lausanne,"Fintech, Proptech & Real Estate, Healthcare, E-Commerce",Early Stage,2015,Guillaume Dubray,80,40,"CHF200,000","CHF3,000,000","CHF11,000,000",yves@polytechventures.ch
,Portfolia,https://www.portfolia.co/,USA,"San Mateo, San Francisco","Fintech, Consumer, Food & Beverage, Climate & Sustainability, Agriculture","Seed, Series A, Series B, Series C",2013,Trish Costello,76,15,,,"$25,300,000",investorrelations@portfolia.com
,Portfolio Ventures,https://portfolio.ventures/,United Kingdom,London,"Fintech, SaaS, InsurTech, Enterprise","Series A, Seed",2014,"Will Brooks, Will Martin",15,1,"£120,000","£600,000",,hello@portfolio.ventures
,PortfoLion Capital Partners,https://www.portfolion.hu/,Hungary,Budapest,"Fintech, Cybersecurity, Education, Internet & Mobile, Developer Tools, Supply Chain & Logistics, E-Commerce, Agriculture","Early Stage, Late Stage",2010,Andras Molnar,26,9,"€500,000","€30,000,000","€440,000,000",info@portfolion.hu
,Portugal Ventures,https://portugalventures.pt,Portugal,"Porto, Lisbon","Agriculture, Internet & Mobile, E-Commerce, Cybersecurity, Education, Human Resources, Gaming, Enterprise, AI & ML, AR & VR, SaaS, Life Sciences","Pre-Seed, Seed, Series A",2012,Rui Ferreira,243,79,"€50,000","€1,500,000","€181,000,000",contact@portugalventures.pt
,Powerhouse Ventures,https://powerhouseventures.com,USA,Washington,"Marketplace, Internet & Mobile, Social, Healthcare, SaaS, Education",Early Stage,2011,"Kshitij Golwalkar, Sri Peddu",24,3,,,,connect@powerhouseventures.com
,Practica Capital,https://practica.vc,Lithuania,Vilnius,"Fintech, Supply Chain & Logistics, Travel & Hospitality, Healthcare, Proptech & Real Estate, Robotics, SaaS, InsurTech, Education, E-Commerce, AI & ML, Aerospace & Space, Agriculture, Advertising","Seed, Series A, Growth",2011,Silvestras Tamutis,45,10,"€200,000","€2,000,000","€46,000,000",info@practica.vc
,Precursor Ventures,https://precursorvc.com,USA,San Francisco,"Consumer, Education, Enterprise, Fintech, Marketplace, Media, SaaS, Hardware, Healthcare","Early Stage, Seed, Pre-Seed",2015,Charles Hudson,223,17,"$250,000","$1,000,000","$46,200,000",hello@precursorvc.com
,Presto Ventures,https://www.prestoventures.com/,Czechia,Prague,"Media, Fintech, SaaS","Seed, Pre-Seed",2016,Přemysl Rubeš,24,4,,"€3,000,000","€36,000,000",meet@prestoventures.com
,Prime Ventures,https://primeventures.com,"Netherlands, United Kingdom","Amsterdam, Cambridge, London","Marketplace, SaaS, Deep Tech & Hard Science, Consumer, Fintech, Cybersecurity, Proptech & Real Estate","Series A, Series B, Series C",1999,Sake Bosch,45,24,"€10,000,000","€50,000,000","€750,000,000",info@primeventures.com
,Primus Capital,https://primuscapital.com/,"Georgia, USA","Atlanta, Cleveland","Healthcare, Education, Cybersecurity, SaaS",Buyout,1983,Phillip C. Molner,209,80,"$20,000,000","$100,000,000","$800,000,000",info@primuscapital.co.uk
,Progression Fund,https://www.progression.fund/,"USA, Japan","Los Angeles, San Francisco, Tokyo","Social, Gaming, Entertainment, Consumer, Marketplace, Health & Wellness, Future of Work, Education",Early Stage,2020,Matt Lee,28,1,,,"$3,500,000",matt@progression.fund
,Project A,https://www.project-a.com/,Germany,Berlin,"E-Commerce, Fintech, Cybersecurity, Supply Chain & Logistics, Marketplace, Proptech & Real Estate, Internet & Mobile, InsurTech, SaaS, Climate & Sustainability, DTC, Developer Tools, Health & Wellness, Education, Food & Beverage, Gaming, Media, Transportation, Travel & Hospitality, Manufacturing, Marketing","Early Stage, Seed, Series A",2012,"Rainer Berak, Ben Fischer, Dr. Florian Heinemann, Uwe Horstmann, Thies Sander, Dr. Anton Waitz",201,36,"€1,000,000","€10,000,000","€375,000,000",info@project-a.com
,ProVenture Seed,https://www.proventure.no/,Norway,"Trondheim, Stavanger","Climate & Sustainability, Social, Supply Chain & Logistics, Big Data & Analytics, SaaS, Energy","Seed, Early Stage",2006,"Hans Olav Torsen, Herbjørn Skjervold",27,40,,"$1,000,000","$154,000,000",post@proventure.no
,PS27 Ventures,https://ps27ventures.com,USA,Jacksonville,"SaaS, Healthcare, Fintech, E-Commerce, Climate & Sustainability",Early Stage,2013,Jim Stallings,30,8,,,"$20,000,000",
,Pureos Bioventures,https://pureosbio.com,Switzerland,Pfaffikon,"Biotech, Healthcare, Health & Wellness, Life Sciences","Early Stage, Late Stage",2017,"Dr. Dominik Escher, Dr. Klaus Brenner, Dr. Martin Münchbach",18,4,,,"$262,000,000",
,Qbic Fund,https://qbic.be,"Belgium, USA",Gent,"Deep Tech & Hard Science, Biotech, Healthcare, SaaS","Early Stage, Seed",2012,Sofie Baeten,37,10,,,"€300,000,000",info@qbic.be
,QED Investors,https://qedinvestors.com,"United Kingdom, USA, Austria, Canada, Sweden, China, Brazil, India, Mexico, Ireland, Chile, Argentina, Colombia, Netherlands","Washington, Vienna, Vancouver, Shanghai, Seattle, São Paulo, Santa Monica, San Jose, San Francisco, San Diego, Rio de Janeiro, Quebec City, Pune, Overland Park, Oakland, New York, Mumbai, Montréal, Miami, Mexico City, Los Angeles, London, Houston, Dublin, Denver, Chicago, Buenos Aires, Boston, Bogotá, Bethesda, Bangalore, Austin, Atlanta, Mesa, Amsterdam, Alexandria, Alexandria, Porto Alegre","Creator Economy, Crypto & Blockchain, Fintech, Education, Healthcare, InsurTech, Marketplace, Proptech & Real Estate, E-Commerce, Advertising, Human Resources","Early Stage, Seed",2008,"Caribou Honig, Frank Rotman, Nigel Morris",260,33,"$5,000,000","$15,000,000","$4,800,000,000",
,Qiming Venture Partners,https://qimingvc.com,"China, USA","Shanghai, Beijing, Hong Kong, Suzhou, Boston, Seattle, San Francisco","Healthcare, Biotech, Internet & Mobile, Social, Media","Early Stage, Series A",2006,"Duane Kuang, Gary Rieschel",777,68,,,"$11,500,000,000",contactus@qimingvc.com
,Quadrille Capital,https://www.quadrillecapital.com/,"France, USA","Paris, San Francisco","IoT, Internet & Mobile, Healthcare, Consumer, Enterprise",Early Stage,2001,"Jérôme Chevalier, Henri De Perignon",74,17,,,"€511,000,000",contact@quadrillecapital.com
,Qualgro,https://qualgro.com,Singapore,Singapore,"Consumer, AI & ML, Robotics, SaaS, Marketplace, Enterprise","Series A, Series B",2015,"Heang Chhor, Jason Edwards, Peter Huynh",40,5,,,"$150,000,000",info@qualgro.com
,Quark Venture,https://www.quarkventure.com/,Canada,Vancouver,"Biotech, Health & Wellness, Healthcare","Early Stage, Seed, Series A",2015,"Mr. Jesson Chen, Ms Karimah Es Sabar",36,8,,,"$24,000,000","
info@quarkventure.com"
,Quarux Capital,http://www.quarux.com/,"Argentina, USA, United Kingdom","Buenos Aires, London, Miami",Healthcare,Early Stage,2015,"Dario Diaz, Pablo Soto",,,,,,pitchus@quarux.com
,Quest Ventures,https://questventures.com,"China, Malaysia, Indonesia, Vietnam, Kazakhstan, Singapore, Philippines, USA, South Korea, Thailand","Jakarta, Singapore, Ho Chi Minh City, Kuala Lumpur, Manila, San Francisco, Nur-Sultan, Seoul, Bangkok, Almaty, Beijing, Shanghai","AI & ML, E-Commerce, Marketplace, Entertainment, Fintech, Food & Beverage, InsurTech, Supply Chain & Logistics, Media, Proptech & Real Estate, Sports",Early Stage,2011,James Tan,152,30,,,"$120,000,000",info@questventures.com
,R/GA Ventures,https://ventures.rga.com/,USA,New York,"AI & ML, Big Data & Analytics, Crypto & Blockchain, Consumer, Creator Economy, Enterprise, Food & Beverage, Health & Wellness, IoT, Media, Social, Energy, Sports","Early Stage, Seed",2013,Nick Coronges,124,16,,,,venturespress@rga.com
,Raed Ventures,https://raed.vc,Saudi Arabia,Riyadh,"Fintech, E-Commerce, Supply Chain & Logistics, Education, Healthcare, Enterprise, Consumer, AI & ML, SaaS, Marketplace, InsurTech, Automative, Entertainment","Early Stage, Seed",2015,"Saed Nashef, Omar Almajdouie",55,4,,,"$12,600,000",info@raed.vc
,Rally Ventures,https://www.rallyventures.com/,USA,"Minneapolis, San Francisco","Cloud, Cybersecurity, Internet & Mobile, Developer Tools, SaaS, Productivity, AI & ML, Future of Work, Enterprise, Fintech",Early Stage,2012,"Charles Beeler, Jeff Hinck, Justin Kaufenberg",159,75,,,"$250,000,000",
,Rampersand,https://rampersand.vc,Australia,Cremorne,"Enterprise, Fintech, Big Data & Analytics, Cybersecurity, AR & VR, Future of Work, Supply Chain & Logistics","Early Stage, Series A, Seed",2013,Paul Naphtali,49,7,,"$1,000,000","$40,000,000",hello@rampersand.com
,Rapid Pioneers,https://rapid-pioneers.com,Germany,Berlin,"Consumer, Internet & Mobile, Creator Economy, DTC","Late Stage, Early Stage",2011,Roman Kirsch,22,3,,,"€500,000,000",
,Raptor Group,https://raptorgroup.com,USA,"Boston, Miami Beach","Fintech, Consumer, Healthcare, SaaS, IoT, Gaming, Sports","Seed, Series A, Early Stage, Late Stage",2009,Jim Pallotta,314,99,,,"$35,000,000",+1 (781)-856-7655
,Reach Capital,https://www.reachcapital.com/,USA,"San Francisco, Orlando, Washington","Education, Future of Work, Health & Wellness","Pre-Seed, Seed, Series A, Series B",2015,"Jennifer Carolan, Shauntel Garvey, Wayee Chu, Esteban Sosnik",90,12,"$500,000","$2,000,000","$355,000,000",info@reachcapital.com
,Reaktor Ventures,https://reaktorventures.com,Finland,Helsinki,"AR & VR, AI & ML, Media, Entertainment, Marketplace",Seed,2012,Oskari Kettunen,71,15,"€10,000","€1,000,000","€124,000,000",contact@reaktorventures.com
,Real Tech Holding,https://www.realtech.holdings/,Japan,Tokyo,"Food & Beverage, Hardware & Industrials, AI & ML, Biotech, Deep Tech & Hard Science, Robotics, Hardware","Seed, Early Stage",2015,"Akihiko Nagata
Yukihiro Maru",99,3,,,"$100,596,000",contact@realtech.fund
,Real Ventures,https://realventures.com,Canada,Montréal,"AI & ML, Robotics, Crypto & Blockchain, Consumer, Education, Enterprise, Health & Wellness, Marketplace, Transportation, Cybersecurity, Infrastructure, Construction, Fintech","Early Stage, Seed",2007,"Alan Macintosh, Jean-Sebastian Cournoyer, John Stokes",281,35,"$150,000","$350,000","$272,300,000",hello@realventures.com
,Red Seed,https://www.redseed.vc/,Italy,Milan,Internet & Mobile,"Series A, Series B",2013,"Elisa Schembari, Roberto Zanco",8,1,,,,
,Redalpine Venture Partners,https://redalpine.com/,"Switzerland, Luxembourg",Zürich,"Life Sciences, Fintech","Early Stage, Seed, Series A",2006,Peter Niederhauser,149,31,,,"CHF385,200,000",info@redalpine.com
,Redpoint eVentures,https://www.redpoint.com/,Brazil,São Paulo,"Internet & Mobile, Marketplace, Consumer, Enterprise, AI & ML, SaaS","Seed, Series A, Series B",2012,Anderson Thees,48,7,"R$1,000,000","R$10,000,000",,contact@rpev.com.br
,Redpoint Ventures,https://redpoint.com,USA,"San Francisco, Woodside","Crypto & Blockchain, Consumer, Fintech, Healthcare, Infrastructure","Seed, Series A, Series B, Series C",1999,"Brad Jones, Geoff Yang, John Walecka, Timothy Haley, Tom Dyal",711,160,"$100,000","$10,000,000","$4,500,000,000",+1 (415) 604 4100
,Refinery Ventures,https://refinery.com,USA,Cincinnati,"Media, Big Data & Analytics, SaaS, Robotics","Series A, Early Stage",2017,Timothy Schigel,18,2,"$1,000,000","$2,000,000","$37,000,000",info@refinery.com
,Reinventure Group Venture Capital Firm,https://reinventure.com.au/,Australia,Sydney,"AI & ML, Proptech & Real Estate, Crypto & Blockchain, Education, Gaming, Enterprise, Travel & Hospitality, Social, Cybersecurity, Big Data & Analytics","Seed, Series A, Series B, Series C",2014,"Danny Gilligan, Simon Cant",58,9,,,"$137,300,000",info@reinventure.com.au
,Relay Ventures,https://relayventures.com,"Canada, USA","Toronto, Calgary, San Francisco","AI & ML, Hardware, Robotics, Proptech & Real Estate, Fintech, Sports, SaaS","Seed, Series A",2008,"John Albright, Kevin Talbot",174,50,"$500,000","$12,000,000","$15,000,000",toronto@relayventures.com
,Remapped Ventures,https://www.remappedventures.com/,Canada,,"Fintech, Education, Proptech & Real Estate, Future of Work, Healthcare, AI & ML","Pre-Seed, Seed, Series A",2020,"Michael Tsada, Filmon Tsada",6,,"$25,000","$500,000",,
,Remote First Capital,https://www.remotefirstcapital.com/,,,Future of Work,"Pre-Seed, Seed",2019,Andreas Klinger,17,,"$100,000","$200,000","$5,000,000",
,Renewal Funds,https://renewalfunds.com,Canada,Vancouver,"Food & Beverage, Consumer, Climate & Sustainability",Early Stage,2008,"Carol Newell, Joel Solomon, Paul Richardson",42,10,,,"$243,000,000",emily@renewalfunds.com
,RET Ventures,https://ret.vc,USA,Park City,"Proptech & Real Estate, IoT, DTC, Consumer","Early Stage, Seed, Late Stage",2017,John Helm,38,4,,,"$165,000,000",
,Revolution LLC,https://revolution.com/,USA,"Washington, San Francisco","Education, Media, Marketplace, Transportation, Travel & Hospitality, E-Commerce, Health & Wellness, Food & Beverage, Entertainment, Manufacturing, Sports, Fintech, SaaS","Late Stage, Early Stage, Seed",2005,"Donn Davis, Steve Case, Ted Leonsis, Tige Savage",259,55,"$1,000,000","$12,000,000",,ideas@revolution.com
,Rhapsody Venture Partners,https://rhapsodyvp.com,USA,Cambridge,"Biotech, Automation, Food & Beverage, Transportation, Hardware, Industrial",Seed,2012,Carsten Boers,27,2,"$500,000","$2,000,000","$62,700,000",contact@rhapsodyvp.com
,Rho Ventures,https://rhoventures.com,"USA, Canada","Palo Alto, New York, Montréal","Consumer, Enterprise, Healthcare, Climate & Sustainability, Fintech, Biotech, Cloud, E-Commerce, SaaS, Developer Tools","Late Stage, Early Stage, Seed",1981,Joshua Ruch,125,43,"$2,000,000","$15,000,000","$425,000,000",info@rho.com
,Ridge Ventures,https://ridge.vc,USA,San Francisco,"Enterprise, Fintech, SaaS, Cloud, Big Data & Analytics","Seed, Series A, Early Stage",2007,"Alexander Rosen, Pat Kenealy, Phil Sanderson",174,54,"$2,000,000","$7,000,000","$450,000,000",info@ridge.vc
,Riverfront Ventures,https://riverfrontventures.com,USA,Pittsburgh,"Robotics, Life Sciences, IoT, Energy, SaaS",Early Stage,2013,Richard Lunak,15,6,"$500,000","$750,000","$32,900,000",
,Roche Venture Fund,https://www.roche.com/venturefund/,"Switzerland, USA","San Francisco, Basel","Life Sciences, Healthcare",Series A,2002,,158,95,"CHF3,000,000","CHF10,000,000","CHF55,000,000",roche.venturefund@roche.com
,Rocket Internet SE,https://rocket-internet.com,Germany,Berlin,"Internet & Mobile, SaaS",Early Stage,2007,"Marc, Oliver, Alexander Samwer",274,38,,,"€2,200,000,000",info@rocket-internet.com
,Rockstart,https://rockstart.com/,"Netherlands, Colombia, Denmark","Amsterdam, Copenhagen, Bogotá","Agriculture, Energy, Industrial, Big Data & Analytics, Healthcare, AI & ML, Crypto & Blockchain, IoT, Smart Cities","Early Stage, Seed, Series A, Series B, Pre-Seed",2011,"Oscar Kneppers, Koen Wagemakers, Rune Theill, Don Ritzen",270,8,"€100,000","€250,000","€140,000,000",
,Romulus Capital,https://romuluscap.com,USA,"Cambridge, San Francisco, Los Angeles, New York, Dallas","Deep Tech & Hard Science, Enterprise","Seed, Series A",2008,"Anantshree Chaturvedi, Cankut Durgun, Krishna K. Gupta, Neil Chheda",68,9,"$250,000","$10,000,000","$264,100,000",ideas@romuluscap.com
,RRE Ventures,https://rre.com,USA,New York,"Healthcare, Robotics, Proptech & Real Estate, Media, Consumer, Enterprise, Fintech, Crypto & Blockchain, Aerospace & Space, Climate & Sustainability","Series A, Seed",1994,"James Robinson, Jim Robinson, Stuart Ellman",586,120,"$250,000","$10,000,000","$1,900,000,000",info@rre.com
,RSE Ventures,https://rseventures.com,USA,New York,"Entertainment, Food & Beverage, Media, Consumer, Crypto & Blockchain, Sports, Marketing",Early Stage,2012,"
Stephen M. Ross, Matt Higgins",60,21,"$1,000,000","$5,000,000","$25,000,000",info@rseventures.com
,Runa Capital,https://runacap.com,"USA, Russia, Germany, France, Luxembourg, United Kingdom","Moscow, Berlin, Paris, Palo Alto, Luxembourg, London","Fintech, SaaS, Deep Tech & Hard Science, Healthcare, AI & ML, Internet & Mobile, Education","Seed, Early Stage, Late Stage, Series A, Series B",2010,"Serg Bell, Ilya Zubarev",156,61,"$1,000,000","$10,000,000","$157,000,000",info@runacap.com
,S3 Ventures,https://s3vc.com,USA,Texas City,"Healthcare, Developer Tools, Marketplace, SaaS","Seed, Series A, Series B",2006,Brian R. Smith,93,27,"$500,000","$10,000,000","$2,000,000,000",
,Saban Ventures,https://sabanventures.com,"USA, Israel","Los Angeles, Tel Aviv-Yafo","SaaS, Internet & Mobile, Gaming, Fintech, InsurTech, Cybersecurity, Consumer, Big Data & Analytics, IoT","Early Stage, Late Stage, Seed",2001,Haim Saban,18,7,,,,
,Salesforce Ventures,https://salesforceventures.com,"USA, Australia, United Kingdom, Japan","London, San Diego, San Francisco, New York, Sydney, Tokyo","Cloud, SaaS, Enterprise, Healthcare, Productivity, Fintech, Cybersecurity, Automation","Early Stage, Late Stage, Seed",2009,"Halsey Minor, Marc Benioff, Parker Harris",665,128,"$1,000,000","$2,000,000","$5,000,000,000",
,Salkantay Ventures,https://salkantay.vc/en/,Peru,Lima,"Climate & Sustainability, Health & Wellness, Agriculture, Food & Beverage, SaaS, Proptech & Real Estate, Fintech, Education","Seed, Series A",2012,"Martín Aspillaga, Luis Arbulú",14,1,"$500,000","$3,000,000","$25,000,000",sxf@salkantay.vc
,Saltagen Ventures​,https://saltagen.com,"Hong Kong, Canada, South Korea, USA, Denmark, Australia","Seoul, Toronto, San Diego, Hong Kong, Copenhagen, Vancouver, Melbourne","Biotech, Healthcare, Health & Wellness","Seed, Early Stage, Series A, Series B",2017,Joseph Fung,17,,"$120,000","$5,000,000","$41,000,000",info@saltagen.com
,Samaipata,https://samaipata.vc,"Germany, Spain, United Kingdom","Berlin, Barcelona, London","Marketplace, E-Commerce, DTC, Consumer, Human Resources, Legal, Food & Beverage, SaaS, Enterprise","Pre-Seed, Seed, Series A",2004,Daniel Sanchez,54,6,"€500,000","€750,000","€200,000,000",
,Samos Investments,https://samos.vc,United Kingdom,London,"Consumer, Media, E-Commerce, Government Technology, Internet & Mobile, DTC, Fintech","Seed, Early Stage",2008,"Ned Cranborne, Shan Drummond",100,36,,,"£15,000,000",contact@samos.vc
,Sandalphone Capital,http://sandalphoncapital.com/,USA,Chicago,"SaaS, Marketplace, Consumer, Agriculture, E-Commerce, Education, Fintech, Government Technology, Healthcare, InsurTech, Manufacturing, Industrial, Proptech & Real Estate, DTC, Sports, Media, Entertainment, Supply Chain & Logistics, Enterprise","Pre-Seed, Seed, Series A",2016,Jonathan Ellis,46,6,"$100,000","$2,000,000",,info@sandalphoncapital.com
,Sapphire Ventures,https://sapphireventures.com,"USA, United Kingdom","Austin, San Francisco, Palo Alto, London","AI & ML, Enterprise, SaaS, Crypto & Blockchain, Cybersecurity, Big Data & Analytics, Devops, Fintech, Healthcare, Sports","Seed, Series A, Series B",2011,"Andreas Weiskam, David Hartwig, Doug Higgins, Jai Das, Nino Marakovic",320,95,"$3,000,000","$10,000,000","$8,800,000,000",info@sapphireventures.com
,Sarena Capital,https://www.serena.vc/,France,Paris,"Deep Tech & Hard Science, Enterprise, SaaS, Marketplace, Entertainment, AI & ML, Big Data & Analytics, Consumer, Fintech, InsurTech, Gaming","Seed, Series A, Series B",2008,"Xavier Lorphelin,Marc Fournier, Philippe Hayat",75,22,"€100,000","€15,000,000","€639,000,000",xlorphelin@serena.vc
,Sarsia Seed,https://sarsiaseed.com/,Norway,Bergen,"Biotech, Healthcare, Life Sciences",Early Stage,2006,,32,10,"$100,000","$500,000","$82,000,000",jon@sarsia.com
,Satus Starter,https://satus.vc,Poland,"Kraków, Wrocław, Warsaw","AI & ML, SaaS, AR & VR, Fintech, Crypto & Blockchain, Cybersecurity, Marketplace, Industrial","Seed, Series A, Early Stage",2017,"Staszek Rogozinski, Bartek Knichnicki, Lukasz Wasikiewicz",11,,"$100,000","$1,000,000","$12,000,000",info@satus.vc
,Savannah Fund,https://savannah.vc,Mauritius,Quatre Bornes,Internet & Mobile,Early Stage,2012,Mbwana Alliy,25,,"$25,000","$500,000","$25,000,000",hello@savannah.vc
,Sawari Ventures,https://sawariventures.com,Egypt,Giza,"Internet & Mobile, Hardware, Education, Climate & Sustainability, Fintech","Early Stage, Series A",2010,"Ahmed Alfi, Ahmed El-Alfi, Hany Al-Sonbaty, Wael Amin",11,3,"$2,000,000","$3,000,000","$190,000,000",info@sawariventures.com
,SBK Tech Ventures,https://sbktechventures.com,Bangladesh,Dhaka,"Health & Wellness, Education, E-Commerce, Entertainment, Legal, Agriculture, Fintech","Series A, Seed",2019,Sonia Bashir Kabir,5,,,,"$25,000,000",contact@sbktechventures.com
,Scale Fund,https://scale-fund.com,Belgium,Brussels,"SaaS, DTC, Big Data & Analytics, Developer Tools, AI & ML, Education",Early Stage,2017,Claire Munck,12,3,"€300,000","€1,000,000","€8,000,000",info@scale-fund.com
,Scale Venture Partners,https://scalevp.com,USA,Foster City,"SaaS, Cloud, AI & ML, Devops, Healthcare, Fintech, Productivity, Cybersecurity","Early Stage, Series A, Series B",2000,"Kate Mitchell, Rory O'Driscoll",283,75,"$5,000,000","$25,000,000","$2,800,000,000",hello@scalevp.com
,Scale-Up Venture Capital,https://scale-up.vc,USA,"Palo Alto, San Francisco","AR & VR, AI & ML, Fintech, Big Data & Analytics",Late Stage,2015,Alex Lazovsky,46,8,,,"$100,000,000",info@scale-up.vc
,ScaleUp,https://suv.vc/,Canada,"Toronto, Vancouver","Fintech, Enterprise, SaaS, Creator Economy","Seed, Early Stage, Series A",2016,"Kevin Kimsa, Razor Suleman",43,3,"$2,000,000","$10,000,000","$100,000,000",christian@suv.vc
,ScaleX Ventures,https://scalexventures.com,Netherlands,Amsterdam,"SaaS, Deep Tech & Hard Science, Developer Tools, AI & ML, Enterprise","Seed, Series A",2017,Diyek Dayinlarli,16,2,"€200,000","€2,000,000","€35,000,000",contact@scalexventures.com
,Schematic Ventures,https://schematicventures.com,USA,San Francisco,"Supply Chain & Logistics, Transportation, Automation, Robotics, Industrial, Entertainment, DTC","Pre-Seed, Seed, Series A",2017,"Julian Counihan,",41,1,"$500,000","$1,500,000","$80,000,000",hello@schematicventures.com
,Scopus Ventures,https://scopusventures.com/,USA,Los Angeles,"Automation, Cybersecurity, SaaS, Media, Healthcare, Fintech","Early Stage, Seed",2016,"Bahram Nour-Omid, Eran Gilad, Robert Mai",33,,,"$500,000",,info@scopusventures.com
,Scrum Ventures,https://scrum.vc,"USA, Japan","San Francisco, Tokyo","Consumer, Enterprise, DTC, Healthcare, Transportation, SaaS, IoT, Fintech","Seed, Series A",2013,Tak Miyata,81,13,"$100,000","$800,000","$5,200,000",contact@scrum.vc
,Seaya Ventures,https://seayaventures.com/,Spain,Bilbao,"Fintech, InsurTech, Education, Healthcare, Mobility, Proptech & Real Estate, Cybersecurity, Agriculture","Series A, Series B",1989,,79,16,"$5,000,000","$10,000,000","$165,000,000",info@seayaventures.com
,Seed Camp,https://seedcamp.com,United Kingdom,London,"SaaS, Robotics, AI & ML, Crypto & Blockchain, Cloud, Infrastructure, Big Data & Analytics, Developer Tools, E-Commerce, Education, Future of Work, Fintech, Productivity, Gaming, Human Resources, InsurTech, IoT, Marketing, Advertising, Marketplace, Media, Creator Economy, Proptech & Real Estate, Cybersecurity, Social, Travel & Hospitality",Seed,2007,"Reshma Sohoni, Carlos Espinal",612,159,"£300,000","£500,000","£78,000,000",info@seedcamp.com
,Selva Ventures,https://selvaventures.com,USA,San Francisco,"Consumer, Food & Beverage, Health & Wellness, DTC, Climate & Sustainability",Early Stage,2019,Kiva Dickinson,14,,,,"$7,500,000",Contact@selvaventures.com
,Sequence Ventures,https://sequencev.com,"Egypt, Netherlands","Cairo, Amsterdam","AI & ML, Crypto & Blockchain","Early Stage, Seed, Series A",2020,"Karim Helal, Maged Shawky",2,,,,"€31,000,000",info@sequencev.com
,Sequoia Capital,https://sequoiacap.com,"USA, China, Hong Kong, India, Israel, Singapore","Beijing, Shanghai, Hong Kong, Mumbai, New Delhi, Herẕliyya, Singapore, Bangalore, San Francisco","AI & ML, Consumer, Crypto & Blockchain, Enterprise, Fintech, Healthcare, Internet & Mobile","Early Stage, Seed, Growth",1972,"Aadit Palicha, Bill Coughran, Don Valentine, Santana Henry",1712,350,"$100,000","$1,000,000","$22,000,000,000",info@sequoiacap.com
,Seroba Life Sciences,https://seroba-lifesciences.com,Ireland,Dublin,Healthcare,"Early Stage, Series A, Series B",2009,Peter Sandys,25,8,"€3,000,000","€10,000,000","€175,000,000",petersandys@seroba-lifesciences.com
,Service Provider Capital,https://serviceprovidercapital.com,USA,"Colorado Springs, Midwest City, Texas City, Rocky Mount","Consumer, Crypto & Blockchain, Cybersecurity, Big Data & Analytics, Deep Tech & Hard Science, E-Commerce, Enterprise, Fintech, Hardware, Healthcare, Marketplace, Social, SaaS","Early Stage, Series A, Seed",2014,"Jody Shepherd, Noah Pittard",197,37,,,,founders@serviceprovidercapital.com
,Seven Seven Six,https://sevensevensix.com,USA,Palm Beach Gardens,"Internet & Mobile, Gaming, Aerospace & Space, Creator Economy, SaaS, Fintech, Health & Wellness, Crypto & Blockchain",Seed,2020,Alexis Ohanian,78,,,,"$500,000,000",contact@sevensevensix
,Seventure Partners,http://www.seventure.fr/,France,Paris,"Fintech, InsurTech, Biotech, Healthcare, DTC","Early Stage, Late Stage, Seed",1997,Isabelle De Cremoux,130,60,"€500,000","€10,000,000","€660,000,000",contact@seventure.fr
,Sevin Rosen Funds,http://www.srfunds.com/,"USA, United Kingdom","Dallas, Austin, Palo Alto, London","Internet & Mobile, Media, Life Sciences, Healthcare, Industrial, Energy, Productivity, SaaS","Late Stage, Early Stage, Debt",1981,"Ben Rosen, L.J. Sevin",218,63,"$250,000","$15,000,000","$1,700,000,000",info@srfunds.com
,SFC Capital,https://sfccapital.com,United Kingdom,London,"Food & Beverage, Life Sciences, Media, Entertainment, Internet & Mobile, Marketplace, Manufacturing","Early Stage, Pre-Seed",2012,Stephen Page,535,72,"£100,000","£300,000","£14,100,000",info@sfccapital.com
,SGInnovate,https://sginnovate.com,Singapore,Singapore,"Biotech, Healthcare, Crypto & Blockchain, AI & ML, Industrial, Enterprise, Climate & Sustainability, Deep Tech & Hard Science","Early Stage, Seed",2016,Steve Leonard,75,3,"$350,000","$1,500,000","$700,000,000",info@sginnovate.com
,Shasta Ventures,https://shasta.vc,USA,San Mateo,"SaaS, Cybersecurity, Infrastructure, Big Data & Analytics, Consumer","Early Stage, Series A",2004,Ravi Mohan,457,144,,,"$1,700,000,000",info@shasta.vc
,Shenzhen Capital Group,http://www.szvc.com.cn/english/Home/index.shtml,China,Shenzhen,"Internet & Mobile, DTC, Climate & Sustainability, Supply Chain & Logistics, Biotech, Media, Manufacturing",Late Stage,1999,,489,85,,,"$651,900,000",master@szvc.com.cn
,Sherbrooke Capital,https://www.sherbrookecapital.com/,USA,Norfolk,Health & Wellness,Growth,1999,John Giannuzzi,33,17,,"$10,000,000","$26,000,000",info@sherbrookecapital.com
,SHIFT Invest,https://shiftinvest.com,Netherlands,Amstelveen,"Climate & Sustainability, Transportation, Industrial, Supply Chain & Logistics, Energy, Agriculture",Seed,2014,Sheila Struyck,32,1,"€250,000","€3,000,000","€110,000,000",info@shiftinvest.com
,Shima Capital,https://shima.capital/,USA,"Los Angeles, San Francisco","Crypto & Blockchain, Big Data & Analytics, Consumer, Gaming","Seed, Early Stage",2021,Yida Gao,173,1,"$500,000","$2,000,000","$9,000,000",
,Shoreline Ventures,https://shorelineventures.com,"USA, Canada","Los Angeles, Nashville, Vancouver, San Francisco","Big Data & Analytics, Enterprise, Healthcare, SaaS, Internet & Mobile, Cloud, Cybersecurity","Seed, Series A",1998,"Peter Craddock, Bob Spears",22,3,"$250,000","$8,000,000","$77,000,000",info@shorelineventures.com
,Shorooq Partners,https://shorooq.com,"Saudi Arabia, United Arab Emirates, Bahrain","Abu Dhabi, Riyadh, Manama","Healthcare, InsurTech, Marketplace, Big Data & Analytics, Supply Chain & Logistics, Fintech, Future of Work, AI & ML","Early Stage, Pre-Seed, Seed, Series A",2016,Mahmoud Adi,72,10,,,"$200,000,000",hello@shorooq.com
,Shunwei Capital,https://shunwei.com,China,Beijing,"IoT, Consumer, Deep Tech & Hard Science, Internet & Mobile, Manufacturing","Seed, Series A, Series B, Series C",2011,"Jun Lei, Tuck Lye Koh",428,29,,,"$4,200,000,000",deals@shunwei.com
,Side Door Ventures,https://sidedoorventures.co/,USA,San Francisco,"SaaS, Life Sciences, Deep Tech & Hard Science, Crypto & Blockchain, Supply Chain & Logistics, Gaming, Media, Cybersecurity, Food & Beverage, Fintech","Seed, Series A, Series B, Series C",2020,JJ MacLean,44,,"$100,000","$5,000,000",,
,Signal VC,https://signals.vc/,Germany,Berlin,"Enterprise, SaaS","Seed, Series A",2017,"Marcus Polke, Christian Weniger",19,,"€1,000,000","€5,000,000",,info@signals.vc
,Silversmith Capital Partners,https://silversmith.com,USA,Boston,"Healthcare, SaaS, Big Data & Analytics, E-Commerce, Enterprise, Automation, Developer Tools, Marketing, Fintech","Late Stage, Growth",2015,"Jeff Crisan, Jim Quagliaroli, Lori Whelan, Todd Maclean",43,6,"$20,000,000","$100,000,000","$3,400,000,000",info@silversmith.com
,Skagerak Capital,https://www.skagerakcapital.com/,Norway,"Kristiansand, Oslo, Skien","Deep Tech & Hard Science, SaaS, Climate & Sustainability","Early Stage, Seed",2016,Erik Edvard Toennesen,20,0,,,"$5,100,000",endre@skagerakcapital.com
,Skalata Ventures,https://skalata.co,Australia,Melbourne,"AR & VR, Productivity, Education, Entertainment, Fintech, Health & Wellness, Travel & Hospitality, Supply Chain & Logistics, Marketplace, Proptech & Real Estate, SaaS, Crypto & Blockchain, E-Commerce, Agriculture","Early Stage, Seed",2018,Rohan Workman,45,0,"$100,000","$200,000","$50,000,000",hello@skalata.co
,Sky9 Capital,https://sky9capital.com,"Singapore, USA, China","Beijing, Shanghai, Singapore, San Francisco","AI & ML, Crypto & Blockchain, Enterprise, Fintech, Consumer, Internet & Mobile",Seed,2011,Ron Cao,91,4,,,"$640,000,000",info@sky9capital.com
,Slow,https://slow-prod.herokuapp.com/,USA,"San Francisco, Boston, New York","Consumer, Internet & Mobile, E-Commerce, SaaS, Crypto & Blockchain, Fintech, Media, DTC",Early Stage,2011,Kevin Colleran,566,203,"$500,000","$3,000,000","$325,000,000",
,Smartfin,https://smartfinvc.com/,Belgium,"Antwerp, Brussels","Fintech, Big Data & Analytics, Enterprise, SaaS",Early Stage,2014,"Jürgen Ingels, Bart Luyten",19,3,"€500,000","€25,000,000","€380,000,000",info@smartfincapital.com
,Smedvig Capital,https://smedvigcapital.com,United Kingdom,London,"Enterprise, Big Data & Analytics, Fintech, SaaS, Legal, Advertising, Automative","Series A, Series B",1996,"Peter Smedvig, Johnny Hewett",75,54,"£3,000,000","£10,000,000","£565,000,000",+44 20 7451 2100
,SMOK Ventures,https://smok.vc,Poland,Warsaw,"Gaming, Marketplace, Consumer, DTC, SaaS","Seed, Series A",2012,"Borys Musielak, Diana Koziarska, Paul Bragiel",35,,"$100,000","$1,000,000",,smok@smok.vc
,Social Capital,https://socialcapital.com,USA,Palo Alto,"Climate & Sustainability, Life Sciences, Crypto & Blockchain, Deep Tech & Hard Science","Early Stage, Late Stage, IPO",2011,"Ashley Carroll, Chamath Palihapitiya, Ed Maidenberg, Mamoon Hamid",419,77,"$1,000,000","$25,000,000","$1,800,000,000",inbox@socialcapital.com
,Sofinnova Ventures,https://www.sofinnova.com/,"USA, Canada","Montréal, San Francisco",Biotech,"Early Stage, Late Stage",1974,Jean Deleage,282,107,,,"$1,800,000,000",info@sofinnova.com
,Solid Ventures,https://www.solidventures.vc/,"Netherlands, Colombia","Amsterdam, Bogotá","SaaS, Fintech, Enterprise, Marketplace, Climate & Sustainability, Energy","Late Stage, Series A",2005,Robert Wilhelm,31,9,"€500,000","€5,000,000","€17,000,000",deals@solidventures.nl
,Soma Capital,https://somacap.com,USA,San Francisco,"Climate & Sustainability, Consumer, DTC, Developer Tools, Education, Fintech, Food & Beverage, Gaming, Hardware, Healthcare, Supply Chain & Logistics, Proptech & Real Estate, SaaS, Marketplace",Seed,2015,Aneel Ranadive,512,62,"$100,000","$150,000","$412,000,000",team@somacap.com
,SOSV,https://sosv.com/,"USA, China, Taiwan, Ireland","New York, Newark, San Francisco, Shenzhen, Shanghai, Taipei, Cork","Health & Wellness, Deep Tech & Hard Science, E-Commerce, Consumer, IoT, SaaS, Robotics, AI & ML, Fintech, Healthcare, Media, Crypto & Blockchain, Climate & Sustainability, Advertising","Pre-Seed, Seed, Series A, Series B, Series C, Growth",1994,Sean O'Sullivan,2369,58,"$100,000","$250,000","$527,000,000",hello@sosv.com
,Source Ventures,https://sourceventures.vc,France,Paris,"Fintech, Entertainment, Education, Gaming, Crypto & Blockchain","Pre-Seed, Seed",2021,Martin Charpentier,,,"€10,000","€50,000",,hello@sourceventures.vc
,South Central Ventures,https://sc-ventures.com/,"North Macedonia, Slovenia, Croatia, Serbia","Ljubljana, Zagreb, Belgrade, Skopje","Advertising, Agriculture, SaaS","Late Stage, Growth, Seed",2015,"Jan Kobler, Tatjana Zabasu Mikuz, Jure Mikuz",40,3,"€500,000","€5,000,000","€44,000,000",info@sc-ventures.com
,Sova VC,https://sova.vc,"United Kingdom, USA",London,"Enterprise, Consumer, Marketplace","Early Stage, Series A, Seed, Series B",2020,Alexander Chikunov,4,,"€1,500,000","€2,000,000","€100,000,000",ask@sova.vc
,Sozo Ventures,https://sozo.ventures/,"USA, Japan","Redwood City, Tokyo","E-Commerce, Enterprise, Cloud, Fintech, IoT, Healthcare","Seed, Pre-Seed, Early Stage, Late Stage",2012,"Phil Wickham, Koichiro Nakamura",44,8,,,"$836,400,000",
,SP Ventures,https://spventures.com,United Kingdom,London,"Food & Beverage, Health & Wellness, Climate & Sustainability, Agriculture, Energy","Early Stage, Series A",2007,Francisco Jardim,33,3,"£100,000","£6,000,000","£118,400,000",contato@spventures.com.br
,Space Capital,https://spacecapital.com,USA,New York,Aerospace & Space,"Seed, Late Stage, Early Stage",2017,Chad Anderson,70,7,,,"$264,000,000,000",
,Spark Capital,https://sparkcapital.com,USA,"San Francisco, New York, Boston","Consumer, Crypto & Blockchain, Enterprise, Hardware, Fintech, Marketplace","Seed, Pre-Seed, Series A",2005,"Bijan Sabet, Paul Conway, Santo Politi, Todd Dagres",507,91,"$500,000","$25,000,000","$3,800,000,000",contactus@sparkcapital.com
,Sparking Capital,https://sparkingcapital.com,Romania,Bucharest,"Consumer, Internet & Mobile, Marketing, Supply Chain & Logistics, Fintech, Proptech & Real Estate","Pre-Seed, Seed",2017,"Vlad Panait, Cristian Negrutiu",23,1,,"€300,000","€700,000",
,Sparklabs Ventures,http://www.sparklabs.co.kr/lb/index.php,South Korea,Seoul,"Enterprise, Cloud, Fintech, AI & ML, Hardware, IoT, E-Commerce, Media","Seed, Series A, Series B",2017,"Brian Kang, Chris Koh",72,10,"$1,000,000","$3,000,000",,info@sparklabs.co.kr
,Speciale Invest,https://specialeinvest.com,India,Chennai,"Enterprise, SaaS, Cloud, Developer Tools, Aerospace & Space, Robotics, Climate & Sustainability, Biotech, Gaming, Hardware, Deep Tech & Hard Science","Early Stage, Pre-Seed, Seed",2017,Vishesh Rajaram,38,4,,"$1,000,000","$642,000,000",info@specialeinvest.com
,Specialist VC,https://specialist.vc/,Estonia,Tallinn,"Enterprise, SaaS, Fintech, Hardware, Deep Tech & Hard Science","Pre-Seed, Seed, Series A",2017,"Riivo Anton, Gerri Kodres",45,6,"€250,000","€3,000,000","€50,000,000",contact@specialist.vc
,Speedinvest,https://speedinvest.com,"Germany, Austria, France, United Kingdom","Berlin, London, Munich, Paris, Vienna","Deep Tech & Hard Science, Fintech, Health & Wellness, Industrial, Marketplace, Consumer, SaaS, Climate & Sustainability, Crypto & Blockchain, Infrastructure","Early Stage, Seed, Pre-Seed",2011,"Daniel Keiper-Knorr, Erik Bovee, Michael Schuster, Oliver Holle, Werner Zahnt",361,21,"€700,000","€1,300,000","€628,400,000",office@speedinvest.com
,SpeedUp Venture Capital Group,https://speedupgroup.com/en/,Poland,Poznań,"Consumer, Internet & Mobile, IoT, Healthcare, Fintech, AI & ML, Hardware, Industrial, Marketing, Advertising","Seed, Series A, Series B",2009,Arkadiusz Piechocki,101,4,"€50,000","€4,000,000","€10,000,000",info@speedupgroup.com
,Spero Ventures,https://spero.vc,USA,"San Mateo, San Francisco","Big Data & Analytics, Education, Media, InsurTech, Marketplace, AI & ML, Health & Wellness, SaaS","Seed, Series A, Series B",2018,Shripriya Mahesh,48,10,"$2,000,000","$4,000,000","$100,000,000",ha@spero.vc
,Spintop Ventures,https://spintopventures.com,"Sweden, Finland, United Kingdom","Helsinki, London, Stockholm","SaaS, E-Commerce",Early Stage,2009,Finn Persson,64,16,,,"$4,000,000",finn.persson@spintopventures.com
,Split Rock Partners,https://splitrock.com/,USA,Eden Prairie,"Cloud, Big Data & Analytics, Enterprise, SaaS","Early Stage, Late Stage",2004,"Michael Gorman, Jim Simons",218,105,,,"$575,000,000",+1 (952)-995-7474
,Springtide Ventures,http://www.springtide.cz/,"Czechia, Israel, USA","Prague, Boston, Tel Aviv-Yafo","Healthcare, Health & Wellness","Seed, Series A, Series B, Series C",2014,David Marek,19,7,"$1,000,000","$10,000,000","$36,700,000",info@springtide.cz
,SpringTime Ventures,https://springtimeventures.com,USA,Colorado Springs,"Healthcare, Fintech, Supply Chain & Logistics, Marketplace",Seed,2017,"Matt Blomstedt, Rich Maloy, Rick Patch",33,2,"$400,000","$600,000",,rich@springtimeventures.com
,Squadra,https://www.squadra.vc/,USA,Baltimore,"Cybersecurity, Enterprise","Seed, Series A",2019,Guy Filippelli,9,,"$1,000,000","$3,000,000",,info@squadra.vc
,Square Peg Capital,https://www.squarepegcap.com/,"Australia, Singapore, Israel","Sydney, Melbourne, Singapore, Tel Aviv-Yafo","Healthcare, Fintech, Consumer, Climate & Sustainability, SaaS, Cybersecurity, Marketplace, E-Commerce, Cloud, Enterprise, DTC, Education, Agriculture, Marketing","Series A, Series B, Seed",2012,"Barry Brott, Justin Liberman, Paul Bassat, Tony Holt",114,12,,"$2,000,000","$1,000,000,000",
,Stadia Ventures,http://www.stadiaventures.com/,USA,Saint-Louis,"Big Data & Analytics, Gaming, AI & ML, Health & Wellness, Sports, SaaS",Seed,2015,"Art Chou, Tim Hayden",82,17,,"$100,000","$130,000,000",thayden@stadiaventures.com
,Standout Capital,https://standoutcapital.com,Sweden,Stockholm,"Enterprise, SaaS",Growth,2014,"Erik Wästlund, Fredrik Arnander, Klas Hillström",10,6,,,,info@standoutcapital.com
,Starting Line,https://startingline.vc,USA,Chicago,"Creator Economy, DTC, Consumer, E-Commerce, Marketplace, Crypto & Blockchain, Fintech",Seed,2018,Ezra Galston,60,3,,,"$30,000,000",
,Starttech Ventures,https://starttech.vc,"Greece, USA","Athens, San Francisco","SaaS, AR & VR, Big Data & Analytics, Healthcare, Marketing",Early Stage,2012,"Dimitris Tsingos, Vangelis Mihalopoulos, Katerina Kastriti",19,1,,,"$4,000,000",info@starttech.vc
,Startup Bangladesh Ltd,https://www.startupbangladesh.vc/,Bangladesh,Dhaka,"Healthcare, E-Commerce, Supply Chain & Logistics, Consumer, Food & Beverage, Transportation, Fintech, Enterprise, Entertainment, DTC, IoT, SaaS","Early Stage, Late Stage, Seed",2020,Tina F. Jabeen,16,,"$50,000","$300,000","$5,000,000",info@startupbangladeshvc.gov.bd
,Startup Funding Club,https://sfccapital.com/,United Kingdom,Northwich,"Food & Beverage, Internet & Mobile, Life Sciences, Marketplace, Media, Entertainment, Biotech, DTC","Seed, Early Stage, Series A",2012,Stephen Page,385,11,"£100,000","£300,000","£14,100,000",info@sfccapital.com
,Startuplab,https://startuplab.no/,Norway,"Oslo, Bergen","Hardware, Transportation, Big Data & Analytics, Energy","Early Stage, Seed",2012,Alexander Woxen,136,1,"$100,000","$300,000","$20,200,000",hello@startuplab.no
,Stonebridge Ventures,https://www.stonebridge.co.kr/venture-capital,South Korea,Seoul,"Enterprise, Biotech, Healthcare, Fintech, SaaS","Early Stage, Seed, Late Stage",2008,Dean Geehun Kim,108,16,,,"$187,000,000",info@stonebridge.co.kr
,Story Ventures,https://storyventures.vc,USA,New York,"Automation, AI & ML, Robotics",Early Stage,2016,"Brian Yormak, Jacob Yormak",42,2,"$100,000","$10,000,000","$30,000,000",helloworld@storyventures.vc
,Stray Dog Capital,https://straydogcapital.com,USA,Leawood,"Food & Beverage, Biotech, Climate & Sustainability, DTC, Life Sciences","Seed, Early Stage, Series A",2013,"Chuck Laue, Jennifer Laue",59,7,,,"$25,600,000",social@straydogcapital.com
,Stride VC,https://stride.vc/,United Kingdom,London,"SaaS, Marketplace, Enterprise, Travel & Hospitality, Productivity, Media","Seed, Pre-Seed",2018,Fred Destin,44,1,"£250,000","£2,000,000","£100,000,000",
,Stripes Group,https://www.stripes.co/,USA,New York,"Consumer, SaaS, DTC, Productivity, Big Data & Analytics, Developer Tools","Series A, Series B, Late Stage, Early Stage",2008,Ken Fox,112,21,"$1,000,000","$25,000,000","$1,200,000,000",info@stripes.co
,Strive,https://strive.vc/en/,"Japan, Singapore","Tokyo, Singapore","Transportation, Travel & Hospitality, Marketplace","Seed, Early Stage, Series A, Series B",2011,Yusuke Amano,177,44,,,"$3,800,000",
,Sunstone Life Science Venture,https://sunstone.eu/,Denmark,Copenhagen,Life Sciences,"Series B, Series A",2007,Søren Lemonius,76,42,,,"€300,000,000",lifescience@sunstone.eu
,Super Hero Capital,https://superherocapital.com,Finland,Helsinki,"Health & Wellness, Healthcare, Marketplace, Education, Big Data & Analytics, Entertainment, Future of Work, SaaS, Sports","Early Stage, Seed",2015,"Jakob Storå, Juha Ruohonen, Jussi Harvela, Moaffak Ahmed",41,1,"€50,000","€1,000,000","€50,000,000",nexthero@superherocapital.com
,Sure Valley Ventures,https://surevalleyventures.com,"Ireland, United Kingdom","London, Cambridge, Dublin","AI & ML, Cybersecurity, IoT, Gaming, Sports, Crypto & Blockchain","Early Stage, Seed",2019,Phil Morrow,16,4,"£750,000","£1,500,000","£135,100,000",info@surevalleyventures.com
,SustainVC,https://sustainvc.com/,USA,"Boston, Durham, Philadelphia","Healthcare, Education, Climate & Sustainability, Transportation, Energy, Agriculture","Early Stage, Seed, Series A",2007,Schuyler Lance,38,12,"$500,000","$1,000,000","$500,000,000",info@SustainVC.com
,SV Investment,http://www.svinvestment.co.kr/,"USA, South Korea, China, Indonesia","Boston, Seoul, Shanghai, Shenzhen, Jakarta","Internet & Mobile, Consumer, Media, Healthcare, AI & ML, Enterprise, Life Sciences, Manufacturing","Early Stage, Late Stage, Seed",2006,Hong Won-Ho,220,48,,,,master@svinvest.com
,Swisscom Ventures,https://ventures.swisscom.com/,"Switzerland, USA","Zürich, Bern, Palo Alto, Lausanne","Cloud, Deep Tech & Hard Science, Cybersecurity, Fintech, Big Data & Analytics, AI & ML","Early Stage, Late Stage",2007,Dominique Megret,133,40,"$1,000,000",,"$199,400,000",info.startup@swisscom.com
,SWS Venture Capital,https://swsventurecap.com,USA,Pasadena,"Consumer, Fintech, Crypto & Blockchain, Healthcare, Supply Chain & Logistics, Food & Beverage","Early Stage, Late Stage",2018,Steve Streit,18,7,,,,
,Synthesis Capital,https://synthesis.capital/,United Kingdom,London,"Food & Beverage, Climate & Sustainability, Biotech","Early Stage, Late Stage, Seed",2014,Costa Yiannoulis,35,1,,"£15,000,000","£300,000,000",contact@synthesis.capital
,TA Venture,https://taventures.vc,"Germany, Cyprus","Frankfurt, Zürich, Kyiv, Nicosia","Mobility, Healthcare, Enterprise, Consumer, Supply Chain & Logistics, Fintech, SaaS, Industrial","Early Stage, Seed",2010,Viktoriya Tigipko,224,86,"$100,000","$1,000,000","$75,000,000",info@taventures.vc
,TAQNIA,http://www.riyadtaqnia.com/,Saudi Arabia,Riyadh,"E-Commerce, Consumer, Fintech, Supply Chain & Logistics","Seed, Series A, Series B",2016,Hani Enaya,21,2,,,"$5,600,000",rtfund@riyadcapital.com
,TBT Partners,http://en.tbt.partners/,South Korea,Seoul,"Consumer, Social, Entertainment, Media, Creator Economy, Internet & Mobile, DTC","Early Stage, Series A",2018,Ram Lee,8,,,,"$240,000,000",info@tbt.partners
,TDJ Pitango,https://tdjpitango.com/,Poland,Warsaw,"AI & ML, Big Data & Analytics, Healthcare, Media, Internet & Mobile, IoT, SaaS, Enterprise","Seed, Series A, Series B, Series C, Growth, Early Stage",2017,Wojciech Fedorowicz,18,2,"$100,000","$5,000,000","$22,000,000",kontakt@tdjpitango.com
,Technology Crossover Ventures,https://www.tcv.com/,"USA, United Kingdom","London, New York, San Francisco","E-Commerce, Media, Enterprise, Entertainment, Proptech & Real Estate, Travel & Hospitality, Education, Marketing, Legal, Advertising","Late Stage, Series A, Series B, Growth",1995,"Jay Hoag, Rick Kimball",393,194,"$30,000,000","$400,000,000","$20,100,000,000",ir@tcv.com
,Techstars,https://techstars.com,"Israel, USA, India, China","San Francisco, Mumbai, Hong Kong, Shanghai, Herẕliyya, New York","Advertising, Aerospace & Space, Agriculture, AI & ML, Biotech, Crypto & Blockchain, Climate & Sustainability, Cloud, Consumer, Cybersecurity, SaaS, Big Data & Analytics, Developer Tools, E-Commerce, Education, Energy, Enterprise, Entertainment, Fintech, Sports, Food & Beverage, Future of Work, Gaming, Government Technology, Hardware, Health & Wellness, Healthcare, Human Resources, Infrastructure, Legal, IoT, Life Sciences, Manufacturing, Marketplace, Media, Mobility, Productivity, Proptech & Real Estate, Robotics, Marketing, Supply Chain & Logistics, Transportation, AR & VR, Travel & Hospitality","Pre-Seed, Seed",1989,Samuel Isaly,4116,951,"$20,000","$100,000","$108,000,000",help@techstars.com
,Tekfen Ventures,https://tekfenventures.com,USA,New York,"Proptech & Real Estate, Hardware, Life Sciences, Manufacturing, Agriculture, SaaS","Early Stage, Series A, Series B",2016,"Kris Kemeny, Sinan Uzan",23,2,,,"$3,400,000,000",hi@tekfenventures.com
,Televenture,https://televenture.no,Norway,Oslo,"Industrial, Consumer, Healthcare, Marketplace, SaaS, Oil & Gas, Marine","Early Stage, Late Stage",1993,Rune Rinnan,26,20,"$500,000","$5,000,000",,post@televenture.no
,Telstra Ventures,https://telstraventures.com,"USA, Australia, United Kingdom, China","San Francisco, Sydney, Shanghai, Melbourne, London","Cloud, Consumer, Media, Internet & Mobile, SaaS, Fintech, Big Data & Analytics, IoT, Cybersecurity","Early Stage, Late Stage",2011,"Mark Sherman, Matthew Koertge",112,26,"$3,000,000","$12,000,000","$565,000,000",info@telstraventures.com
,Tenaya Capital,https://tenayacapital.com,USA,Palo Alto,"Enterprise, Consumer, Developer Tools, Cloud, SaaS, Marketplace, AI & ML, IoT, E-Commerce","Series B, Series C",2009,Brian Paul,184,64,"$5,000,000","$20,000,000","$822,000,000",info@tenayacapital.com
,Tencent,https://www.tenx.tc/,China,Shenzhen,"Climate & Sustainability, Healthcare, Automation, Robotics",,1998,Huateng Ma,659,,,,"$12,600,000,000",exploreinvestments@tencent.com
,TenOneTen,https://www.tenoneten.net/,USA,Los Angeles,"Big Data & Analytics, Supply Chain & Logistics, SaaS",Early Stage,2011,"David Waxman, Gil Elbaz",160,52,"$500,000","$1,000,000","$68,000,000",
,Tera Capital,https://tera-capital.com,"Singapore, China, Peru","Beijing, Shanghai, Singapore, Lima","Proptech & Real Estate, Media, Government Technology, E-Commerce, Travel & Hospitality",Other,2003,Ted Fang,1,,,,,enquiry@tera-capital.com
,Tera Ventures,https://www.tera.vc/,"Estonia, United Kingdom, Finland","Tallinn, London, Helsinki","Fintech, Automation, AI & ML","Pre-Seed, Seed",2016,"Andrus Oks, Stanislav Ivanov",30,8,,,"€67,500,000",tera@tera.vc
,Teuza,https://teuzafund.com,Israel,Haifa,"Healthcare, Industrial, SaaS",Early Stage,1992,Avi Kerbs,7,,"$500,000","$5,000,000",,teuza@teuzafund.com
,Texas Atlantic Capital,https://www.ta.capital/,"USA, Germany","Houston, Munich","Cloud, Big Data & Analytics, SaaS, E-Commerce, Media","Early Stage, Growth, Late Stage",2010,Dr. Marcus Englert,50,31,,,"$7,000,000",contact@ta.capital
,The Artemis Fund,https://theartemisfund.com,USA,Houston,"Fintech, E-Commerce, Infrastructure, Health & Wellness",Seed,2019,Stephanie Campbell,26,1,,,"$15,000,000",
,The Column Group,https://thecolumngroup.com,USA,San Francisco,"Biotech, Life Sciences, Healthcare",Late Stage,2007,Peter Svennilson,100,18,,,"$2,000,000,000",info@thecolumngroup.com
,The House Fund,https://thehouse.fund/,USA,Berkeley,"AI & ML, Crypto & Blockchain, Productivity, Media, Healthcare","Early Stage, Seed, Pre-Seed",2016,Jeremy Fiance,80,12,"$500,000","$1,000,000","$4,000,000,000",build@thehouse.fund
,The Venture City,https://www.theventure.city/,"USA, Spain","Miami, Madrid","Fintech, Advertising, Media, Marketing, SaaS, Mobility, Marketplace, Sports, Travel & Hospitality, Cybersecurity, Health & Wellness, Proptech & Real Estate, E-Commerce, Supply Chain & Logistics, Productivity, Gaming","Pre-Seed, Seed, Series A",2017,Laura González-Estéfani,123,11,"$100,000","$4,000,000","$125,000,000",hello@theventure.city
,Theodorus,https://www.theodorus.be/,"Belgium, Canada","Montréal, Brussels","Biotech, Healthcare","Seed, Series A",2003,Olivier Belenger,22,2,"€250,000","€2,500,000","€70,000,000",info@theodorus.be
,Third Rock Ventures,https://thirdrockventures.com,USA,"Boston, San Francisco","Biotech, Healthcare","Seed, Series A, Series B",2007,"Kevin Starr, Mark Levin, Robert Tepper",123,34,,,"$3,400,000,000",info@thirdrockventures.com
,Thrive Capital,https://thrivecap.com,USA,New York,"Internet & Mobile, SaaS, Fintech, InsurTech, Developer Tools, Cybersecurity, Crypto & Blockchain","Seed, Early Stage, Late Stage",2009,Joshua Kushner,324,77,,,"$7,300,000,000",info@thrivecap.com
,Tidal,https://www.tidalvc.com/,"Australia, USA","Sydney, New York","Enterprise, SaaS, API, Cybersecurity",Seed,2016,"Andrea Kowalski, Grant McCarthy, Murray Bleach, Wendell Keuneman",26,0,"$250,000","$5,000,000","$40,000,000",
,Tiger Global Management,https://www.tigerglobal.com/,"USA, China, India, Singapore","New York, Hong Kong, Beijing, Singapore, Bangalore","Internet & Mobile, Consumer, Fintech, SaaS","Late Stage, Series B, Series C",2001,Chase Coleman,1092,131,,,"$36,100,000,000",+1 (212) 843-8030
,TLcom,https://tlcomcapital.com/,"Nigeria, Kenya, United Kingdom","Lagos, Nairobi, London","Media, Internet & Mobile, DTC, Supply Chain & Logistics, Transportation, Education, InsurTech, Healthcare, Automative","Early Stage, Late Stage",1999,Maurizio Caio,29,15,"$500,000","$10,000,000","$300,000,000",info@tlcomcapital.com
,Touch Ventures,https://touchventures.com,Australia,Sydney,"Consumer, Fintech, Big Data & Analytics, DTC","Late Stage, Growth",2019,Hein Vogel,8,,"$10,000,000","$25,000,000",,
,Town Hall Ventures,https://townhallventures.com,USA,"New York, Los Angeles",Healthcare,"Early Stage, Late Stage",2018,"Andy Slavitt, David Mishkin, David Whelan, Lauren Robb, Trevor Price",33,2,,,"$375,000,000",ir@townhallventures.com
,Trind VC,https://trind.vc,"Estonia, Finland, Germany, Latvia","Tallinn, Helsinki, Munich, Riga","Education, Entertainment, Productivity, Media, SaaS","Early Stage, Seed, Pre-Seed",1999,"Ivar Siimar, Taavi Lepmets",54,20,"€400,000","€2,000,000","€23,000,000",trind@trind.vc
,Trinity Ventures,https://trinityventures.com,USA,San Francisco,"Consumer, Developer Tools, Industrial, Cloud, Deep Tech & Hard Science","Seed, Series A, Series B",1986,Noel Fenton,464,142,"$500,000","$6,000,000","$2,200,000,000",info@trinityventures.com
,TRK Group,http://www.trkgroup.no/,Norway,Oslo,"Marketplace, Industrial, Enterprise, Healthcare, DTC",Early Stage,2015,Trond Riiber Knudsen,173,26,,,,trond@trkgroup.no
,True Growth Capital,https://truegrowth.de,Germany,Berlin,"Consumer, Enterprise, Healthcare, SaaS, Supply Chain & Logistics, Fintech","Early Stage, Seed, Pre-Seed",2018,"Marco Vietor, Paul Crusius",15,1,"€100,000","€500,000",,
,True Ventures,https://trueventures.com,USA,"Palo Alto, San Francisco","Education, Consumer, Media, Internet & Mobile, Cloud, Marketplace, Food & Beverage, Cybersecurity, Hardware, Automation, SaaS","Seed, Series A, Early Stage",2005,Jon Callaghan,707,183,"$1,000,000","$3,000,000","$2,000,000,000",
,TTV Capital,https://ttvcapital.com,USA,Atlanta,Fintech,Early Stage,2000,"W. Thomas Smith Jr. , Gardiner W. Garrard",151,36,,"$3,000,000","$300,000,000",info@ttvcapital.com
,Tuesday Capital,https://tuesday.vc,USA,San Francisco,"Big Data & Analytics, AI & ML, Automation, Climate & Sustainability, Crypto & Blockchain, Future of Work, InsurTech, SaaS, Internet & Mobile, Marketplace, Deep Tech & Hard Science","Early Stage, Seed",2018,"Michael Arrington, Patrick Gallagher",313,155,"$1,000,000","$10,000,000","$59,000,000",partners@crunchfund.com
,TVV Capital,https://tvvcapital.com/,USA,Nashville,"Consumer, Government Technology, Food & Beverage, Climate & Sustainability, Life Sciences, Healthcare, Hardware, Agriculture, Automative, Sports",Growth,1997,Andrew Byrd,15,8,,,"$3,020,000",+1 (615)-256-8061
,Two Sigma Ventures,https://twosigmaventures.com,USA,New York,"Biotech, Consumer, Enterprise, Fintech, Crypto & Blockchain","Seed, Series A, Series B",2012,Dan Abelon,187,33,"$8,000,000","$12,000,000","$288,000,000",
,Type One Ventures,https://type1ventures.com,USA,San Francisco,"Aerospace & Space, Robotics, SaaS, Fintech, AI & ML, Health & Wellness","Seed, Series A",2019,Tarek Waked,17,1,,,"$34,000,000",tarek@typeone.vc
,U.S. Venture Partners,https://usvp.com,USA,San Francisco,"Healthcare, SaaS, Cloud, Consumer, Cybersecurity","Early Stage, Seed, Series A, Series B",1981,"Bill Bowes, David Liddle",559,156,"$1,000,000","$10,000,000","$4,200,000,000",contact@usvp.com
,Union Square Ventures,https://usv.com,USA,New York,"Climate & Sustainability, Consumer, Crypto & Blockchain, Education, Enterprise, Fintech, Food & Beverage, Hardware, Health & Wellness, AI & ML, Media, Proptech & Real Estate, Future of Work, Developer Tools, DTC, Creator Economy, Gaming, InsurTech, Marketplace, Social, Transportation, Advertising, Infrastructure","Seed, Series A, Series B, Series C",2003,"Brad Burnham, Fred Wilson",396,54,"$500,000","$5,000,000","$2,500,000,000",info@unionsquareventures.com
,United Angels VC,https://unitedangels.vc/,Estonia,Tallinn,"SaaS, Fintech, Marketplace","Pre-Seed, Seed, Series A, Early Stage",2017,"Riivo Anton, Gerri Kodres",41,5,"€250,000","€3,000,000","€50,000,000",contact@unitedangels.vc
,Unitus Ventures,https://unitus.vc/,"India, USA","Seattle, Bangalore","AI & ML, E-Commerce, Government Technology, Consumer, Healthcare, Education, Fintech","Seed, Early Stage",2012,Surya Mantha,84,18,"$300,000","$1,000,000","$38,400,000",+91 80957 50004
,Unknown Ventures,https://unknown.vc,USA,Austin,"Proptech & Real Estate, Media, Entertainment","Pre-Seed, Series A, Seed",2020,"Briggs Mitchell, Mitch Morales",15,,,,,info@unknown.vc
,Unusual Ventures,https://unusual.vc,USA,San Mateo,"AI & ML, Cybersecurity, SaaS, Developer Tools, Fintech, Marketplace","Pre-Seed, Series A, Seed",2018,"John Vrionis, Jyoti Bansal",95,5,"$1,000,000","$12,000,000","$1,000,000,000",info@unusual.vc
,UpHonest Capital,https://www.uphonestcapital.com/#/,USA,San Francisco,"Consumer, Enterprise, Deep Tech & Hard Science, Robotics, AI & ML, Cloud, Marketplace","Series A, Seed",2016,Wei Guo,177,63,,,"$160,300,000",
,V-Bio Ventures,https://v-bio.ventures/,Belgium,Gent,"Healthcare, Biotech","Series A, Series B",2015,"Christina Takke, Willem Broekaert",16,2,"€10,000,000","€50,000,000","€185,000,000",info@v-bio.ventures
,Valia Ventures,https://valia.vc,"USA, United Kingdom","London, New York, San Francisco","AI & ML, Biotech, Consumer, Big Data & Analytics, Deep Tech & Hard Science, Fintech, Healthcare, Marketplace, Robotics","Early Stage, Pre-Seed, Seed, Late Stage, Series B",2017,Khaled Jalanbo,38,3,"$50,000","$1,000,000","$50,000,000",khaled@valia.vc
,Valley Growth Ventures,http://www.valleygrowthventures.com/,USA,Youngstown,"Healthcare, Manufacturing, Energy, SaaS","Seed, Early Stage",2015,Ernie Knight,8,1,,,"$6,000,000",info@valleygrowthventures.com
,Valor Capital,https://valorcapitalgroup.com,"Brazil, USA","São Paulo, Rio de Janeiro, New York, San Francisco","Crypto & Blockchain, Fintech, Education, SaaS, Consumer, AI & ML, Healthcare, Enterprise","Early Stage, Late Stage, Seed",2011,"Ambassador Clifford Sobel, Scott Sobel",101,17,"$100,000","$5,000,000","$6,000,000,000",info@valorcapitalgroup.com
,Vanedge Capital,https://vanedgecapital.com,"Canada, USA","Vancouver, Waterloo, Toronto","Deep Tech & Hard Science, Cybersecurity, SaaS, Media, Biotech, IoT, Cloud, Big Data & Analytics","Early Stage, Series A",2010,"Glenn Entis, V. Paul Lee",56,13,"$2,000,000","$5,000,000","$297,100,000",info@vanedgecapital.com
,VantagePoint Venture Partners,https://vpcp.com/,"USA, China","Santa Barbara, Beijing","Cloud, Consumer, Hardware, Internet & Mobile, Media, Robotics, Healthcare, Energy, Automative","Early Stage, Late Stage, Seed",1996,"Alan Salzman, Jim Marver",269,94,,,"$550,000,000",+1 650-866-3100
,Velocity Partner,https://velocitypartners.vc/,Germany,Athens,"SaaS, Energy, Big Data & Analytics, AI & ML, Sports, Healthcare","Pre-Seed, Seed",2017,"Dimitris Kalavros-Gousiou, Konstantinos Mavros",22,3,,"€500,000","€259,000,000",start@velocitypartners.vc
,Venrock,https://venrock.com,USA,"New York, Boston, San Francisco","Consumer, Fintech, Healthcare, AI & ML, Robotics, Cloud, Cybersecurity, Biotech","Seed, Series A",1969,Laurance Rockefeller,783,267,,,"$4,100,000,000",publicrelations@venrock.com
,Ventech VC,https://ventechvc.com,"France, Finland, Germany, China","Paris, Helsinki, Munich, Shanghai","Consumer, Deep Tech & Hard Science, Hardware, Media, Enterprise, SaaS","Early Stage, Late Stage, Seed, Pre-Seed, Series A",1998,Ravi Kunduru,147,39,"€100,000","€10,000,000","€959,600,000",contact@ventech.vc
,Venture Friends,https://venturefriends.vc,Greece,Athens,"Proptech & Real Estate, Fintech, Travel & Hospitality, Marketplace, SaaS, Other","Seed, Series A",2016,"Apostolos Apostolakis, George Dimopoulos",50,9,"€300,000","€2,500,000",,info@venturefriends.vc
,Venture Souq,https://venturesouq.com,United Arab Emirates,Dubai,"Fintech, InsurTech, Agriculture, Climate & Sustainability, Education, Healthcare, Media, SaaS, Enterprise",Early Stage,2013,Sonia Gokhale,216,19,,,"$50,000,000",info@venturesouq.com
,Ventures Platform,https://venturesplatform.com,Nigeria,"Abuja, Lagos","InsurTech, Life Sciences, Enterprise, SaaS, Food & Beverage, Education, Infrastructure, Agriculture, Fintech, Healthcare","Pre-Seed, Seed, Series A",2016,Kola Aina,77,1,"$50,000","$100,000","$40,000,000",partners@venturesplatform.com
,Verdane,https://verdane.com,"Germany, Finland, Norway, United Kingdom, Denmark, Sweden","Berlin, Copenhagen, London, Stockholm, Helsinki, Asker","Consumer, E-Commerce, Marketplace, Climate & Sustainability, Enterprise, SaaS",Late Stage,2003,Bjarne Kveim Lie,395,165,"€8,000,000","€150,000,000","€3,700,000,000",office@verdane.com
,Verity Ventures,https://www.verityventurepartners.com/,USA,San Francisco,"Consumer, Food & Beverage, E-Commerce, Health & Wellness",Early Stage,2021,Tina Bou-Saba,8,,,,,info@verityventurepartners.com
,Veronorte,https://veronorte.com,Colombia,Medellín,"Enterprise, SaaS, Transportation, Healthcare, Energy, Fintech","Early Stage, Series A, Series B, Series C, Late Stage",2012,"Camilo Botero, Felipe Valencia",23,0,"$5,000,000","$10,000,000",,info@veronorte.com
,Versant Ventures,https://versantventures.com,"Switzerland, USA, Canada","Basel, San Francisco, New York, San Diego, Toronto, Vancouver","Healthcare, Biotech","Late Stage, Series A, Series B, Series C",1999,"Barbara Lubash, Brian Atwood, Donald B. Milder, Rebecca Robertson, Samuel Colella, William Link",355,99,,,"$3,300,000,000",+1 (415) 801-8100
,Verstra Ventures,https://verstraventures.com,Canada,Toronto,"Enterprise, SaaS",Late Stage,2018,Matan Hazanov,9,,"$500,000","$2,000,000",,
,Vertex Ventures,https://vertexventures.sg,"Singapore, India, Indonesia, Thailand","Singapore, Bangalore, Jakarta, Bangkok","Fintech, Internet & Mobile, Crypto & Blockchain, Consumer, Food & Beverage, Enterprise, Marketplace, Agriculture","Seed, Series A, Series B",1988,"Jonathan Heiliger, Yoram Oron",65,7,"$1,000,000","$10,000,000","$1,900,000,000",hello@vertexventures.com
,Vertex Ventures HC,https://vertexventureshc.com,USA,"Palo Alto, San Francisco","Biotech, Healthcare, Health & Wellness",Early Stage,2013,"Lori Hu, Christine Brennan",35,9,,,"$320,000,000",hello@vertexventureshc.com
,Verve Venture,https://www.verve.vc/investiere-launch/,"Switzerland, Germany, France","Berlin, Zürich, Cambridge, Paris, Lausanne","Big Data & Analytics, SaaS, E-Commerce, Human Resources","Seed, Series A, Series B",2010,Lukas Weber,210,26,"€500,000","€5,000,000","€250,000,000",info@verve.vc
,Viola Ventures,https://www.viola-group.com/,Israel,Herẕliyya,"AI & ML, Biotech, Cybersecurity, Enterprise, InsurTech, Proptech & Real Estate, Internet & Mobile, Media, Travel & Hospitality, Climate & Sustainability, DTC, Automative, Agriculture, SaaS","Early Stage, Seed, Series A, Series B",2000,"Avi Zeevi, Shlomo Dovrat",243,50,"$500,000","$10,000,000","$1,300,000,000",info@viola.vc
,Vision Ventures,https://visionventures.vc,Slovakia,Bratislava,"Legal, Crypto & Blockchain, Cloud, E-Commerce, Productivity, Human Resources, AI & ML","Pre-Seed, Seed",2019,Tomáš Bél,18,1,"€100,000","€800,000","€1,000,000",hello@visionventures.vc
,Visionaries Club,https://visionaries.vc,Germany,Berlin,"SaaS, Fintech, Automation","Early Stage, Late Stage, Seed",2019,"Robert Lacher, Sebastian Pollok",27,1,"€250,000","€5,000,000","€170,000,000",hi@visionariesclub.vc
,VitalizeVC,https://vitalize.vc,USA,"Chicago, San Francisco, Los Angeles","Enterprise, SaaS","Early Stage, Pre-Seed, Seed",2017,"Gale Wilkinson, Caroline Casson",35,2,"$50,000","$750,000","$16,300,000",caroline@vitalize.vc
,VMG Partners,https://vmgpartners.com,USA,San Francisco,"Consumer, Food & Beverage, DTC, Health & Wellness","Series A, Series B",2005,"David Baram, Kara Roell",36,2,"$10,000,000","$50,000,000","$2,800,000,000",info@vmgpartners.com
,Voima Ventures,https://voimaventures.com,Finland,Helsinki,"IoT, Life Sciences, AI & ML, Manufacturing","Series A, Series B",2019,"Inka Mero, Marko Viinikka, Mikko Kumpulainen",19,1,"€100,000","€5,000,000","€50,000,000",hello@voimaventures.com
,Volta Ventures,https://www.volta.ventures/,"Netherlands, Belgium","Amsterdam, Gent","Deep Tech & Hard Science, Fintech, Devops, Healthcare, Proptech & Real Estate, Gaming, Cybersecurity, Travel & Hospitality, Hardware & Industrials, SaaS","Seed, Early Stage",2014,"Frank Maene, Sander Vonk",30,8,"€300,000","€2,000,000","€100,000,000",info@voltaventures.eu
,VOPNE Capital,https://vopne.com,USA,"San Francisco, Mill Valley","Industrial, Manufacturing",Late Stage,2013,Jim Bloom,9,4,"$5,000,000","$35,000,000","$109,000,000",info@vopne.com
,VSquared Ventures,https://vsquared.vc,Germany,Munich,"Deep Tech & Hard Science, Aerospace & Space, AI & ML, Robotics, Enterprise, SaaS","Early Stage, Seed",2020,"Herbert Mangesius, Thomas Oehl",20,,,,"€65,000,000",future@vsquared.vc
,VTF Capital,https://vtfcapital.com,USA,"San Francisco, Los Angeles, Las Vegas","E-Commerce, DTC","Pre-Seed, Seed",2012,Zach Ware,178,32,"$200,000","$1,000,000","$88,000,000",
,W Ventures,https://wventuresllc.com/,Germany,"Berlin, Dortmund","Enterprise, Industrial, DTC, Cybersecurity, Healthcare, Transportation, Proptech & Real Estate, SaaS, Fintech, InsurTech, Supply Chain & Logistics, Media, Manufacturing, Energy, Marketing","Seed, Early Stage",2013,Jochen M. Wilms,37,7,,,,Info@wventures.de%20
,Walden Catalyst,https://waldencatalyst.com/,USA,San Francisco,"AI & ML, Deep Tech & Hard Science, Cloud, Biotech, Fintech","Seed, Early Stage, Late Stage",2021,"Lip-Bu Tan, Young Sohn",560,,"$1,000,000","$25,000,000","$3,500,000,000",
,Wavemaker Partners,https://wavemaker.vc,"USA, Singapore","Singapore, El Segundo","Consumer, Deep Tech & Hard Science, Enterprise, Media","Seed, Early Stage",2003,"David Siemer, Eric Manlunas, Paul Santos",489,58,"$150,000","$350,000","$446,500,000",info@wavemaker.vc
,Wellington Partners Venture Capital,https://wellington-partners.com/,Germany,"Munich, Zürich",Healthcare,"Seed, Series A, Series B",1998,Rolf Christof Dienst,225,57,"€2,000,000","€20,000,000","€1,100,000,000",businessplan@wellington-partners.com
,Western Technology Investment,https://westerntech.com,USA,Portola Valley,"Climate & Sustainability, Consumer, Education, Enterprise, Fintech, Food & Beverage, Hardware, Health & Wellness, Travel & Hospitality, Media, Gaming, Proptech & Real Estate, Social, Transportation, Future of Work, InsurTech, Infrastructure","Early Stage, Late Stage, Seed",1980,Ron Swenson,380,128,,,"$375,000,000",info@westerntech.com
,White Star Capital,https://whitestarcapital.com,"USA, Singapore, United Kingdom, France, Japan, China","New York, Singapore, London, Montréal, Paris, Tokyo, Hong Kong","Healthcare, Internet & Mobile, Fintech, SaaS, Marketplace, DTC, Mobility, Productivity","Seed, Late Stage, Series A, Series B",2007,Eric Martineau-Fortin,142,27,"$1,000,000","$6,000,000","$120,000,000",info@whitestarcapital.com
,Willmach,https://willmach.com,Denmark,Copenhagen,"E-Commerce, Consumer, SaaS, Enterprise, Healthcare","Early Stage, Pre-Seed, Seed, Series A",2018,Denis Fedoryaev,,,,"€500,000",,connect@willmach.com
,Willow Growth Partners,https://willowgrowth.com/,USA,Los Angeles,"Consumer, DTC, Health & Wellness, Food & Beverage",Early Stage,2020,"Deborah Benton, Amanda Schutzbank",30,1,"$750,000","$12,500,000","$28,000,000",hello@willowgrowth.com
,Wireframe Ventures,https://wireframevc.com,USA,San Francisco,"AI & ML, Automation, Climate & Sustainability, Healthcare","Seed, Pre-Seed",2016,"Paul Straub, Harsh Patel",29,4,"$500,000","$2,000,000",,info@wireframevc.com
,WISC Partners,https://wiscpartners.com/,USA,Madison,"Healthcare, Internet & Mobile, Industrial, Agriculture","Early Stage, Late Stage",2013,"Mike Splinter, David Guinther",11,1,"$5,000,000","$25,000,000",,
,Wollef,https://wollefvc.com/,Mexico,Mexico City,"Fintech, Supply Chain & Logistics, Food & Beverage, Proptech & Real Estate, SaaS, E-Commerce, Marketplace, Advertising, Healthcare",Early Stage,2013,"Cristóbal Perdomo, Eric Pérez-Grovas",32,3,,,"$35,000,000",info@wollefvc.com
,Workday Ventures,https://ventures.workday.com/,USA,San Francisco,"Consumer, Entertainment, Media, Marketplace, AI & ML, SaaS",Late Stage,2018,Mark Peek,84,16,,,"$250,000,000",
,World Fund,https://www.worldfund.vc/,Germany,Berlin,"Climate & Sustainability, Transportation, Manufacturing, Energy, Agriculture","Seed, Series A, Series B",2021,Tim Schumacher,6,,"€1,000,000","€3,000,000","€350,000,000",brightfuture@worldfund.vc
,World Innovation Lab (WiL),https://wilab.com/,"USA, Japan","Palo Alto, Tokyo","Enterprise, SaaS, Fintech, InsurTech, Automation, Productivity, Cloud, Cybersecurity, Developer Tools, Climate & Sustainability, Healthcare",Late Stage,2013,"Gen Isayama, Masataka Matsumoto, Shinichi Saijo",127,18,"$5,000,000","$30,000,000","$1,900,000,000",contact@wilab.com
,X21 Digital,https://x21digital.com/,Singapore,Singapore,Crypto & Blockchain,Any,2020,,51,0,,,"$3,800,000",admin@x21digital.com
,XAnge Capital Fund,https://www.xange.vc/,"France, Germany","Paris, Berlin, Munich","Deep Tech & Hard Science, Cybersecurity, Big Data & Analytics","Early Stage, Late Stage",2004,François De La Villardière,118,40,"€1,000,000","€10,000,000","€573,000,000",contact@xange.fr
,XFactor Ventures,https://www.xfactor.ventures/,USA,New York,"Deep Tech & Hard Science, Health & Wellness, Fintech, Consumer, DTC, E-Commerce","Seed, Pre-Seed",2017,"Anna Palmer, Aubrie Pagano, Chip Hazard, Danielle Morrill, Erica Brescia",74,3,"$100,000","$150,000","$11,600,000",hello@xfactor.ventures
,Xfund,https://www.xfund.com/,USA,"Cambridge, Palo Alto","AI & ML, Enterprise, Biotech, Consumer, Energy",Early Stage,2011,"Patrick Chung, Brandon Farewell",55,10,,,"$120,000,000",start@xfund.com
,XTech Ventures,https://xtech-ventures.co.jp,Japan,Tokyo,"Any, SaaS, AR & VR","Early Stage, Seed",2018,"Shinichi Saijo, Hiroki Teshima",50,1,"¥20,000,000","¥500,000,000",,info@xtechventures.com
,Y Combinator,https://ycombinator.com,USA,Mountain View,"Enterprise, SaaS, Big Data & Analytics, Productivity, DTC, Cybersecurity, Supply Chain & Logistics, Education, Consumer, Food & Beverage, Gaming, Future of Work, Social, Transportation, Travel & Hospitality, AR & VR, Healthcare, Health & Wellness, Biotech, Fintech, InsurTech, Industrial, Aerospace & Space, Climate & Sustainability, Robotics, Government Technology, Manufacturing, Infrastructure, Legal, Marketing, Agriculture, Automative, Energy","Seed, Early Stage, Pre-Seed, Series A",2005,"Jessica Livingston, Lucas Thomaz, Paul Graham, Raffaele Colella, Robert Morris, Trevor Blackwell",4469,444,"$500,000",,,info@ycombinator.com
,Y Soft Ventures,https://www.ysoft.com/en/company/about-y-soft/ysoft-ventures,"Czechia, Hungary, United Kingdom, France, USA, Israel, United Arab Emirates, China, Japan, Singapore, Australia","Brno, Budapest, London, Paris, Grapevine, Tel Aviv-Yafo, Dubai, Shanghai, Kōbe, Singapore, Sydney","Internet & Mobile, Cybersecurity, AR & VR, IoT, Big Data & Analytics","Early Stage, Seed",2016,"Václav Muchna, Martin De Martini",11,1,"$350,000","$2,000,000","$4,500,000",info@ysoft.com
,Yaletown Partners,https://yaletown.com/,Canada,"Vancouver, Calgary, Toronto, Montréal","AI & ML, IoT, SaaS","Series A, Late Stage, Series B",2001,"Hans Knapp, Steve Hnatiuk",75,19,"$2,000,000","$5,000,000","$110,000,000",info@yaletown.com
,YL Ventures,https://ylventures.com,USA,Tel Aviv-Yafo,"Cybersecurity, Enterprise, Crypto & Blockchain, IoT, Cloud","Seed, Early Stage",2007,"Yoav Andrew Leitersdorf, John G. Quigley",53,10,,,"$668,700,000",info@ylventures.com
,Ysios Capital,https://ysioscapital.com,Spain,"Barcelona, San Sebastián de los Reyes","Life Sciences, Biotech",Series A,2008,Joël Jean-Mairet,61,16,,"€20,000,000","€260,000,000",ysios@ysioscapital.com
,ZAKA Ventures,https://zaka.vc,"Czechia, Serbia, Germany, Slovakia, Slovenia, Bulgaria, Austria","Prague, Belgrade, Berlin, Bratislava, Ljubljana, Varna, Vienna",Fintech,"Pre-Seed, Seed",2019,Madis Alesmaa,20,,,,,hey@zaka.vc
,ZhenFund,https://en.zhenfund.com/,"China, USA","Beijing, Shanghai, Shenzhen, San Francisco","E-Commerce, Consumer, Education, AI & ML, Enterprise, Internet & Mobile, Media, Hardware, AR & VR, Fintech, Healthcare, Entertainment, Sports","Early Stage, Seed",2011,"Bob Xiaoping Xu, Victor Wang",762,51,"$250,000","$2,000,000","$1,000,000,000",dream@zhenfund.com
,Zigg Capital,https://ziggcap.com,USA,New York,"Proptech & Real Estate, Fintech",Early Stage,2018,Dave Eisenberg,46,1,,,"$225,000,000",hello@ziggcap.com
,Zino Growth Fund,https://www.zino.co.nz/growth-fund/,New Zealand,Auckland,"Internet & Mobile, Media, Climate & Sustainability, Biotech, Healthcare, Food & Beverage, Agriculture, Fintech","Series A, Series B",2016,James (Jimmy) Wu,7,1,"$1,000,000","$2,000,000",,info@zino.co.nz
,Zone Startups Ventures,https://ventures.zonestartups.com/,Vietnam,Ho Chi Minh City,"Internet & Mobile, Enterprise, SaaS",Seed,2018,Matt Saunders,11,,,,"$28,000,000",
,ZX Ventures,https://zx-ventures.com,USA,New York,"Climate & Sustainability, E-Commerce, Food & Beverage, AI & ML, DTC","Seed, Series A, Series B, Series C",2015,"Jeltsin Neckebroek, Mark Roberts",26,1,,"$4,000,000",,
,Super Capital,https://www.supercapital.vc/,France,Paris,"SaaS, E-Commerce, Marketplace, Consumer","Early Stage, Pre-Seed, Seed, Series A",2020,"Corentin Orsini, Thibaut Gimenez, Frédéric Bouleuc",160,,"€50,000","€300,000","€40,000,000",dealflow@supercapital.vc
,Unrest,https://www.unrest.world/,United Kingdom,London,"Consumer, DTC",Pre-Seed,2020,Orr Vinegold,,,,"£33,000",,be@unrest.world
,Banana Capital,https://www.bananacapital.vc/,USA,Ann Arbor,"Consumer, DTC, Social","Seed, Pre-Seed",2021,"Turner Novak, Olivia Deng",58,,"$250,000","$750,000",,turner@bananacapital.vc
,ABC Dream Ventures,http://adventures.co.jp/,Japan,Ōsaka,"Media, Entertainment, AR & VR","Early Stage, Growth, Late Stage",2015,Akihiro Ueda,34,,,,"¥1,800,000,000",contact@adventures.co.jp
,Alfabeat,https://alfabeat.com/,"Poland, Luxembourg","Gdańsk, Warsaw, Luxembourg","Enterprise, SaaS","Seed, Early Stage",2017,"Bartosz Lipnicki, Jan Wyrwiński",15,,"€250,000","€1,000,000",,info@alfabeat.com
,01 Ventures,https://www.01ventures.com/,"United Kingdom, Netherlands","London, Amsterdam","Deep Tech & Hard Science, Automation, Big Data & Analytics, AI & ML","Early Stage, Growth",2015,"Chris Haley, Correy Voo, Eeswaran Navaratnam, Ton van 't Noordende",3,1,,,,
,808 Ventures,https://www.808ventures.vc/,"USA, United Kingdom, Australia","Perth, San Francisco, London","AI & ML, Robotics, SaaS, Crypto & Blockchain, Industrial, Health & Wellness, Climate & Sustainability, Aerospace & Space, Proptech & Real Estate, Fintech","Seed, Series A, Growth",2016,"Gary Macbeth, Art Caisse",17,1,,"500,000",,
,4490 Ventures,http://4490ventures.com/,USA,Madison,"Crypto & Blockchain, SaaS, Enterprise",Early Stage,2014,Dan Malven,,,"$6,000,000","$10,000,000",,info@4490ventures.com
,Abies Venture,https://abies.vc/,Japan,"Tokyo, Kyōto",Deep Tech & Hard Science,Early Stage,2017,Fuyuki Yamaguchi,12,,,,"¥4,000,000,000",
,Act One Venture,https://actoneventures.com/,USA,Los Angeles,"E-Commerce, SaaS, Fintech","Pre-Seed, Seed",2016,Michael Silton,22,3,"$300,000","$1,000,000",,info@actoneventures.com
,Enlightenment Capital,https://enlightenment-cap.com/,USA,"Washington, Chevy Chase","Government Technology, Aerospace & Space",Late Stage,2012,Devin Talbott,56,17,"$5,000,000","$25,000,000","$477,000,000",info@enlightenment-cap.com
,iAngels,https://iangels.com,Israel,Tel Aviv-Yafo,"AR & VR, AI & ML, Crypto & Blockchain, Consumer, Cybersecurity, E-Commerce","Early Stage, Seed, Series A, Series B",2014,"Shelly Hod Moyal, Mor Assia, David Assia",100,24,,,"$16,300,000",contact@iangels.co
,Impact46,https://impact46.sa/,Saudi Arabia,Riyadh,"Supply Chain & Logistics, Fintech, Marketplace, Healthcare, DTC","Seed, Series A",2019,Abdulaziz Alomran,40,4,"SR500,000","SR7,000,000","SR24,000,000",info@impact46.sa
,Infravia Capital,https://infraviacapital.com,France,Paris,Government Technology,"Late Stage, Growth",2008,Vincent Levita,72,25,"€15,000,000","€50,000,000","€500,000,000",+33 (0)1 40 68 17 01
,Alven,https://alven.co/,France,Paris,"Marketplace, Productivity, Developer Tools, AI & ML, Consumer, Social, Entertainment, Fintech, Health & Wellness","Seed, Series A",2000,"Guillaume Aubin, Charles Letourneur",160,70,,"€15,000,000","€720,000,000",
,Chrysalis Capital,https://thechrysaliscapital.com,"Nigeria, USA, United Kingdom, India","Lagos, London, New York","Healthcare, Fintech, Enterprise","Early Stage, Seed, Series A",2019,Nichole Yembra,10,,,,,general@thechrysaliscapital.com
,CIP Capital,https://cip-capital.com,USA,New York,"Enterprise, Big Data & Analytics, Developer Tools, Healthcare, Education, Future of Work, Marketing","Late Stage, Growth",2010,Scott Marden,17,10,"$25,000","$125,000,000","$187,500,000",info@cip-capital.com
,Maya Capital,https://www.maya-cap.com/,Brazil,São Paulo,"Healthcare, InsurTech, Proptech & Real Estate, Fintech, Marketplace, SaaS, Food & Beverage, Supply Chain & Logistics, Internet & Mobile, E-Commerce, Education, AI & ML, Cybersecurity, Social, Crypto & Blockchain","Early Stage, Seed, Series A",2018,"Lara Lemann, Monica Saggioro",34,1,,,"£100,000,000",contact@maya.capital
,Novo Holdings,https://novoholdings.dk,"Denmark, USA, Singapore","Copenhagen, San Francisco, Boston, Singapore","Life Sciences, Biotech, Healthcare","Early Stage, Late Stage",1999,"Kasim Kutay, Lars Rebien Sørensen",117,55,,,"€12,800,000,000",cims@novo.dk
,Rhodium,https://www.rhodium.co.il/,Israel,Herẕliyya,"AI & ML, Internet & Mobile, Social, DTC","Early Stage, Seed",1999,Daniel Recanati,26,12,,,,startups@rhodium.co.il
,SAIF Partners,https://www.sbaif.com/,"Hong Kong, China","Hong Kong, Beijing, Shanghai","Healthcare, Consumer, Climate & Sustainability, SaaS","Early Stage, Late Stage, Seed",2001,Andrew Yan,153,57,"$10,000,000","$100,000,000","$1,100,000,000",info@sbaif.com
,Sentica Partners,https://sentica.fi/en/frontpage/,Finland,Helsinki,"Industrial, SaaS",Other,2004,Mika Uotila,119,56,"€10,000,000","€100,000,000","€500,000,000",+358 207 529610
,Soho Square,https://www.soho-sq.com/,United Kingdom,London,Media,"Growth, Late Stage",2015,"Stephen Edwards, Walid Fakhry",69,30,"£15,000,000","£40,000,000",,info@soho-sq.com
,Venture Wave Capital,https://venturewave.com,Ireland,Dublin,"Food & Beverage, Education, Health & Wellness, E-Commerce, Fintech, Cloud, SaaS, Climate & Sustainability",Early Stage,2018,"Brian Martin, Feargal Brady",,,"€1,000,000","€25,000,000",,info@venturewave.com
,Xyence Capital,https://xyence.com/,Italy,Milan,"Biotech, Healthcare, Life Sciences",Early Stage,2021,Sergio Buonanno,13,,,,"€205,000,000",info@xyence.vc
,First Minute Capital,https://www.firstminute.capital/,United Kingdom,London,"SaaS, Deep Tech & Hard Science, Climate & Sustainability, Crypto & Blockchain, Gaming, Consumer, Fintech, Healthcare, Food & Beverage, Proptech & Real Estate, E-Commerce, Enterprise, Open-Source",Seed,2017,"Brent Hoberman, Spencer Crawley",112,,"$250,000","$5,000,000","$320,000,000",team@firstminute.capital
,Flaspoint,https://flashpointvc.com/,United Kingdom,London,"Enterprise, SaaS",Series A,2012,"Michael Szalontay, Alex Konoplyasty",,,"$1,000,000","$4,000,000",,
,Picus Capital,https://www.picuscap.com/,"United Kingdom, USA, Germany, China","Beijing, New York, London, Berlin, Munich","Proptech & Real Estate, Fintech, Human Resources, Energy, Mobility, E-Commerce, Healthcare","Pre-Seed, Seed, Series A",2015,"Alexander Samwer, Jeremias Heinrich",110,,"$250,000","$750,000","$850,000,000",info@picuscap.com
,Cusp Capital,https://www.cuspcapital.com/,Germany,"Berlin, Essen","SaaS, Climate & Sustainability",Early Stage,2021,Christian Winter,60,6,,,"$361,000,000",
,Ride Home Fund,https://www.ridehomefund.com/,USA,Brooklyn,"Cybersecurity, AI & ML, Fintech, Crypto & Blockchain, Big Data & Analytics, Sports","Seed, Series A, Series B",2021,Brian McCullough,15,,"$50,000","$250,000",,brian@ridehomefund.com
,Red Rice Ventures,https://www.redriceventures.com/,United Kingdom,London,"Consumer, DTC","Seed, Series A",2018,Tom March,14,,"£250,000","£2,000,000","£50,000,000",info@redriceventures.com
,Access Ventures,https://accessvp.com/,USA,"Denver, Westminster","Proptech & Real Estate, Enterprise, Consumer, Cybersecurity, Human Resources, Productivity, E-Commerce, Deep Tech & Hard Science, Aerospace & Space, Automation, AI & ML","Seed, Series A",1999,Frank Mendicino III,,,"$200,000","$4,000,000","$65,000,000",
,Acronym VC,https://www.acronymvc.com/,USA,"Palm Beach Gardens, New York","SaaS, Travel & Hospitality, DTC, Productivity, Enterprise, Fintech, Proptech & Real Estate, Food & Beverage",Series A,2019,"Joshua B. Siegel, Mat Kaliski",15,,,,,
,Activate Venture Partners,https://www.activatevp.com/,USA,"New York, Bethlehem","Healthcare, Fintech, Enterprise, SaaS, Cloud","Series A, Late Stage",2017,"Todd T. Pietri, Glen Bressner",,52,"$750,000","$3,000,000","$300,000,000",+1 (212) 223-7400
,Addventure,https://addventure.vc/,Cyprus,Limassol,"Marketplace, SaaS, Legal, Food & Beverage, Healthcare","Series A, Seed",2008,Max Medvedev,23,5,"$1,000,000","$10,000,000",,apply@addventure.vc
,Ault Krug Ventures,https://aultkrug.com/,USA,San Francisco,"Fintech, Biotech, Healthcare, Food & Beverage, SaaS","Pre-Seed, Early Stage",2015,"Joey Krug, J. Henry Ault",15,,"$100,000","$1,000,000",,contact@aultkrug.com
,Base Ventures,https://www.base.ventures/,USA,San Francisco,"Consumer, Enterprise, Robotics, Cloud, AI & ML, Supply Chain & Logistics, Manufacturing, Industrial","Seed, Pre-Seed, Series A",2010,"Erik Moore, Kirby Harris",136,13,,,"$1,600,000,000",hello@base.ventures
,Basinghall Partners,https://www.basinghallpartners.com/,"United Kingdom, Germany, Portugal, Luxembourg","Luxembourg, London, Munich, Lisbon","Supply Chain & Logistics, Big Data & Analytics, Marketing, IoT, AI & ML, Robotics, Crypto & Blockchain, Cybersecurity, AR & VR",Early Stage,2017,"Andrew Irvine, Ginette Oebel",,,"€500,000","€5,000,000",,hello@basinghallpartners.com
,Auriga Partners,https://www.aurigapartners.com/en/home/,France,Paris,"Life Sciences, Biotech, Consumer, Cybersecurity, SaaS","Early Stage, Late Stage",1998,Jacques Chatin,120,50,,,,auriga@aurigapartners.com
,Alive,https://alivevc.com/,Egypt,Tel Aviv-Yafo,"Life Sciences, Healthcare, AI & ML","Late Stage, Growth",2020,"Rafael Beyar, Michel Habib, Dudi KleinAri Shamiss",,,,,"$150,000,000",info@alivevc.com
,Almaz Capital,https://almazcapital.com/,"USA, Germany","San Francisco, Berlin","AI & ML, Big Data & Analytics, Automation, Fintech, Mobility, Gaming, Robotics, Cloud","Early Stage, Series A",2008,"Alexander Galitsky, Peter Loukianoff, Charles Emmitt Ryan, Geoffrey Baehr ",50,18,"$1,000,000","$10,000,000","$411,000,000",presentations@almazcapital.com
,Bull City Venture Partners,https://www.bcvp.com/,USA,Durham,"SaaS, Internet & Mobile, Healthcare, E-Commerce","Seed, Early Stage",2012,"Jason Caplain, David Jones",,18,"$250,000","$2,000,000",,jason@bcvp.com
,Bedrock,https://www.bedrockcap.com/,USA,,"AI & ML, Fintech, API, Human Resources, Healthcare, SaaS, Enterprise, Big Data & Analytics","Series A, Series B, Series C",2018,"Geoff Lewis, Eric Stromberg",40,,"$5,000,000","$50,000,000",,sid@bedrockcap.com
,Betaworks Venture,https://betaworksventures.com/,USA,"New York, San Francisco","AR & VR, SaaS","Pre-Seed, Seed",2018,John Borthwick,150,,"$100,000","$500,000","$51,000,000",
,Blackfin Tech,https://www.blackfin-tech.com/,"France, Belgium, Germany","Paris, Brussels, Frankfurt","Fintech, InsurTech","Late Stage, Series A, Series B, Series C",2016,"Paul Mizrahi, Eric May, Bruno Rostain, Laurent Bouyoux",,,"€1,000,000","€30,000,000","€530,000,000",
,Brand Project,https://brandproject.com/,"Canada, USA","Toronto, New York","Consumer, DTC, Health & Wellness, Food & Beverage, Marketplace, Supply Chain & Logistics","Pre-Seed, Seed, Series A",2013,"Andrew Black, Andrew Bridge, Jay Bhatti",27,6,"$500,000","$5,000,000",,ideas@brandproject.com
,Bread & Butter Ventures,https://www.breadandbutterventures.com/,USA,Minneapolis,"Agriculture, Food & Beverage, Healthcare, Enterprise, SaaS",Seed,2017,"Brett Brohl, Mary Grove",45,1,,,"$36,500,000",hello@breadandbutterventures.com
,Breega,https://www.breega.com/,"United Kingdom, France, Spain","London, Paris, Barcelona","Advertising, Agriculture, Consumer, Cybersecurity, Fintech, Hardware, Healthcare, IoT, Human Resources, InsurTech, Supply Chain & Logistics, Marketing, Productivity, Mobility, Proptech & Real Estate, Quantum Computing","Seed, Early Stage, Series A",2013,"Ben Marrel, François Paulus, Maximilian Bacot",65,6,"€500,000","€15,000,000","€465,000,000",
,Bullish,http://bullish.co/,USA,"New York, Denver, Stamford, Portland","Consumer, DTC, Food & Beverage, Health & Wellness","Pre-Seed, Seed, Series A",2015,Michael Duda,30,,,,,c.diem@bullish.co
,B-value,https://bvalue.vc/,Poland,"Kraków, Warsaw","Marketplace, AI & ML, Proptech & Real Estate, E-Commerce, SaaS, Gaming, Marketing, Human Resources, API","Seed, Growth",2016,Maciej Balsewicz,28,10,"€200,000","€1,000,000","€100,000,000",pitch@bvalue.com
,C4 Ventures,https://c4v.com/home/,"United Kingdom, France","London, Paris","Hardware, DTC, Media, Future of Work","Series A, Growth, Late Stage",2014,Pascal Cagni,40,9,"€3,000,000","€4,000,000",,hello@c4v.com
,Capnamic,https://capnamic.com/,Germany,"Cologne, Berlin, Munich","Enterprise, SaaS, Robotics, Proptech & Real Estate, Mobility, Marketplace, Supply Chain & Logistics, InsurTech, Human Resources, Fintech, Education, Big Data & Analytics, Advertising","Pre-Seed, Seed, Series A",2013,"Jörg Binnenbrücker, Christian Siegele",49,6,"€500,000","€4,000,000","€305,000,000",info@capnamic.com
,Catalyst Investor,https://catalyst.com/,USA,New York,"Enterprise, SaaS, Cloud, Big Data & Analytics",Growth,1999,"Brian Rich, Ryan McNally",,15,"$10,000,000","$20,000,000",,
,CE Venture Capital,http://ce.ventures/,"Canada, China","Vancouver, Calgary, Hangzhou","Climate & Sustainability, Biotech, AI & ML, Smart Cities",Late Stage,2017,Bruce Hong,,,,,,
,Citizen Capital,https://www.citizencapital.fr/,France,Paris,"Healthcare, Fintech, Food & Beverage, Proptech & Real Estate, Education, Future of Work, Energy, Climate & Sustainability","Seed, Series A, Growth",2008,"Laurence Méhaignerie, Pierre-Olivier Barennes",21,2,"€500,000","€12,000,000",,contact@citizencapital.fr
,Commerce VC,https://commerce.vc/,USA,San Francisco,"Fintech, Consumer, InsurTech, Retailtech","Seed, Series A",2013,Dan Rosen,79,12,,,,startups@commerce.vc
,Companyon Ventures,https://companyon.vc/,USA,Boston,"Enterprise, SaaS","Series A, Seed",2016,"Tom Lazay, Firas Raouf",19,4,"$2,000,000","$6,000,000",,pitches@companyon.vc.
,Contour Venture Partners,https://www.contourventures.com/,USA,New York,"Enterprise, SaaS, Fintech, Big Data & Analytics, Media","Seed, Early Stage",2005,"Matt Gorin, Bob Greene",78,25,"$500,000","$1,500,000","$267,000,000",businessplan@contourventures.com
,Coral Capital,https://coralcap.co/?lang=en,Japan,Tokyo,"SaaS, InsurTech, Fintech, Healthcare, Deep Tech & Hard Science, Robotics","Early Stage, Pre-Seed, Seed, Series A",2019,"James Riney, Yohei Sawayama",80,,"$500,000","$5,000,000","$275,000,000",contact@coralcap.co
,Correlation Ventures,https://correlationvc.com/,USA,"San Francisco, San Diego, New York","Aerospace & Space, Biotech, Consumer, Healthcare, Hardware, Energy, Fintech, Industrial, Proptech & Real Estate, SaaS","Seed, Series A, Growth",2006,"Trevor Kienzle, David Coats",190,38,"$100,000","$4,000,000","$360,000,000",david@correlationvc.com
,CP Ventures,https://cp.ventures/,Australia,Sydney,"Industrial, SaaS, Productivity, Biotech, Consumer, Education, Agriculture","Pre-Seed, Seed",2018,"Emlyn Scott, Chris Sang",,,"AU$250,000","AU$2,000,000",,contact@cp.ventures
,Day One Capital,https://www.dayonecapital.com/,Hungary,Budapest,"Consumer, Gaming, Social, Healthcare, Robotics, SaaS, Cloud","Seed, Series A",2011,"Elek Straub, Csaba Kákosy, György Simó",27,8,"€300,000","€1,500,000","€34,000,000",